solid Created by Gmsh
facet normal 0 0 1
  outer loop
    vertex 0.145947578727141 0.1118533381607751 -0.4
    vertex 0.2687005765050676 0.1212994233271109 -0.4
    vertex 0.206290880308444 0.1967997200270501 -0.4
  endloop
endfacet
facet normal 0 0 1
  outer loop
    vertex 0.1364384470001906 -0.298571484468278 -0.4
    vertex 0.130868992434249 -0.1914732528839505 -0.4
    vertex 0.04676810764405041 -0.2427462349388118 -0.4
  endloop
endfacet
facet normal 0 0 1
  outer loop
    vertex 0.3290896531602238 0.2000000004812726 -0.4
    vertex 0.2687005762354334 0.2787005774663427 -0.4
    vertex 0.206290880308444 0.1967997200270501 -0.4
  endloop
endfacet
facet normal 0 -0 1
  outer loop
    vertex 0.2687005765050676 0.1212994233271109 -0.4
    vertex 0.3290896531602238 0.2000000004812726 -0.4
    vertex 0.206290880308444 0.1967997200270501 -0.4
  endloop
endfacet
facet normal 0 0 1
  outer loop
    vertex 0.2687005765050676 0.1212994233271109 -0.4
    vertex 0.145947578727141 0.1118533381607751 -0.4
    vertex 0.2104859981310983 0.0515033839585128 -0.4
  endloop
endfacet
facet normal 0 0 1
  outer loop
    vertex -0.2850000000001898 -0.39 -0.4
    vertex -0.190000000000423 -0.39 -0.4
    vertex -0.2200939233634195 -0.2962601745528037 -0.4
  endloop
endfacet
facet normal 0 -0 1
  outer loop
    vertex -0.2850000000001898 -0.39 -0.4
    vertex -0.2200939233634195 -0.2962601745528037 -0.4
    vertex -0.3072478360776404 -0.3160104442736471 -0.4
  endloop
endfacet
facet normal 0 0 1
  outer loop
    vertex -0.03756315968930181 -0.1903509690551108 -0.4
    vertex -0.04392146229653815 -0.3031270907865621 -0.4
    vertex 0.04676810764405041 -0.2427462349388118 -0.4
  endloop
endfacet
facet normal 0 0 1
  outer loop
    vertex 0.130868992434249 -0.1914732528839505 -0.4
    vertex 0.04728582841655049 -0.1419978406995454 -0.4
    vertex 0.04676810764405041 -0.2427462349388118 -0.4
  endloop
endfacet
facet normal 0 0 1
  outer loop
    vertex 0.2104859981310983 0.0515033839585128 -0.4
    vertex 0.2100618924502141 -0.03703331765893397 -0.4
    vertex 0.2976873182460952 0.04011752780206121 -0.4
  endloop
endfacet
facet normal 0 -0 1
  outer loop
    vertex -0.04392146229653815 -0.3031270907865621 -0.4
    vertex -0.03756315968930181 -0.1903509690551108 -0.4
    vertex -0.1270607339608138 -0.2391393304950968 -0.4
  endloop
endfacet
facet normal -0 0 1
  outer loop
    vertex 0.2100618924502141 -0.03703331765893397 -0.4
    vertex 0.2975576912138568 -0.05384895084641762 -0.4
    vertex 0.2976873182460952 0.04011752780206121 -0.4
  endloop
endfacet
facet normal 0 -0 1
  outer loop
    vertex -0.1329398162031437 0.1700453891060062 -0.4
    vertex -0.1095489049092267 0.2728911738688755 -0.4
    vertex -0.1884423862062699 0.2535784425993781 -0.4
  endloop
endfacet
facet normal 0 0 1
  outer loop
    vertex 0.2921796389443647 -0.2306875762134723 -0.4
    vertex 0.223237426947084 -0.1388200284584132 -0.4
    vertex 0.2040728701718214 -0.2336718343150783 -0.4
  endloop
endfacet
facet normal 0 0 1
  outer loop
    vertex 0.223237426947084 -0.1388200284584132 -0.4
    vertex 0.2921796389443647 -0.2306875762134723 -0.4
    vertex 0.3145949514210611 -0.1406713111038271 -0.4
  endloop
endfacet
facet normal 0 0 1
  outer loop
    vertex -0.1095489049092267 0.2728911738688755 -0.4
    vertex -0.1329398162031437 0.1700453891060062 -0.4
    vertex -0.03644265680171931 0.207076342757902 -0.4
  endloop
endfacet
facet normal 0 0 1
  outer loop
    vertex 0.130868992434249 -0.1914732528839505 -0.4
    vertex 0.1364384470001906 -0.298571484468278 -0.4
    vertex 0.2040728701718214 -0.2336718343150783 -0.4
  endloop
endfacet
facet normal 0 0 1
  outer loop
    vertex 0.04728582841655049 -0.1419978406995454 -0.4
    vertex -0.03756315968930181 -0.1903509690551108 -0.4
    vertex 0.04676810764405041 -0.2427462349388118 -0.4
  endloop
endfacet
facet normal 0 0 1
  outer loop
    vertex 0.2975576912138568 -0.05384895084641762 -0.4
    vertex 0.223237426947084 -0.1388200284584132 -0.4
    vertex 0.3145949514210611 -0.1406713111038271 -0.4
  endloop
endfacet
facet normal 0 -0 1
  outer loop
    vertex 0.223237426947084 -0.1388200284584132 -0.4
    vertex 0.2975576912138568 -0.05384895084641762 -0.4
    vertex 0.2100618924502141 -0.03703331765893397 -0.4
  endloop
endfacet
facet normal -0 0 1
  outer loop
    vertex -0.2335460812815924 0.1878004073821702 -0.4
    vertex -0.1329398162031437 0.1700453891060062 -0.4
    vertex -0.1884423862062699 0.2535784425993781 -0.4
  endloop
endfacet
facet normal 0 0 1
  outer loop
    vertex 0.1364384470001906 -0.298571484468278 -0.4
    vertex 0.04676810764405041 -0.2427462349388118 -0.4
    vertex 0.04704072747775886 -0.3266226219532143 -0.4
  endloop
endfacet
facet normal 0 0 1
  outer loop
    vertex -0.1329398162031437 0.1700453891060062 -0.4
    vertex -0.2335460812815924 0.1878004073821702 -0.4
    vertex -0.2096174765231985 0.1010984868201467 -0.4
  endloop
endfacet
facet normal -0 0 1
  outer loop
    vertex 0.1364384470001906 -0.298571484468278 -0.4
    vertex 0.2376398455332184 -0.3088068295512776 -0.4
    vertex 0.2040728701718214 -0.2336718343150783 -0.4
  endloop
endfacet
facet normal 0 0 1
  outer loop
    vertex -1.772083665409805e-09 0.39 -0.4
    vertex -0.09835123856973214 0.3770518136064712 -0.4
    vertex -0.02305648953208047 0.300048742888619 -0.4
  endloop
endfacet
facet normal 0 0 1
  outer loop
    vertex -0.09835123856973214 0.3770518136064712 -0.4
    vertex -0.1095489049092267 0.2728911738688755 -0.4
    vertex -0.02305648953208047 0.300048742888619 -0.4
  endloop
endfacet
facet normal 0 0 1
  outer loop
    vertex -0.2081135032871611 -0.1879613890680885 -0.4
    vertex -0.2958863132054834 -0.2352316462026898 -0.4
    vertex -0.2200939233634195 -0.2962601745528037 -0.4
  endloop
endfacet
facet normal 0 0 1
  outer loop
    vertex -0.2079278277934816 -0.08970079368182564 -0.4
    vertex -0.2081135032871611 -0.1879613890680885 -0.4
    vertex -0.1232078104253431 -0.139596580578572 -0.4
  endloop
endfacet
facet normal 0 0 1
  outer loop
    vertex -0.29414881942113 -0.1390816273842972 -0.4
    vertex -0.2958863132054834 -0.2352316462026898 -0.4
    vertex -0.2081135032871611 -0.1879613890680885 -0.4
  endloop
endfacet
facet normal -0 0 1
  outer loop
    vertex -0.38 -0.1899999999994743 -0.4
    vertex -0.2958863132054834 -0.2352316462026898 -0.4
    vertex -0.29414881942113 -0.1390816273842972 -0.4
  endloop
endfacet
facet normal 0 0 1
  outer loop
    vertex -0.1220425834306945 -0.04058043988592003 -0.4
    vertex -0.2079278277934816 -0.08970079368182564 -0.4
    vertex -0.1232078104253431 -0.139596580578572 -0.4
  endloop
endfacet
facet normal 0 0 1
  outer loop
    vertex -0.1270607339608138 -0.2391393304950968 -0.4
    vertex -0.03756315968930181 -0.1903509690551108 -0.4
    vertex -0.1232078104253431 -0.139596580578572 -0.4
  endloop
endfacet
facet normal 0 0 1
  outer loop
    vertex -0.2081135032871611 -0.1879613890680885 -0.4
    vertex -0.2200939233634195 -0.2962601745528037 -0.4
    vertex -0.1270607339608138 -0.2391393304950968 -0.4
  endloop
endfacet
facet normal -0 0 1
  outer loop
    vertex -0.2081135032871611 -0.1879613890680885 -0.4
    vertex -0.1270607339608138 -0.2391393304950968 -0.4
    vertex -0.1232078104253431 -0.139596580578572 -0.4
  endloop
endfacet
facet normal 0 0 1
  outer loop
    vertex 0.04728582841655049 -0.1419978406995454 -0.4
    vertex -0.03653905439060572 -0.08984656128539048 -0.4
    vertex -0.03756315968930181 -0.1903509690551108 -0.4
  endloop
endfacet
facet normal 0 0 1
  outer loop
    vertex -0.38 -0.1899999999994743 -0.4
    vertex -0.38 -0.2899999999997344 -0.4
    vertex -0.2958863132054834 -0.2352316462026898 -0.4
  endloop
endfacet
facet normal 0 -0 1
  outer loop
    vertex 0.38 -0.2900000000002738 -0.4
    vertex 0.38 -0.1900000000005532 -0.4
    vertex 0.2921796389443647 -0.2306875762134723 -0.4
  endloop
endfacet
facet normal 0 0 1
  outer loop
    vertex -0.2933376615554572 -0.04103523913029988 -0.4
    vertex -0.29414881942113 -0.1390816273842972 -0.4
    vertex -0.2079278277934816 -0.08970079368182564 -0.4
  endloop
endfacet
facet normal 0 0 1
  outer loop
    vertex -0.03653905439060572 -0.08984656128539048 -0.4
    vertex -0.1220425834306945 -0.04058043988592003 -0.4
    vertex -0.1232078104253431 -0.139596580578572 -0.4
  endloop
endfacet
facet normal 0 0 1
  outer loop
    vertex -0.2079278277934816 -0.08970079368182564 -0.4
    vertex -0.29414881942113 -0.1390816273842972 -0.4
    vertex -0.2081135032871611 -0.1879613890680885 -0.4
  endloop
endfacet
facet normal 0 0 1
  outer loop
    vertex 0.04855458968019853 -0.04060251810128762 -0.4
    vertex -0.03653905439060572 -0.08984656128539048 -0.4
    vertex 0.04728582841655049 -0.1419978406995454 -0.4
  endloop
endfacet
facet normal 0 0 1
  outer loop
    vertex -0.38 0.01 -0.4
    vertex -0.38 -0.08999999999976739 -0.4
    vertex -0.2933376615554572 -0.04103523913029988 -0.4
  endloop
endfacet
facet normal 0 0 1
  outer loop
    vertex 0.1314565582033173 -0.09037563725535948 -0.4
    vertex 0.04728582841655049 -0.1419978406995454 -0.4
    vertex 0.130868992434249 -0.1914732528839505 -0.4
  endloop
endfacet
facet normal 0 0 1
  outer loop
    vertex -0.2933376615554572 -0.04103523913029988 -0.4
    vertex -0.38 -0.08999999999976739 -0.4
    vertex -0.29414881942113 -0.1390816273842972 -0.4
  endloop
endfacet
facet normal 0 0 1
  outer loop
    vertex -0.03654280219944146 0.008708426811520497 -0.4
    vertex -0.1220425834306945 -0.04058043988592003 -0.4
    vertex -0.03653905439060572 -0.08984656128539048 -0.4
  endloop
endfacet
facet normal 0 0 1
  outer loop
    vertex -0.38 -0.08999999999976739 -0.4
    vertex -0.38 -0.1899999999994743 -0.4
    vertex -0.29414881942113 -0.1390816273842972 -0.4
  endloop
endfacet
facet normal -0 0 1
  outer loop
    vertex -0.2933376615554572 -0.04103523913029988 -0.4
    vertex -0.2079278277934816 -0.08970079368182564 -0.4
    vertex -0.207272671136633 0.008074668841429282 -0.4
  endloop
endfacet
facet normal 0 -0 1
  outer loop
    vertex -0.03756315968930181 -0.1903509690551108 -0.4
    vertex -0.03653905439060572 -0.08984656128539048 -0.4
    vertex -0.1232078104253431 -0.139596580578572 -0.4
  endloop
endfacet
facet normal 0 -0 1
  outer loop
    vertex 0.38 -0.09000000000027936 -0.4
    vertex 0.38 0.01 -0.4
    vertex 0.2975576912138568 -0.05384895084641762 -0.4
  endloop
endfacet
facet normal 0 0 1
  outer loop
    vertex -0.03654280219944146 0.008708426811520497 -0.4
    vertex -0.03653905439060572 -0.08984656128539048 -0.4
    vertex 0.04855458968019853 -0.04060251810128762 -0.4
  endloop
endfacet
facet normal 0 0 1
  outer loop
    vertex -0.207272671136633 0.008074668841429282 -0.4
    vertex -0.2079278277934816 -0.08970079368182564 -0.4
    vertex -0.1220425834306945 -0.04058043988592003 -0.4
  endloop
endfacet
facet normal 0 0 1
  outer loop
    vertex 0.04904166550140156 0.05831119370869275 -0.4
    vertex 0.04855458968019853 -0.04060251810128762 -0.4
    vertex 0.134519137063605 0.008827985593572715 -0.4
  endloop
endfacet
facet normal 0 0 1
  outer loop
    vertex -0.2687005775054031 0.278700576196373 -0.4
    vertex -0.3290896537402555 0.1999999994766283 -0.4
    vertex -0.2335460812815924 0.1878004073821702 -0.4
  endloop
endfacet
facet normal 0 0 1
  outer loop
    vertex -0.09835123856973214 0.3770518136064712 -0.4
    vertex -0.1900000010616663 0.3390896528251333 -0.4
    vertex -0.1095489049092267 0.2728911738688755 -0.4
  endloop
endfacet
facet normal 0 0 1
  outer loop
    vertex 0.04855458968019853 -0.04060251810128762 -0.4
    vertex 0.04728582841655049 -0.1419978406995454 -0.4
    vertex 0.1314565582033173 -0.09037563725535948 -0.4
  endloop
endfacet
facet normal 0 0 1
  outer loop
    vertex 0.1899999990090995 0.3390896540101834 -0.4
    vertex 0.09835123569472656 0.3770518143768266 -0.4
    vertex 0.1112994221167109 0.2787005769978231 -0.4
  endloop
endfacet
facet normal 0 -0 1
  outer loop
    vertex -0.03637608510004132 0.1076768712213546 -0.4
    vertex 0.04822822228387352 0.1554618192106691 -0.4
    vertex -0.03644265680171931 0.207076342757902 -0.4
  endloop
endfacet
facet normal -0 0 1
  outer loop
    vertex 0.04855458968019853 -0.04060251810128762 -0.4
    vertex 0.1314565582033173 -0.09037563725535948 -0.4
    vertex 0.134519137063605 0.008827985593572715 -0.4
  endloop
endfacet
facet normal 0 -0 1
  outer loop
    vertex -0.1213598312976289 0.05705209236735138 -0.4
    vertex -0.03637608510004132 0.1076768712213546 -0.4
    vertex -0.1329398162031437 0.1700453891060062 -0.4
  endloop
endfacet
facet normal -0 0 1
  outer loop
    vertex -0.03637608510004132 0.1076768712213546 -0.4
    vertex 0.04904166550140156 0.05831119370869275 -0.4
    vertex 0.04822822228387352 0.1554618192106691 -0.4
  endloop
endfacet
facet normal -0 0 1
  outer loop
    vertex -0.1329398162031437 0.1700453891060062 -0.4
    vertex -0.03637608510004132 0.1076768712213546 -0.4
    vertex -0.03644265680171931 0.207076342757902 -0.4
  endloop
endfacet
facet normal 0 0 1
  outer loop
    vertex 0.04822822228387352 0.1554618192106691 -0.4
    vertex 0.04904166550140156 0.05831119370869275 -0.4
    vertex 0.145947578727141 0.1118533381607751 -0.4
  endloop
endfacet
facet normal 0 0 1
  outer loop
    vertex 0.1314565582033173 -0.09037563725535948 -0.4
    vertex 0.130868992434249 -0.1914732528839505 -0.4
    vertex 0.223237426947084 -0.1388200284584132 -0.4
  endloop
endfacet
facet normal 0 0 1
  outer loop
    vertex 0.3670518139329518 0.1083512373512899 -0.4
    vertex 0.3290896531602238 0.2000000004812726 -0.4
    vertex 0.2687005765050676 0.1212994233271109 -0.4
  endloop
endfacet
facet normal -0 0 1
  outer loop
    vertex -0.207272671136633 0.008074668841429282 -0.4
    vertex -0.1220425834306945 -0.04058043988592003 -0.4
    vertex -0.1213598312976289 0.05705209236735138 -0.4
  endloop
endfacet
facet normal -0 0 1
  outer loop
    vertex -0.1213598312976289 0.05705209236735138 -0.4
    vertex -0.03654280219944146 0.008708426811520497 -0.4
    vertex -0.03637608510004132 0.1076768712213546 -0.4
  endloop
endfacet
facet normal 0 0 1
  outer loop
    vertex -0.03654280219944146 0.008708426811520497 -0.4
    vertex 0.04904166550140156 0.05831119370869275 -0.4
    vertex -0.03637608510004132 0.1076768712213546 -0.4
  endloop
endfacet
facet normal 0 0 1
  outer loop
    vertex -0.1213598312976289 0.05705209236735138 -0.4
    vertex -0.1220425834306945 -0.04058043988592003 -0.4
    vertex -0.03654280219944146 0.008708426811520497 -0.4
  endloop
endfacet
facet normal -0 0 1
  outer loop
    vertex -0.03654280219944146 0.008708426811520497 -0.4
    vertex 0.04855458968019853 -0.04060251810128762 -0.4
    vertex 0.04904166550140156 0.05831119370869275 -0.4
  endloop
endfacet
facet normal 0 0 1
  outer loop
    vertex 0.145947578727141 0.1118533381607751 -0.4
    vertex 0.04904166550140156 0.05831119370869275 -0.4
    vertex 0.134519137063605 0.008827985593572715 -0.4
  endloop
endfacet
facet normal 0 0 1
  outer loop
    vertex -0.09500000000069952 -0.39 -0.4
    vertex -9.69946345463768e-13 -0.39 -0.4
    vertex -0.04392146229653815 -0.3031270907865621 -0.4
  endloop
endfacet
facet normal 0 0 1
  outer loop
    vertex 0.09499999999927453 -0.39 -0.4
    vertex 0.1899999999995236 -0.39 -0.4
    vertex 0.1364384470001906 -0.298571484468278 -0.4
  endloop
endfacet
facet normal -0 0 1
  outer loop
    vertex -0.38 0.01 -0.4
    vertex -0.2933376615554572 -0.04103523913029988 -0.4
    vertex -0.2898147621595226 0.05305059659463455 -0.4
  endloop
endfacet
facet normal 0 0 1
  outer loop
    vertex -0.3670518140672614 0.1083512368500395 -0.4
    vertex -0.38 0.01 -0.4
    vertex -0.2898147621595226 0.05305059659463455 -0.4
  endloop
endfacet
facet normal 0 0 1
  outer loop
    vertex -0.2200939233634195 -0.2962601745528037 -0.4
    vertex -0.190000000000423 -0.39 -0.4
    vertex -0.1341647584592421 -0.3219659603189328 -0.4
  endloop
endfacet
facet normal 0 0 1
  outer loop
    vertex -0.38 -0.39 -0.4
    vertex -0.2850000000001898 -0.39 -0.4
    vertex -0.3072478360776404 -0.3160104442736471 -0.4
  endloop
endfacet
facet normal 0 0 1
  outer loop
    vertex 0.04676810764405041 -0.2427462349388118 -0.4
    vertex -0.04392146229653815 -0.3031270907865621 -0.4
    vertex 0.04704072747775886 -0.3266226219532143 -0.4
  endloop
endfacet
facet normal 0 0 1
  outer loop
    vertex -0.38 -0.2899999999997344 -0.4
    vertex -0.38 -0.39 -0.4
    vertex -0.3072478360776404 -0.3160104442736471 -0.4
  endloop
endfacet
facet normal -0 0 1
  outer loop
    vertex -0.1095489049092267 0.2728911738688755 -0.4
    vertex -0.03644265680171931 0.207076342757902 -0.4
    vertex -0.02305648953208047 0.300048742888619 -0.4
  endloop
endfacet
facet normal 0 0 1
  outer loop
    vertex -0.2200939233634195 -0.2962601745528037 -0.4
    vertex -0.2958863132054834 -0.2352316462026898 -0.4
    vertex -0.3072478360776404 -0.3160104442736471 -0.4
  endloop
endfacet
facet normal 0 0 1
  outer loop
    vertex 0.1364384470001906 -0.298571484468278 -0.4
    vertex 0.1899999999995236 -0.39 -0.4
    vertex 0.2376398455332184 -0.3088068295512776 -0.4
  endloop
endfacet
facet normal 0 0 1
  outer loop
    vertex -0.1213598312976289 0.05705209236735138 -0.4
    vertex -0.1329398162031437 0.1700453891060062 -0.4
    vertex -0.2096174765231985 0.1010984868201467 -0.4
  endloop
endfacet
facet normal 0 0 1
  outer loop
    vertex 0.2921796389443647 -0.2306875762134723 -0.4
    vertex 0.38 -0.1900000000005532 -0.4
    vertex 0.3145949514210611 -0.1406713111038271 -0.4
  endloop
endfacet
facet normal 0 0 1
  outer loop
    vertex 0.38 -0.09000000000027936 -0.4
    vertex 0.2975576912138568 -0.05384895084641762 -0.4
    vertex 0.3145949514210611 -0.1406713111038271 -0.4
  endloop
endfacet
facet normal 0 0 1
  outer loop
    vertex 0.1899999999995236 -0.39 -0.4
    vertex 0.2849999999997564 -0.39 -0.4
    vertex 0.2376398455332184 -0.3088068295512776 -0.4
  endloop
endfacet
facet normal 0 0 1
  outer loop
    vertex -0.2933376615554572 -0.04103523913029988 -0.4
    vertex -0.207272671136633 0.008074668841429282 -0.4
    vertex -0.2898147621595226 0.05305059659463455 -0.4
  endloop
endfacet
facet normal -0 0 1
  outer loop
    vertex 0.1314565582033173 -0.09037563725535948 -0.4
    vertex 0.223237426947084 -0.1388200284584132 -0.4
    vertex 0.2100618924502141 -0.03703331765893397 -0.4
  endloop
endfacet
facet normal 0 0 1
  outer loop
    vertex 0.1112994221167109 0.2787005769978231 -0.4
    vertex 0.1222736888264036 0.2085807593703597 -0.4
    vertex 0.1806814481006784 0.2669860242936146 -0.4
  endloop
endfacet
facet normal -0 0 1
  outer loop
    vertex -0.2898147621595226 0.05305059659463455 -0.4
    vertex -0.207272671136633 0.008074668841429282 -0.4
    vertex -0.2096174765231985 0.1010984868201467 -0.4
  endloop
endfacet
facet normal 0 0 1
  outer loop
    vertex -0.04392146229653815 -0.3031270907865621 -0.4
    vertex -0.1270607339608138 -0.2391393304950968 -0.4
    vertex -0.1341647584592421 -0.3219659603189328 -0.4
  endloop
endfacet
facet normal 0 -0 1
  outer loop
    vertex 0.206290880308444 0.1967997200270501 -0.4
    vertex 0.2687005762354334 0.2787005774663427 -0.4
    vertex 0.1806814481006784 0.2669860242936146 -0.4
  endloop
endfacet
facet normal 0 -0 1
  outer loop
    vertex 0.145947578727141 0.1118533381607751 -0.4
    vertex 0.206290880308444 0.1967997200270501 -0.4
    vertex 0.1222736888264036 0.2085807593703597 -0.4
  endloop
endfacet
facet normal 0 0 1
  outer loop
    vertex -0.04392146229653815 -0.3031270907865621 -0.4
    vertex -9.69946345463768e-13 -0.39 -0.4
    vertex 0.04704072747775886 -0.3266226219532143 -0.4
  endloop
endfacet
facet normal 0 -0 1
  outer loop
    vertex 0.09499999999927453 -0.39 -0.4
    vertex 0.1364384470001906 -0.298571484468278 -0.4
    vertex 0.04704072747775886 -0.3266226219532143 -0.4
  endloop
endfacet
facet normal 0 -0 1
  outer loop
    vertex -0.207272671136633 0.008074668841429282 -0.4
    vertex -0.1213598312976289 0.05705209236735138 -0.4
    vertex -0.2096174765231985 0.1010984868201467 -0.4
  endloop
endfacet
facet normal 0 0 1
  outer loop
    vertex 0.1112994221167109 0.2787005769978231 -0.4
    vertex 0.04085374006407796 0.2393563015189722 -0.4
    vertex 0.1222736888264036 0.2085807593703597 -0.4
  endloop
endfacet
facet normal 0 -0 1
  outer loop
    vertex 0.38 -0.39 -0.4
    vertex 0.38 -0.2900000000002738 -0.4
    vertex 0.3117310351917056 -0.3202694834322684 -0.4
  endloop
endfacet
facet normal 0 0 1
  outer loop
    vertex -0.190000000000423 -0.39 -0.4
    vertex -0.09500000000069952 -0.39 -0.4
    vertex -0.1341647584592421 -0.3219659603189328 -0.4
  endloop
endfacet
facet normal 0 0 1
  outer loop
    vertex 0.2849999999997564 -0.39 -0.4
    vertex 0.38 -0.39 -0.4
    vertex 0.3117310351917056 -0.3202694834322684 -0.4
  endloop
endfacet
facet normal -0 0 1
  outer loop
    vertex 0.1222736888264036 0.2085807593703597 -0.4
    vertex 0.206290880308444 0.1967997200270501 -0.4
    vertex 0.1806814481006784 0.2669860242936146 -0.4
  endloop
endfacet
facet normal 0 -0 1
  outer loop
    vertex 0.38 -0.1900000000005532 -0.4
    vertex 0.38 -0.09000000000027936 -0.4
    vertex 0.3145949514210611 -0.1406713111038271 -0.4
  endloop
endfacet
facet normal 0 0 1
  outer loop
    vertex 0.145947578727141 0.1118533381607751 -0.4
    vertex 0.134519137063605 0.008827985593572715 -0.4
    vertex 0.2104859981310983 0.0515033839585128 -0.4
  endloop
endfacet
facet normal 0 0 1
  outer loop
    vertex 0.2104859981310983 0.0515033839585128 -0.4
    vertex 0.134519137063605 0.008827985593572715 -0.4
    vertex 0.2100618924502141 -0.03703331765893397 -0.4
  endloop
endfacet
facet normal 0 0 1
  outer loop
    vertex 0.38 0.01 -0.4
    vertex 0.3670518139329518 0.1083512373512899 -0.4
    vertex 0.2976873182460952 0.04011752780206121 -0.4
  endloop
endfacet
facet normal 0 0 1
  outer loop
    vertex 0.134519137063605 0.008827985593572715 -0.4
    vertex 0.1314565582033173 -0.09037563725535948 -0.4
    vertex 0.2100618924502141 -0.03703331765893397 -0.4
  endloop
endfacet
facet normal 0 0 1
  outer loop
    vertex 0.3670518139329518 0.1083512373512899 -0.4
    vertex 0.2687005765050676 0.1212994233271109 -0.4
    vertex 0.2976873182460952 0.04011752780206121 -0.4
  endloop
endfacet
facet normal 0 -0 1
  outer loop
    vertex 0.2376398455332184 -0.3088068295512776 -0.4
    vertex 0.2921796389443647 -0.2306875762134723 -0.4
    vertex 0.2040728701718214 -0.2336718343150783 -0.4
  endloop
endfacet
facet normal 0 0 1
  outer loop
    vertex 0.223237426947084 -0.1388200284584132 -0.4
    vertex 0.130868992434249 -0.1914732528839505 -0.4
    vertex 0.2040728701718214 -0.2336718343150783 -0.4
  endloop
endfacet
facet normal 0 -0 1
  outer loop
    vertex -0.09500000000069952 -0.39 -0.4
    vertex -0.04392146229653815 -0.3031270907865621 -0.4
    vertex -0.1341647584592421 -0.3219659603189328 -0.4
  endloop
endfacet
facet normal 0 0 1
  outer loop
    vertex -0.2898147621595226 0.05305059659463455 -0.4
    vertex -0.2096174765231985 0.1010984868201467 -0.4
    vertex -0.2871569451947756 0.1317410664408876 -0.4
  endloop
endfacet
facet normal 0 0 1
  outer loop
    vertex -0.1270607339608138 -0.2391393304950968 -0.4
    vertex -0.2200939233634195 -0.2962601745528037 -0.4
    vertex -0.1341647584592421 -0.3219659603189328 -0.4
  endloop
endfacet
facet normal 0 0 1
  outer loop
    vertex 0.2975576912138568 -0.05384895084641762 -0.4
    vertex 0.38 0.01 -0.4
    vertex 0.2976873182460952 0.04011752780206121 -0.4
  endloop
endfacet
facet normal 0 0 1
  outer loop
    vertex 0.2687005765050676 0.1212994233271109 -0.4
    vertex 0.2104859981310983 0.0515033839585128 -0.4
    vertex 0.2976873182460952 0.04011752780206121 -0.4
  endloop
endfacet
facet normal -0 0 1
  outer loop
    vertex -0.03644265680171931 0.207076342757902 -0.4
    vertex 0.04822822228387352 0.1554618192106691 -0.4
    vertex 0.04085374006407796 0.2393563015189722 -0.4
  endloop
endfacet
facet normal 0 0 1
  outer loop
    vertex -0.1900000010616663 0.3390896528251333 -0.4
    vertex -0.2687005775054031 0.278700576196373 -0.4
    vertex -0.1884423862062699 0.2535784425993781 -0.4
  endloop
endfacet
facet normal 0 0 1
  outer loop
    vertex -0.2687005775054031 0.278700576196373 -0.4
    vertex -0.2335460812815924 0.1878004073821702 -0.4
    vertex -0.1884423862062699 0.2535784425993781 -0.4
  endloop
endfacet
facet normal 0 0 1
  outer loop
    vertex -0.1095489049092267 0.2728911738688755 -0.4
    vertex -0.1900000010616663 0.3390896528251333 -0.4
    vertex -0.1884423862062699 0.2535784425993781 -0.4
  endloop
endfacet
facet normal 0 0 1
  outer loop
    vertex -0.3290896537402555 0.1999999994766283 -0.4
    vertex -0.3670518140672614 0.1083512368500395 -0.4
    vertex -0.2871569451947756 0.1317410664408876 -0.4
  endloop
endfacet
facet normal 0 0 1
  outer loop
    vertex 0.38 -0.2900000000002738 -0.4
    vertex 0.2921796389443647 -0.2306875762134723 -0.4
    vertex 0.3117310351917056 -0.3202694834322684 -0.4
  endloop
endfacet
facet normal 0 0 1
  outer loop
    vertex 0.09835123569472656 0.3770518143768266 -0.4
    vertex -1.772083665409805e-09 0.39 -0.4
    vertex 0.04791308270796243 0.3188361025738668 -0.4
  endloop
endfacet
facet normal 0 0 1
  outer loop
    vertex 0.2687005762354334 0.2787005774663427 -0.4
    vertex 0.1899999990090995 0.3390896540101834 -0.4
    vertex 0.1806814481006784 0.2669860242936146 -0.4
  endloop
endfacet
facet normal 0 0 1
  outer loop
    vertex -0.2958863132054834 -0.2352316462026898 -0.4
    vertex -0.38 -0.2899999999997344 -0.4
    vertex -0.3072478360776404 -0.3160104442736471 -0.4
  endloop
endfacet
facet normal 0 0 1
  outer loop
    vertex 0.04085374006407796 0.2393563015189722 -0.4
    vertex 0.04822822228387352 0.1554618192106691 -0.4
    vertex 0.1222736888264036 0.2085807593703597 -0.4
  endloop
endfacet
facet normal 0 0 1
  outer loop
    vertex -0.2335460812815924 0.1878004073821702 -0.4
    vertex -0.3290896537402555 0.1999999994766283 -0.4
    vertex -0.2871569451947756 0.1317410664408876 -0.4
  endloop
endfacet
facet normal 0 0 1
  outer loop
    vertex -9.69946345463768e-13 -0.39 -0.4
    vertex 0.09499999999927453 -0.39 -0.4
    vertex 0.04704072747775886 -0.3266226219532143 -0.4
  endloop
endfacet
facet normal 0 0 1
  outer loop
    vertex -0.2096174765231985 0.1010984868201467 -0.4
    vertex -0.2335460812815924 0.1878004073821702 -0.4
    vertex -0.2871569451947756 0.1317410664408876 -0.4
  endloop
endfacet
facet normal 0 0 1
  outer loop
    vertex -0.02305648953208047 0.300048742888619 -0.4
    vertex -0.03644265680171931 0.207076342757902 -0.4
    vertex 0.04085374006407796 0.2393563015189722 -0.4
  endloop
endfacet
facet normal -0 0 1
  outer loop
    vertex 0.04822822228387352 0.1554618192106691 -0.4
    vertex 0.145947578727141 0.1118533381607751 -0.4
    vertex 0.1222736888264036 0.2085807593703597 -0.4
  endloop
endfacet
facet normal 0 0 1
  outer loop
    vertex 0.1112994221167109 0.2787005769978231 -0.4
    vertex 0.09835123569472656 0.3770518143768266 -0.4
    vertex 0.04791308270796243 0.3188361025738668 -0.4
  endloop
endfacet
facet normal -0 0 1
  outer loop
    vertex -0.3670518140672614 0.1083512368500395 -0.4
    vertex -0.2898147621595226 0.05305059659463455 -0.4
    vertex -0.2871569451947756 0.1317410664408876 -0.4
  endloop
endfacet
facet normal 0 0 1
  outer loop
    vertex 0.1899999990090995 0.3390896540101834 -0.4
    vertex 0.1112994221167109 0.2787005769978231 -0.4
    vertex 0.1806814481006784 0.2669860242936146 -0.4
  endloop
endfacet
facet normal 0 0 1
  outer loop
    vertex -1.772083665409805e-09 0.39 -0.4
    vertex -0.02305648953208047 0.300048742888619 -0.4
    vertex 0.04791308270796243 0.3188361025738668 -0.4
  endloop
endfacet
facet normal 0 0 1
  outer loop
    vertex 0.2921796389443647 -0.2306875762134723 -0.4
    vertex 0.2376398455332184 -0.3088068295512776 -0.4
    vertex 0.3117310351917056 -0.3202694834322684 -0.4
  endloop
endfacet
facet normal 0 0 1
  outer loop
    vertex 0.2376398455332184 -0.3088068295512776 -0.4
    vertex 0.2849999999997564 -0.39 -0.4
    vertex 0.3117310351917056 -0.3202694834322684 -0.4
  endloop
endfacet
facet normal -0 0 1
  outer loop
    vertex -0.02305648953208047 0.300048742888619 -0.4
    vertex 0.04085374006407796 0.2393563015189722 -0.4
    vertex 0.04791308270796243 0.3188361025738668 -0.4
  endloop
endfacet
facet normal 0 0 1
  outer loop
    vertex 0.04085374006407796 0.2393563015189722 -0.4
    vertex 0.1112994221167109 0.2787005769978231 -0.4
    vertex 0.04791308270796243 0.3188361025738668 -0.4
  endloop
endfacet
facet normal 1 0 0
  outer loop
    vertex 0.38 0.01 -0.2000000000004825
    vertex 0.38 -0.08309219106087989 -0.2397174503272829
    vertex 0.38 0.01 -0.3000000000002088
  endloop
endfacet
facet normal 1 0 0
  outer loop
    vertex 0.38 -0.08309219106087989 -0.2397174503272829
    vertex 0.38 -0.06320508000825725 -0.3267949188035562
    vertex 0.38 0.01 -0.3000000000002088
  endloop
endfacet
facet normal 1 0 -0
  outer loop
    vertex 0.38 -0.2274615132445819 0.2002654136966161
    vertex 0.38 -0.1497299392037512 0.23522332705843
    vertex 0.38 -0.2336087787886121 0.3104516703053462
  endloop
endfacet
facet normal 1 0 0
  outer loop
    vertex 0.38 -0.2274615132445819 0.2002654136966161
    vertex 0.38 -0.2336087787886121 0.3104516703053462
    vertex 0.38 -0.3076512483692576 0.2470284077943419
  endloop
endfacet
facet normal 1 0 0
  outer loop
    vertex 0.38 -0.1906475165897214 -0.2373120809427748
    vertex 0.38 -0.3002444475477551 -0.2421077404182758
    vertex 0.38 -0.239646879846839 -0.3153590191502305
  endloop
endfacet
facet normal 1 0 0
  outer loop
    vertex 0.38 -0.1301923792246825 0.05000000055872028
    vertex 0.38 -0.1569560198898457 -0.04908793266974298
    vertex 0.38 -0.07433404313517483 -0.04834853130300254
  endloop
endfacet
facet normal 1 0 0
  outer loop
    vertex 0.38 -0.1906475165897214 -0.2373120809427748
    vertex 0.38 -0.2334873996305548 -0.1667534867080314
    vertex 0.38 -0.3002444475477551 -0.2421077404182758
  endloop
endfacet
facet normal 1 0 -0
  outer loop
    vertex 0.38 -0.07433404313517483 -0.04834853130300254
    vertex 0.38 -0.05117987030692217 0.04999999999906574
    vertex 0.38 -0.1301923792246825 0.05000000055872028
  endloop
endfacet
facet normal 1 -0 0
  outer loop
    vertex 0.38 -0.1301923792246825 0.05000000055872028
    vertex 0.38 -0.05117987030692217 0.04999999999906574
    vertex 0.38 -0.07660254037867165 0.1499999999993288
  endloop
endfacet
facet normal 1 0 0
  outer loop
    vertex 0.38 -0.07660254037867165 0.1499999999993288
    vertex 0.38 -0.1585800126751666 0.1485033201340737
    vertex 0.38 -0.1301923792246825 0.05000000055872028
  endloop
endfacet
facet normal 1 -0 0
  outer loop
    vertex 0.38 -0.2336087787886121 0.3104516703053462
    vertex 0.38 -0.1497299392037512 0.23522332705843
    vertex 0.38 -0.1342377682764138 0.3185873731769848
  endloop
endfacet
facet normal 1 -0 0
  outer loop
    vertex 0.38 -0.1440981509512028 -0.1412569761262252
    vertex 0.38 -0.05698729834600308 -0.1499999989297664
    vertex 0.38 -0.07433404313517483 -0.04834853130300254
  endloop
endfacet
facet normal 1 0 -0
  outer loop
    vertex 0.38 -0.3079133305426325 -0.1446434426412704
    vertex 0.38 -0.3058770067430176 -0.04887997337456651
    vertex 0.38 -0.39 -0.1000000000007782
  endloop
endfacet
facet normal 1 0 0
  outer loop
    vertex 0.38 -0.39 -0.1000000000007782
    vertex 0.38 -0.3058770067430176 -0.04887997337456651
    vertex 0.38 -0.39 -1.063038546078587e-12
  endloop
endfacet
facet normal 1 0 0
  outer loop
    vertex 0.38 -0.08309219106087989 -0.2397174503272829
    vertex 0.38 -0.1440981509512028 -0.1412569761262252
    vertex 0.38 -0.1906475165897214 -0.2373120809427748
  endloop
endfacet
facet normal 1 0 -0
  outer loop
    vertex 0.38 -0.1427721716408552 -0.3150786702290024
    vertex 0.38 -0.08309219106087989 -0.2397174503272829
    vertex 0.38 -0.1906475165897214 -0.2373120809427748
  endloop
endfacet
facet normal 1 0 0
  outer loop
    vertex 0.38 -0.09000000000027936 -0.4
    vertex 0.38 -0.1427721716408552 -0.3150786702290024
    vertex 0.38 -0.1900000000005532 -0.4
  endloop
endfacet
facet normal 1 -0 0
  outer loop
    vertex 0.38 -0.1900000000005532 0.4
    vertex 0.38 -0.1342377682764138 0.3185873731769848
    vertex 0.38 -0.09000000000027936 0.4
  endloop
endfacet
facet normal 1 0 0
  outer loop
    vertex 0.38 -0.1427721716408552 -0.3150786702290024
    vertex 0.38 -0.1906475165897214 -0.2373120809427748
    vertex 0.38 -0.239646879846839 -0.3153590191502305
  endloop
endfacet
facet normal 1 0 0
  outer loop
    vertex 0.38 -0.39 -1.063038546078587e-12
    vertex 0.38 -0.303397459518654 0.05000000028406959
    vertex 0.38 -0.39 0.09999999999919462
  endloop
endfacet
facet normal 1 0 -0
  outer loop
    vertex 0.38 -0.303397459518654 0.05000000028406959
    vertex 0.38 -0.2195429173163496 0.1004124524997885
    vertex 0.38 -0.3041160936577902 0.1494494378213073
  endloop
endfacet
facet normal 1 0 0
  outer loop
    vertex 0.38 -0.39 0.1999999999994631
    vertex 0.38 -0.3076512483692576 0.2470284077943419
    vertex 0.38 -0.39 0.2999999999997424
  endloop
endfacet
facet normal 1 0 0
  outer loop
    vertex 0.38 -0.39 -0.2000000000004825
    vertex 0.38 -0.3079133305426325 -0.1446434426412704
    vertex 0.38 -0.39 -0.1000000000007782
  endloop
endfacet
facet normal 1 0 0
  outer loop
    vertex 0.38 -0.2195429173163496 0.1004124524997885
    vertex 0.38 -0.2274615132445819 0.2002654136966161
    vertex 0.38 -0.3041160936577902 0.1494494378213073
  endloop
endfacet
facet normal 1 -0 0
  outer loop
    vertex 0.38 -0.39 0.1999999999994631
    vertex 0.38 -0.3041160936577902 0.1494494378213073
    vertex 0.38 -0.3076512483692576 0.2470284077943419
  endloop
endfacet
facet normal 1 0 0
  outer loop
    vertex 0.38 -0.303397459518654 0.05000000028406959
    vertex 0.38 -0.3041160936577902 0.1494494378213073
    vertex 0.38 -0.39 0.09999999999919462
  endloop
endfacet
facet normal 1 0 0
  outer loop
    vertex 0.38 -0.39 0.09999999999919462
    vertex 0.38 -0.3041160936577902 0.1494494378213073
    vertex 0.38 -0.39 0.1999999999994631
  endloop
endfacet
facet normal 1 0 0
  outer loop
    vertex 0.38 0.01 0.1999999999994631
    vertex 0.38 -0.07660254037867165 0.1499999999993288
    vertex 0.38 0.01 0.09999999999919462
  endloop
endfacet
facet normal 1 0 0
  outer loop
    vertex 0.38 0.01 -1.063038546078587e-12
    vertex 0.38 -0.07433404313517483 -0.04834853130300254
    vertex 0.38 0.01 -0.1000000000007782
  endloop
endfacet
facet normal 1 0 -0
  outer loop
    vertex 0.38 -0.3041160936577902 0.1494494378213073
    vertex 0.38 -0.2274615132445819 0.2002654136966161
    vertex 0.38 -0.3076512483692576 0.2470284077943419
  endloop
endfacet
facet normal 1 0 0
  outer loop
    vertex 0.38 -0.1427721716408552 -0.3150786702290024
    vertex 0.38 -0.239646879846839 -0.3153590191502305
    vertex 0.38 -0.1900000000005532 -0.4
  endloop
endfacet
facet normal 1 0 0
  outer loop
    vertex 0.38 -0.303397459518654 0.05000000028406959
    vertex 0.38 -0.3058770067430176 -0.04887997337456651
    vertex 0.38 -0.2218523680350256 -0.001162325618782378
  endloop
endfacet
facet normal 1 -0 0
  outer loop
    vertex 0.38 -0.39 -1.063038546078587e-12
    vertex 0.38 -0.3058770067430176 -0.04887997337456651
    vertex 0.38 -0.303397459518654 0.05000000028406959
  endloop
endfacet
facet normal 1 -0 0
  outer loop
    vertex 0.38 -0.303397459518654 0.05000000028406959
    vertex 0.38 -0.2218523680350256 -0.001162325618782378
    vertex 0.38 -0.2195429173163496 0.1004124524997885
  endloop
endfacet
facet normal 1 0 0
  outer loop
    vertex 0.38 -0.1900000000005532 -0.4
    vertex 0.38 -0.239646879846839 -0.3153590191502305
    vertex 0.38 -0.2900000000002738 -0.4
  endloop
endfacet
facet normal 1 0 0
  outer loop
    vertex 0.38 -0.2218523680350256 -0.001162325618782378
    vertex 0.38 -0.1301923792246825 0.05000000055872028
    vertex 0.38 -0.2195429173163496 0.1004124524997885
  endloop
endfacet
facet normal 1 0 0
  outer loop
    vertex 0.38 -0.06859096125972625 0.2537317961462605
    vertex 0.38 -0.1497299392037512 0.23522332705843
    vertex 0.38 -0.07660254037867165 0.1499999999993288
  endloop
endfacet
facet normal 1 0 0
  outer loop
    vertex 0.38 -0.07660254037867165 0.1499999999993288
    vertex 0.38 -0.1497299392037512 0.23522332705843
    vertex 0.38 -0.1585800126751666 0.1485033201340737
  endloop
endfacet
facet normal 1 0 0
  outer loop
    vertex 0.38 0.01 0.2999999999997424
    vertex 0.38 -0.06859096125972625 0.2537317961462605
    vertex 0.38 0.01 0.1999999999994631
  endloop
endfacet
facet normal 1 0 0
  outer loop
    vertex 0.38 -0.39 -0.3000000000002088
    vertex 0.38 -0.3002444475477551 -0.2421077404182758
    vertex 0.38 -0.39 -0.2000000000004825
  endloop
endfacet
facet normal 1 -0 0
  outer loop
    vertex 0.38 -0.2900000000002738 0.4
    vertex 0.38 -0.2336087787886121 0.3104516703053462
    vertex 0.38 -0.1900000000005532 0.4
  endloop
endfacet
facet normal 1 -0 0
  outer loop
    vertex 0.38 -0.2218523680350256 -0.001162325618782378
    vertex 0.38 -0.1569560198898457 -0.04908793266974298
    vertex 0.38 -0.1301923792246825 0.05000000055872028
  endloop
endfacet
facet normal 1 -0 0
  outer loop
    vertex 0.38 -0.3058770067430176 -0.04887997337456651
    vertex 0.38 -0.2284948928003442 -0.09101675879891974
    vertex 0.38 -0.2218523680350256 -0.001162325618782378
  endloop
endfacet
facet normal 1 0 0
  outer loop
    vertex 0.38 0.01 0.1999999999994631
    vertex 0.38 -0.06859096125972625 0.2537317961462605
    vertex 0.38 -0.07660254037867165 0.1499999999993288
  endloop
endfacet
facet normal 1 -0 0
  outer loop
    vertex 0.38 -0.39 -0.2000000000004825
    vertex 0.38 -0.3002444475477551 -0.2421077404182758
    vertex 0.38 -0.3079133305426325 -0.1446434426412704
  endloop
endfacet
facet normal 1 0 0
  outer loop
    vertex 0.38 -0.1900000000005532 0.4
    vertex 0.38 -0.2336087787886121 0.3104516703053462
    vertex 0.38 -0.1342377682764138 0.3185873731769848
  endloop
endfacet
facet normal 1 0 0
  outer loop
    vertex 0.38 -0.07433404313517483 -0.04834853130300254
    vertex 0.38 -0.1569560198898457 -0.04908793266974298
    vertex 0.38 -0.1440981509512028 -0.1412569761262252
  endloop
endfacet
facet normal 1 0 0
  outer loop
    vertex 0.38 -0.07433404313517483 -0.04834853130300254
    vertex 0.38 -0.05698729834600308 -0.1499999989297664
    vertex 0.38 0.01 -0.1000000000007782
  endloop
endfacet
facet normal 1 0 0
  outer loop
    vertex 0.38 -0.3079133305426325 -0.1446434426412704
    vertex 0.38 -0.2284948928003442 -0.09101675879891974
    vertex 0.38 -0.3058770067430176 -0.04887997337456651
  endloop
endfacet
facet normal 1 0 0
  outer loop
    vertex 0.38 -0.07660254037867165 0.1499999999993288
    vertex 0.38 -0.05117987030692217 0.04999999999906574
    vertex 0.38 0.01 0.09999999999919462
  endloop
endfacet
facet normal 1 0 0
  outer loop
    vertex 0.38 0.01 -1.063038546078587e-12
    vertex 0.38 -0.05117987030692217 0.04999999999906574
    vertex 0.38 -0.07433404313517483 -0.04834853130300254
  endloop
endfacet
facet normal 1 0 0
  outer loop
    vertex 0.38 -0.1301923792246825 0.05000000055872028
    vertex 0.38 -0.1585800126751666 0.1485033201340737
    vertex 0.38 -0.2195429173163496 0.1004124524997885
  endloop
endfacet
facet normal 1 -0 0
  outer loop
    vertex 0.38 -0.1427721716408552 -0.3150786702290024
    vertex 0.38 -0.06320508000825725 -0.3267949188035562
    vertex 0.38 -0.08309219106087989 -0.2397174503272829
  endloop
endfacet
facet normal 1 0 0
  outer loop
    vertex 0.38 0.01 -0.4
    vertex 0.38 -0.06320508000825725 -0.3267949188035562
    vertex 0.38 -0.09000000000027936 -0.4
  endloop
endfacet
facet normal 1 -0 0
  outer loop
    vertex 0.38 -0.09000000000027936 0.4
    vertex 0.38 -0.06320508000817809 0.3267949188035104
    vertex 0.38 0.01 0.4
  endloop
endfacet
facet normal 1 0 0
  outer loop
    vertex 0.38 -0.39 0.2999999999997424
    vertex 0.38 -0.3167949192384984 0.3267949192383562
    vertex 0.38 -0.39 0.4
  endloop
endfacet
facet normal 1 -0 0
  outer loop
    vertex 0.38 -0.39 0.4
    vertex 0.38 -0.3167949192384984 0.3267949192383562
    vertex 0.38 -0.2900000000002738 0.4
  endloop
endfacet
facet normal 1 0 0
  outer loop
    vertex 0.38 -0.39 -0.4
    vertex 0.38 -0.316794919302231 -0.3267949193022136
    vertex 0.38 -0.39 -0.3000000000002088
  endloop
endfacet
facet normal 1 0 0
  outer loop
    vertex 0.38 -0.2900000000002738 -0.4
    vertex 0.38 -0.316794919302231 -0.3267949193022136
    vertex 0.38 -0.39 -0.4
  endloop
endfacet
facet normal 1 0 0
  outer loop
    vertex 0.38 0.01 -0.3000000000002088
    vertex 0.38 -0.06320508000825725 -0.3267949188035562
    vertex 0.38 0.01 -0.4
  endloop
endfacet
facet normal 1 0 0
  outer loop
    vertex 0.38 0.01 0.4
    vertex 0.38 -0.06320508000817809 0.3267949188035104
    vertex 0.38 0.01 0.2999999999997424
  endloop
endfacet
facet normal 1 0 0
  outer loop
    vertex 0.38 -0.1440981509512028 -0.1412569761262252
    vertex 0.38 -0.2334873996305548 -0.1667534867080314
    vertex 0.38 -0.1906475165897214 -0.2373120809427748
  endloop
endfacet
facet normal 1 0 -0
  outer loop
    vertex 0.38 -0.3002444475477551 -0.2421077404182758
    vertex 0.38 -0.2334873996305548 -0.1667534867080314
    vertex 0.38 -0.3079133305426325 -0.1446434426412704
  endloop
endfacet
facet normal 1 0 0
  outer loop
    vertex 0.38 0.01 -0.2000000000004825
    vertex 0.38 -0.05698729834600308 -0.1499999989297664
    vertex 0.38 -0.08309219106087989 -0.2397174503272829
  endloop
endfacet
facet normal 1 0 -0
  outer loop
    vertex 0.38 -0.08309219106087989 -0.2397174503272829
    vertex 0.38 -0.05698729834600308 -0.1499999989297664
    vertex 0.38 -0.1440981509512028 -0.1412569761262252
  endloop
endfacet
facet normal 1 0 0
  outer loop
    vertex 0.38 0.01 -0.1000000000007782
    vertex 0.38 -0.05698729834600308 -0.1499999989297664
    vertex 0.38 0.01 -0.2000000000004825
  endloop
endfacet
facet normal 1 0 0
  outer loop
    vertex 0.38 -0.2284948928003442 -0.09101675879891974
    vertex 0.38 -0.2334873996305548 -0.1667534867080314
    vertex 0.38 -0.1440981509512028 -0.1412569761262252
  endloop
endfacet
facet normal 1 0 0
  outer loop
    vertex 0.38 -0.2284948928003442 -0.09101675879891974
    vertex 0.38 -0.1569560198898457 -0.04908793266974298
    vertex 0.38 -0.2218523680350256 -0.001162325618782378
  endloop
endfacet
facet normal 1 0 0
  outer loop
    vertex 0.38 -0.2900000000002738 0.4
    vertex 0.38 -0.3167949192384984 0.3267949192383562
    vertex 0.38 -0.2336087787886121 0.3104516703053462
  endloop
endfacet
facet normal 1 -0 0
  outer loop
    vertex 0.38 -0.39 -0.3000000000002088
    vertex 0.38 -0.316794919302231 -0.3267949193022136
    vertex 0.38 -0.3002444475477551 -0.2421077404182758
  endloop
endfacet
facet normal 1 0 0
  outer loop
    vertex 0.38 0.01 0.2999999999997424
    vertex 0.38 -0.06320508000817809 0.3267949188035104
    vertex 0.38 -0.06859096125972625 0.2537317961462605
  endloop
endfacet
facet normal 1 0 0
  outer loop
    vertex 0.38 0.01 0.09999999999919462
    vertex 0.38 -0.05117987030692217 0.04999999999906574
    vertex 0.38 0.01 -1.063038546078587e-12
  endloop
endfacet
facet normal 1 0 -0
  outer loop
    vertex 0.38 -0.2195429173163496 0.1004124524997885
    vertex 0.38 -0.1585800126751666 0.1485033201340737
    vertex 0.38 -0.2274615132445819 0.2002654136966161
  endloop
endfacet
facet normal 1 0 -0
  outer loop
    vertex 0.38 -0.09000000000027936 -0.4
    vertex 0.38 -0.06320508000825725 -0.3267949188035562
    vertex 0.38 -0.1427721716408552 -0.3150786702290024
  endloop
endfacet
facet normal 1 0 0
  outer loop
    vertex 0.38 -0.1342377682764138 0.3185873731769848
    vertex 0.38 -0.06320508000817809 0.3267949188035104
    vertex 0.38 -0.09000000000027936 0.4
  endloop
endfacet
facet normal 1 0 0
  outer loop
    vertex 0.38 -0.3076512483692576 0.2470284077943419
    vertex 0.38 -0.3167949192384984 0.3267949192383562
    vertex 0.38 -0.39 0.2999999999997424
  endloop
endfacet
facet normal 1 0 0
  outer loop
    vertex 0.38 -0.239646879846839 -0.3153590191502305
    vertex 0.38 -0.316794919302231 -0.3267949193022136
    vertex 0.38 -0.2900000000002738 -0.4
  endloop
endfacet
facet normal 1 0 0
  outer loop
    vertex 0.38 -0.1440981509512028 -0.1412569761262252
    vertex 0.38 -0.1569560198898457 -0.04908793266974298
    vertex 0.38 -0.2284948928003442 -0.09101675879891974
  endloop
endfacet
facet normal 1 0 0
  outer loop
    vertex 0.38 -0.3002444475477551 -0.2421077404182758
    vertex 0.38 -0.316794919302231 -0.3267949193022136
    vertex 0.38 -0.239646879846839 -0.3153590191502305
  endloop
endfacet
facet normal 1 0 0
  outer loop
    vertex 0.38 -0.2336087787886121 0.3104516703053462
    vertex 0.38 -0.3167949192384984 0.3267949192383562
    vertex 0.38 -0.3076512483692576 0.2470284077943419
  endloop
endfacet
facet normal 1 0 -0
  outer loop
    vertex 0.38 -0.06859096125972625 0.2537317961462605
    vertex 0.38 -0.06320508000817809 0.3267949188035104
    vertex 0.38 -0.1342377682764138 0.3185873731769848
  endloop
endfacet
facet normal 1 0 0
  outer loop
    vertex 0.38 -0.1342377682764138 0.3185873731769848
    vertex 0.38 -0.1497299392037512 0.23522332705843
    vertex 0.38 -0.06859096125972625 0.2537317961462605
  endloop
endfacet
facet normal 1 -0 0
  outer loop
    vertex 0.38 -0.3079133305426325 -0.1446434426412704
    vertex 0.38 -0.2334873996305548 -0.1667534867080314
    vertex 0.38 -0.2284948928003442 -0.09101675879891974
  endloop
endfacet
facet normal 1 0 -0
  outer loop
    vertex 0.38 -0.1585800126751666 0.1485033201340737
    vertex 0.38 -0.1497299392037512 0.23522332705843
    vertex 0.38 -0.2274615132445819 0.2002654136966161
  endloop
endfacet
facet normal 0.247636 0.968411 -0.0292583
  outer loop
    vertex 0.139535191054523 0.3634542834050505 -0.3113793664688313
    vertex 0.04636780147004365 0.3871604790892527 -0.315284801203535
    vertex 0.08501311963801771 0.3803684239907772 -0.2130068633897791
  endloop
endfacet
facet normal 0.871548 0.489552 -0.0272564
  outer loop
    vertex 0.3371864113361255 0.185229346886488 -0.213577809247582
    vertex 0.3521003681178437 0.1529172164971001 -0.3170484131119476
    vertex 0.3059764549250565 0.2353406510851845 -0.3114954705793435
  endloop
endfacet
facet normal 0.343777 0.938599 0.0291531
  outer loop
    vertex 0.08501311963801771 0.3803684239907772 -0.2130068633897791
    vertex 0.1700553299635523 0.3498252267725093 -0.2324827253041844
    vertex 0.139535191054523 0.3634542834050505 -0.3113793664688313
  endloop
endfacet
facet normal 0.821732 0.569118 0.0293415
  outer loop
    vertex 0.3059764549250565 0.2353406510851845 -0.3114954705793435
    vertex 0.2856484060430668 0.2606092339181764 -0.2323112004746198
    vertex 0.3371864113361255 0.185229346886488 -0.213577809247582
  endloop
endfacet
facet normal -0.266071 0.963457 -0.0309437
  outer loop
    vertex -0.09857333520847837 0.3769922309611975 -0.212588996978291
    vertex -0.05288245616216293 0.3863023330119771 -0.3155864289124656
    vertex -0.1470250664367239 0.3604049512196952 -0.3124331225333282
  endloop
endfacet
facet normal -0.258686 0.96543 0.0320333
  outer loop
    vertex -0.0959679380556861 0.3776821383550471 0.2129668528652351
    vertex -0.1454197055492759 0.3610742218362976 0.3141518940862416
    vertex -0.04959995465636843 0.3867490471097256 0.3141518940821019
  endloop
endfacet
facet normal 0.287052 0.957813 0.013986
  outer loop
    vertex 0.07286067317637858 0.3829494902855948 0.205111050572944
    vertex 0.06053915122047628 0.3851466528832482 0.3075312531167885
    vertex 0.1503507197445998 0.3589909183235014 0.2554587405793639
  endloop
endfacet
facet normal -0.395998 0.91739 0.0397597
  outer loop
    vertex -0.1470250664367239 0.3604049512196952 -0.3124331225333282
    vertex -0.1941869303294914 0.3366365504489803 -0.2337379896528455
    vertex -0.09857333520847837 0.3769922309611975 -0.212588996978291
  endloop
endfacet
facet normal 0.923388 0.38248 0.0326313
  outer loop
    vertex 0.3670518139329518 0.1083512373512899 0.4
    vertex 0.3459969160734517 0.1671182168548918 0.3069806616026156
    vertex 0.3290896531602238 0.2000000004812726 0.4
  endloop
endfacet
facet normal -0.923383 0.382478 0.032776
  outer loop
    vertex -0.3290896537402555 0.1999999994766283 0.4
    vertex -0.3461048469923963 0.1668803202711224 0.3071271233618408
    vertex -0.3670518140672614 0.1083512368500395 0.4
  endloop
endfacet
facet normal 0.275302 0.961324 -0.00804338
  outer loop
    vertex 0.06053915122047628 0.3851466528832482 0.3075312531167885
    vertex 0.1454197030795034 0.3610742228593108 0.3356753140826675
    vertex 0.1503507197445998 0.3589909183235014 0.2554587405793639
  endloop
endfacet
facet normal -0.124972 0.991571 0.0341908
  outer loop
    vertex -0.002607940790212318 0.3899910507430863 -0.238803971219161
    vertex -0.05288245616216293 0.3863023330119771 -0.3155864289124656
    vertex -0.09857333520847837 0.3769922309611975 -0.212588996978291
  endloop
endfacet
facet normal -0.372624 0.927501 -0.0298767
  outer loop
    vertex -0.0959679380556861 0.3776821383550471 0.2129668528652351
    vertex -0.1800619615816646 0.3446306770028163 0.2357342934943084
    vertex -0.1454197055492759 0.3610742218362976 0.3141518940862416
  endloop
endfacet
facet normal -0.712175 0.701953 0.00825533
  outer loop
    vertex -0.236082543721803 0.3077667418464376 0.3050320963326654
    vertex -0.2425187247970096 0.3025485739545355 0.1934947473725417
    vertex -0.2987195034612355 0.2448758358194238 0.2490683056293403
  endloop
endfacet
facet normal 0.953955 0.298712 -0.0272094
  outer loop
    vertex 0.3670518139329518 0.1083512373512899 0.4
    vertex 0.3729626989368579 0.08279302989802498 0.32664892508151
    vertex 0.3459969160734517 0.1671182168548918 0.3069806616026156
  endloop
endfacet
facet normal 0.697098 0.716975 0.00048569
  outer loop
    vertex 0.2945164211214699 0.2501251292343244 0.249537151506486
    vertex 0.2319078396908114 0.3110294900669052 0.2030579999996739
    vertex 0.2315442752267103 0.3113092242360619 0.311929334552364
  endloop
endfacet
facet normal -0.954045 0.298434 -0.0271049
  outer loop
    vertex -0.3461048469923963 0.1668803202711224 0.3071271233618408
    vertex -0.3729626989509867 0.08279302982563408 0.3266489249541495
    vertex -0.3670518140672614 0.1083512368500395 0.4
  endloop
endfacet
facet normal 0.101009 0.994495 0.0278763
  outer loop
    vertex 0.08501311963801771 0.3803684239907772 -0.2130068633897791
    vertex 0.04636780147004365 0.3871604790892527 -0.315284801203535
    vertex -0.002607940790212318 0.3899910507430863 -0.238803971219161
  endloop
endfacet
facet normal 0.506665 0.862143 -0.000523234
  outer loop
    vertex 0.2319078396908114 0.3110294900669052 0.2030579999996739
    vertex 0.1503507197445998 0.3589909183235014 0.2554587405793639
    vertex 0.2315442752267103 0.3113092242360619 0.311929334552364
  endloop
endfacet
facet normal -0.126209 0.991519 -0.0310121
  outer loop
    vertex -0.04959995465636843 0.3867490471097256 0.3141518940821019
    vertex -0.005418107746031791 0.3899613718635783 0.237051079094255
    vertex -0.0959679380556861 0.3776821383550471 0.2129668528652351
  endloop
endfacet
facet normal 0.684359 0.729145 -0.000213577
  outer loop
    vertex 0.2320879480839741 0.3108906518225028 -0.1953323635128763
    vertex 0.2856484060430668 0.2606092339181764 -0.2323112004746198
    vertex 0.2319075909940169 0.3110296816583903 -0.29860202845976
  endloop
endfacet
facet normal -0.555579 0.831435 -0.00683861
  outer loop
    vertex -0.236082543721803 0.3077667418464376 0.3050320963326654
    vertex -0.1800619615816646 0.3446306770028163 0.2357342934943084
    vertex -0.2425187247970096 0.3025485739545355 0.1934947473725417
  endloop
endfacet
facet normal 0.531519 0.847046 0.000212081
  outer loop
    vertex 0.2319075909940169 0.3110296816583903 -0.29860202845976
    vertex 0.1700553299635523 0.3498252267725093 -0.2324827253041844
    vertex 0.2320879480839741 0.3108906518225028 -0.1953323635128763
  endloop
endfacet
facet normal 0.942697 0.332095 0.0321698
  outer loop
    vertex 0.3706865921273361 0.09361489351199338 -0.2495051137103116
    vertex 0.3521003681178437 0.1529172164971001 -0.3170484131119476
    vertex 0.3371864113361255 0.185229346886488 -0.213577809247582
  endloop
endfacet
facet normal -0.00875597 0.999228 0.038285
  outer loop
    vertex -1.772083665409805e-09 0.39 -0.4
    vertex -0.05288245616216293 0.3863023330119771 -0.3155864289124656
    vertex 0.04636780147004365 0.3871604790892527 -0.315284801203535
  endloop
endfacet
facet normal 0.0874686 0.996159 -0.00404426
  outer loop
    vertex 0.07286067317637858 0.3829494902855948 0.205111050572944
    vertex 0.07662007050015861 0.3821953315082696 0.1006585309060887
    vertex -0.008843463722685563 0.389897082312283 0.1493193688070587
  endloop
endfacet
facet normal 0.515879 0.856654 0.00363916
  outer loop
    vertex 0.1557540940437502 0.3566131304330675 0.155138606293988
    vertex 0.2321948708193456 0.3108081481030516 0.1015047630468262
    vertex 0.1587497763745948 0.3552513700204767 0.05103434361227127
  endloop
endfacet
facet normal 0.305042 0.95233 0.00410296
  outer loop
    vertex 0.1557540940437502 0.3566131304330675 0.155138606293988
    vertex 0.07662007050015861 0.3821953315082696 0.1006585309060887
    vertex 0.07286067317637858 0.3829494902855948 0.205111050572944
  endloop
endfacet
facet normal -0.924477 0.37866 0.044261
  outer loop
    vertex -0.367823816190842 0.1054234784673335 -0.2423114850161264
    vertex -0.3284942659059413 0.2010275301282952 -0.2387467107227547
    vertex -0.3494962901884597 0.1591721929332138 -0.3193350760867208
  endloop
endfacet
facet normal 0.513789 0.857916 -0.000417706
  outer loop
    vertex 0.2319078396908114 0.3110294900669052 0.2030579999996739
    vertex 0.2321948708193456 0.3108081481030516 0.1015047630468262
    vertex 0.1557540940437502 0.3566131304330675 0.155138606293988
  endloop
endfacet
facet normal -0.38322 0.923199 -0.0290947
  outer loop
    vertex -0.09857333520847837 0.3769922309611975 -0.212588996978291
    vertex -0.1941869303294914 0.3366365504489803 -0.2337379896528455
    vertex -0.1741345715553349 0.3477530917537839 -0.1451195992687368
  endloop
endfacet
facet normal -0.00850926 0.999063 -0.0424246
  outer loop
    vertex 0.04636780147004365 0.3871604790892527 -0.315284801203535
    vertex -0.05288245616216293 0.3863023330119771 -0.3155864289124656
    vertex -0.002607940790212318 0.3899910507430863 -0.238803971219161
  endloop
endfacet
facet normal 0.510289 0.859974 0.00710174
  outer loop
    vertex 0.2319078396908114 0.3110294900669052 0.2030579999996739
    vertex 0.1557540940437502 0.3566131304330675 0.155138606293988
    vertex 0.1503507197445998 0.3589909183235014 0.2554587405793639
  endloop
endfacet
facet normal 0.710528 0.70243 -0.0417478
  outer loop
    vertex 0.2319075909940169 0.3110296816583903 -0.29860202845976
    vertex 0.2856484060430668 0.2606092339181764 -0.2323112004746198
    vertex 0.3059764549250565 0.2353406510851845 -0.3114954705793435
  endloop
endfacet
facet normal 0.309796 0.950797 -0.00352251
  outer loop
    vertex 0.1587497763745948 0.3552513700204767 0.05103434361227127
    vertex 0.07662007050015861 0.3821953315082696 0.1006585309060887
    vertex 0.1557540940437502 0.3566131304330675 0.155138606293988
  endloop
endfacet
facet normal -0.922988 0.381564 -0.0500194
  outer loop
    vertex -0.367823816190842 0.1054234784673335 -0.2423114850161264
    vertex -0.3476892305475087 0.1633368806298124 -0.1720656297049298
    vertex -0.3284942659059413 0.2010275301282952 -0.2387467107227547
  endloop
endfacet
facet normal 0.497606 0.866345 -0.0428352
  outer loop
    vertex 0.139535191054523 0.3634542834050505 -0.3113793664688313
    vertex 0.1700553299635523 0.3498252267725093 -0.2324827253041844
    vertex 0.2319075909940169 0.3110296816583903 -0.29860202845976
  endloop
endfacet
facet normal 0.837569 0.54629 0.00679347
  outer loop
    vertex 0.2935406983430876 0.2513169252585746 -0.1468522140633569
    vertex 0.3403953657544382 0.1789112044030894 -0.1011436776181824
    vertex 0.3371864113361255 0.185229346886488 -0.213577809247582
  endloop
endfacet
facet normal 0.939784 0.341685 -0.00762143
  outer loop
    vertex 0.3371864113361255 0.185229346886488 -0.213577809247582
    vertex 0.3403953657544382 0.1789112044030894 -0.1011436776181824
    vertex 0.3701323279223909 0.09603522433719648 -0.1498432925364458
  endloop
endfacet
facet normal 0.299231 0.954158 -0.00649847
  outer loop
    vertex 0.1557540940437502 0.3566131304330675 0.155138606293988
    vertex 0.07286067317637858 0.3829494902855948 0.205111050572944
    vertex 0.1503507197445998 0.3589909183235014 0.2554587405793639
  endloop
endfacet
facet normal -0.719449 0.69454 -0.0027946
  outer loop
    vertex -0.3013826934668918 0.2414486381006411 0.04932616261162198
    vertex -0.2998336821730602 0.243451843073779 0.1484002770723569
    vertex -0.242870480566535 0.302256616125932 0.09836551455039783
  endloop
endfacet
facet normal 0.941241 0.337737 -1.33872e-05
  outer loop
    vertex 0.3701323279223909 0.09603522433719648 -0.1498432925364458
    vertex 0.3403953657544382 0.1789112044030894 -0.1011436776181824
    vertex 0.3701297094651654 0.09604648843056995 -0.04977001461770575
  endloop
endfacet
facet normal 0.993486 0.113954 1.31685e-05
  outer loop
    vertex 0.3701323279223909 0.09603522433719648 -0.1498432925364458
    vertex 0.3701297094651654 0.09604648843056995 -0.04977001461770575
    vertex 0.38 0.01 -0.1000000000007782
  endloop
endfacet
facet normal 0.993485 0.113962 -0
  outer loop
    vertex 0.38 0.01 -0.1000000000007782
    vertex 0.3701297094651654 0.09604648843056995 -0.04977001461770575
    vertex 0.38 0.01 -1.063038546078587e-12
  endloop
endfacet
facet normal 0.697532 0.716553 0.000409738
  outer loop
    vertex 0.2945633481474565 0.2500675611742668 0.1498928558051851
    vertex 0.2321948708193456 0.3108081481030516 0.1015047630468262
    vertex 0.2319078396908114 0.3110294900669052 0.2030579999996739
  endloop
endfacet
facet normal 0.942092 0.335354 0.000354958
  outer loop
    vertex 0.3701353689443739 0.09602214050122353 0.05010266842135147
    vertex 0.3411689438398918 0.1773432154560583 0.1000211633481438
    vertex 0.3702054869237205 0.09571987780889007 0.1495717830193792
  endloop
endfacet
facet normal 0.0902206 0.995921 0.000826755
  outer loop
    vertex -0.008843463722685563 0.389897082312283 0.1493193688070587
    vertex 0.07662007050015861 0.3821953315082696 0.1006585309060887
    vertex -0.00811650642998606 0.3899133089579411 0.05044246953964437
  endloop
endfacet
facet normal 0.938777 0.344511 -0.00314565
  outer loop
    vertex 0.3706865921273361 0.09361489351199338 -0.2495051137103116
    vertex 0.3371864113361255 0.185229346886488 -0.213577809247582
    vertex 0.3701323279223909 0.09603522433719648 -0.1498432925364458
  endloop
endfacet
facet normal 0.993512 0.113726 -0.000354764
  outer loop
    vertex 0.3701353689443739 0.09602214050122353 0.05010266842135147
    vertex 0.3702054869237205 0.09571987780889007 0.1495717830193792
    vertex 0.38 0.01 0.09999999999919462
  endloop
endfacet
facet normal -0.945509 0.32547 -0.00905509
  outer loop
    vertex -0.3705699563716713 0.09413030033642823 0.2468354718939806
    vertex -0.3461048469923963 0.1668803202711224 0.3071271233618408
    vertex -0.3422122889701618 0.1751991200878579 0.1996812973643936
  endloop
endfacet
facet normal -0.993661 0.112407 0.0013396
  outer loop
    vertex -0.38 0.01 0.09999999999919462
    vertex -0.3702654030329423 0.09546070042336917 0.1496622699773416
    vertex -0.3705297293528836 0.09430729307526596 0.05037855123135221
  endloop
endfacet
facet normal 0.942759 0.333469 0.0018672
  outer loop
    vertex 0.3702054869237205 0.09571987780889007 0.1495717830193792
    vertex 0.3414088982412343 0.1768531216420795 0.1993017806467566
    vertex 0.3705604930045204 0.09417197291406933 0.2467721671764508
  endloop
endfacet
facet normal 0.993666 0.112336 0.0027981
  outer loop
    vertex 0.38 0.01 -0.2000000000004825
    vertex 0.3706865921273361 0.09361489351199338 -0.2495051137103116
    vertex 0.3701323279223909 0.09603522433719648 -0.1498432925364458
  endloop
endfacet
facet normal -0.993916 0.110126 0.0016508
  outer loop
    vertex -0.38 0.01 -0.1000000000007782
    vertex -0.3706176892502785 0.09391977368167785 -0.04940412829744656
    vertex -0.3709319183100317 0.09251976720059232 -0.1452005777665143
  endloop
endfacet
facet normal -0.94545 0.325766 -0.00126742
  outer loop
    vertex -0.3702654030329423 0.09546070042336917 0.1496622699773416
    vertex -0.3440650670176854 0.1713047725831932 0.09942955505922157
    vertex -0.3705297293528836 0.09430729307526596 0.05037855123135221
  endloop
endfacet
facet normal -0.851354 0.5245 0.00976556
  outer loop
    vertex -0.3461048469923963 0.1668803202711224 0.3071271233618408
    vertex -0.2987195034612355 0.2448758358194238 0.2490683056293403
    vertex -0.3422122889701618 0.1751991200878579 0.1996812973643936
  endloop
endfacet
facet normal 0.697662 0.716427 8.53368e-05
  outer loop
    vertex 0.2945164383748208 0.250125108072876 0.05027549252100882
    vertex 0.2321948708193456 0.3108081481030516 0.1015047630468262
    vertex 0.2945633481474565 0.2500675611742668 0.1498928558051851
  endloop
endfacet
facet normal 0.94228 0.334826 -0.000624574
  outer loop
    vertex 0.3411689438398918 0.1773432154560583 0.1000211633481438
    vertex 0.3414088982412343 0.1768531216420795 0.1993017806467566
    vertex 0.3702054869237205 0.09571987780889007 0.1495717830193792
  endloop
endfacet
facet normal -0.943631 0.330995 0.0015742
  outer loop
    vertex -0.3705699563716713 0.09413030033642823 0.2468354718939806
    vertex -0.3422122889701618 0.1751991200878579 0.1996812973643936
    vertex -0.3702654030329423 0.09546070042336917 0.1496622699773416
  endloop
endfacet
facet normal 0.94198 0.335669 -0.000223658
  outer loop
    vertex 0.3701353689443739 0.09602214050122353 0.05010266842135147
    vertex 0.341082564971364 0.1775192044887847 0.0003462553220519027
    vertex 0.3411689438398918 0.1773432154560583 0.1000211633481438
  endloop
endfacet
facet normal 0.944954 0.327029 -0.0106973
  outer loop
    vertex 0.3414088982412343 0.1768531216420795 0.1993017806467566
    vertex 0.3459969160734517 0.1671182168548918 0.3069806616026156
    vertex 0.3705604930045204 0.09417197291406933 0.2467721671764508
  endloop
endfacet
facet normal 0.841823 0.539753 0.000223476
  outer loop
    vertex 0.341082564971364 0.1775192044887847 0.0003462553220519027
    vertex 0.2945164383748208 0.250125108072876 0.05027549252100882
    vertex 0.3411689438398918 0.1773432154560583 0.1000211633481438
  endloop
endfacet
facet normal 0.697316 0.716763 -8.57017e-05
  outer loop
    vertex 0.2945633481474565 0.2500675611742668 0.1498928558051851
    vertex 0.2319078396908114 0.3110294900669052 0.2030579999996739
    vertex 0.2945164211214699 0.2501251292343244 0.249537151506486
  endloop
endfacet
facet normal 0.993655 0.112455 -0.0018383
  outer loop
    vertex 0.38 0.01 0.1999999999994631
    vertex 0.3702054869237205 0.09571987780889007 0.1495717830193792
    vertex 0.3705604930045204 0.09417197291406933 0.2467721671764508
  endloop
endfacet
facet normal -0.993678 0.112258 -0.00157739
  outer loop
    vertex -0.3705699563716713 0.09413030033642823 0.2468354718939806
    vertex -0.3702654030329423 0.09546070042336917 0.1496622699773416
    vertex -0.38 0.01 0.1999999999994631
  endloop
endfacet
facet normal 0.84214 0.539258 0.000626626
  outer loop
    vertex 0.2945633481474565 0.2500675611742668 0.1498928558051851
    vertex 0.3414088982412343 0.1768531216420795 0.1993017806467566
    vertex 0.3411689438398918 0.1773432154560583 0.1000211633481438
  endloop
endfacet
facet normal 0.69825 0.715854 0.000160535
  outer loop
    vertex 0.2944273411722603 0.2502343455258498 -0.04930425882319789
    vertex 0.232774422696614 0.3103598976865222 0.0005649227241953936
    vertex 0.2945164383748208 0.250125108072876 0.05027549252100882
  endloop
endfacet
facet normal -0.992692 0.11963 -0.0158759
  outer loop
    vertex -0.3709319183100317 0.09251976720059232 -0.1452005777665143
    vertex -0.367823816190842 0.1054234784673335 -0.2423114850161264
    vertex -0.38 0.01 -0.2000000000004825
  endloop
endfacet
facet normal -0.993777 0.111391 0
  outer loop
    vertex -0.38 0.01 0.2999999999997424
    vertex -0.3705699563716713 0.09413030033642823 0.2468354718939806
    vertex -0.38 0.01 0.1999999999994631
  endloop
endfacet
facet normal 0.99377 0.111447 -0
  outer loop
    vertex 0.38 0.01 0.1999999999994631
    vertex 0.3705604930045204 0.09417197291406933 0.2467721671764508
    vertex 0.38 0.01 0.2999999999997424
  endloop
endfacet
facet normal 0.842306 0.538999 8.52813e-05
  outer loop
    vertex 0.2945633481474565 0.2500675611742668 0.1498928558051851
    vertex 0.2945164211214699 0.2501251292343244 0.249537151506486
    vertex 0.3414088982412343 0.1768531216420795 0.1993017806467566
  endloop
endfacet
facet normal 0.841703 0.539941 -0.000160792
  outer loop
    vertex 0.341082564971364 0.1775192044887847 0.0003462553220519027
    vertex 0.2944273411722603 0.2502343455258498 -0.04930425882319789
    vertex 0.2945164383748208 0.250125108072876 0.05027549252100882
  endloop
endfacet
facet normal 0.698108 0.715992 -0.000180976
  outer loop
    vertex 0.2944273411722603 0.2502343455258498 -0.04930425882319789
    vertex 0.2326489397253626 0.3104571031689293 -0.09890839925336153
    vertex 0.232774422696614 0.3103598976865222 0.0005649227241953936
  endloop
endfacet
facet normal 0.313039 0.94974 0.000147247
  outer loop
    vertex 0.1591131569698942 0.3550840524844256 -0.0490531044037662
    vertex 0.1589957302081487 0.3551381720059049 -0.1484801586807797
    vertex 0.07732497774195309 0.382049523339577 -0.09861458253160732
  endloop
endfacet
facet normal -0.354601 0.935018 -0.000159218
  outer loop
    vertex -0.1740140288068501 0.3478152124733413 -0.04877735730925659
    vertex -0.09369079310449714 0.378268971388373 -0.09810054249180944
    vertex -0.1741345715553349 0.3477530917537839 -0.1451195992687368
  endloop
endfacet
facet normal 0.841919 0.539604 -8.4741e-05
  outer loop
    vertex 0.2945164383748208 0.250125108072876 0.05027549252100882
    vertex 0.2945633481474565 0.2500675611742668 0.1498928558051851
    vertex 0.3411689438398918 0.1773432154560583 0.1000211633481438
  endloop
endfacet
facet normal 0.993854 0.1107 -0
  outer loop
    vertex 0.38 0.01 -0.3000000000002088
    vertex 0.3706865921273361 0.09361489351199338 -0.2495051137103116
    vertex 0.38 0.01 -0.2000000000004825
  endloop
endfacet
facet normal -0.993779 0.111367 0.000443524
  outer loop
    vertex -0.3705297293528836 0.09430729307526596 0.05037855123135221
    vertex -0.3706176892502785 0.09391977368167785 -0.04940412829744656
    vertex -0.38 0.01 -1.063038546078587e-12
  endloop
endfacet
facet normal 0.993487 0.113945 -2.85192e-05
  outer loop
    vertex 0.38 0.01 -1.063038546078587e-12
    vertex 0.3701297094651654 0.09604648843056995 -0.04977001461770575
    vertex 0.3701353689443739 0.09602214050122353 0.05010266842135147
  endloop
endfacet
facet normal 0.993489 0.113929 -0
  outer loop
    vertex 0.38 0.01 -1.063038546078587e-12
    vertex 0.3701353689443739 0.09602214050122353 0.05010266842135147
    vertex 0.38 0.01 0.09999999999919462
  endloop
endfacet
facet normal -0.994016 0.109232 0
  outer loop
    vertex -0.38 0.01 -0.1000000000007782
    vertex -0.3709319183100317 0.09251976720059232 -0.1452005777665143
    vertex -0.38 0.01 -0.2000000000004825
  endloop
endfacet
facet normal 0.993487 0.113946 -0
  outer loop
    vertex 0.38 0.01 -0.2000000000004825
    vertex 0.3701323279223909 0.09603522433719648 -0.1498432925364458
    vertex 0.38 0.01 -0.1000000000007782
  endloop
endfacet
facet normal 0.317005 0.948395 0.00736789
  outer loop
    vertex 0.07732497774195309 0.382049523339577 -0.09861458253160732
    vertex 0.1589957302081487 0.3551381720059049 -0.1484801586807797
    vertex 0.08501311963801771 0.3803684239907772 -0.2130068633897791
  endloop
endfacet
facet normal 0.5189 0.854835 0.000180768
  outer loop
    vertex 0.2326489397253626 0.3104571031689293 -0.09890839925336153
    vertex 0.1591131569698942 0.3550840524844256 -0.0490531044037662
    vertex 0.232774422696614 0.3103598976865222 0.0005649227241953936
  endloop
endfacet
facet normal 0.518737 0.854934 -0.000147294
  outer loop
    vertex 0.2326489397253626 0.3104571031689293 -0.09890839925336153
    vertex 0.1589957302081487 0.3551381720059049 -0.1484801586807797
    vertex 0.1591131569698942 0.3550840524844256 -0.0490531044037662
  endloop
endfacet
facet normal -0.553437 0.832891 0.000155416
  outer loop
    vertex -0.1740140288068501 0.3478152124733413 -0.04877735730925659
    vertex -0.1741345715553349 0.3477530917537839 -0.1451195992687368
    vertex -0.2439683852852818 0.3013407403390269 -0.09508838598986791
  endloop
endfacet
facet normal 0.518256 0.855225 0.00083013
  outer loop
    vertex 0.2320879480839741 0.3108906518225028 -0.1953323635128763
    vertex 0.1589957302081487 0.3551381720059049 -0.1484801586807797
    vertex 0.2326489397253626 0.3104571031689293 -0.09890839925336153
  endloop
endfacet
facet normal -0.944225 0.329269 0.00465979
  outer loop
    vertex -0.3422122889701618 0.1751991200878579 0.1996812973643936
    vertex -0.3440650670176854 0.1713047725831932 0.09942955505922157
    vertex -0.3702654030329423 0.09546070042336917 0.1496622699773416
  endloop
endfacet
facet normal -0.991957 0.126575 0
  outer loop
    vertex -0.38 0.01 -0.2000000000004825
    vertex -0.367823816190842 0.1054234784673335 -0.2423114850161264
    vertex -0.38 0.01 -0.3000000000002088
  endloop
endfacet
facet normal 0.69638 0.717673 -0.000824659
  outer loop
    vertex 0.2935406983430876 0.2513169252585746 -0.1468522140633569
    vertex 0.2320879480839741 0.3108906518225028 -0.1953323635128763
    vertex 0.2326489397253626 0.3104571031689293 -0.09890839925336153
  endloop
endfacet
facet normal 0.845978 0.533079 0.0121482
  outer loop
    vertex 0.2945164211214699 0.2501251292343244 0.249537151506486
    vertex 0.3459969160734517 0.1671182168548918 0.3069806616026156
    vertex 0.3414088982412343 0.1768531216420795 0.1993017806467566
  endloop
endfacet
facet normal -0.99375 0.111628 0
  outer loop
    vertex -0.38 0.01 0.09999999999919462
    vertex -0.3705297293528836 0.09430729307526596 0.05037855123135221
    vertex -0.38 0.01 -1.063038546078587e-12
  endloop
endfacet
facet normal 0.993535 0.113523 -0
  outer loop
    vertex 0.38 0.01 0.09999999999919462
    vertex 0.3702054869237205 0.09571987780889007 0.1495717830193792
    vertex 0.38 0.01 0.1999999999994631
  endloop
endfacet
facet normal 0.312998 0.949754 -0.000451337
  outer loop
    vertex 0.1591131569698942 0.3550840524844256 -0.0490531044037662
    vertex 0.07742406135769266 0.3820289165144025 0.0007466040899000714
    vertex 0.1587497763745948 0.3552513700204767 0.05103434361227127
  endloop
endfacet
facet normal 0.313183 0.949693 -0.000115348
  outer loop
    vertex 0.1591131569698942 0.3550840524844256 -0.0490531044037662
    vertex 0.07732497774195309 0.382049523339577 -0.09861458253160732
    vertex 0.07742406135769266 0.3820289165144025 0.0007466040899000714
  endloop
endfacet
facet normal -0.993808 0.111109 0
  outer loop
    vertex -0.38 0.01 -1.063038546078587e-12
    vertex -0.3706176892502785 0.09391977368167785 -0.04940412829744656
    vertex -0.38 0.01 -0.1000000000007782
  endloop
endfacet
facet normal -0.134908 0.990858 -0.000829252
  outer loop
    vertex -0.09339501169445319 0.3783440942795106 0.1002293647482646
    vertex -0.008843463722685563 0.389897082312283 0.1493193688070587
    vertex -0.00811650642998606 0.3899133089579411 0.05044246953964437
  endloop
endfacet
facet normal -0.993575 0.113175 0
  outer loop
    vertex -0.38 0.01 0.1999999999994631
    vertex -0.3702654030329423 0.09546070042336917 0.1496622699773416
    vertex -0.38 0.01 0.09999999999919462
  endloop
endfacet
facet normal 0.518765 0.854917 0.000454269
  outer loop
    vertex 0.1591131569698942 0.3550840524844256 -0.0490531044037662
    vertex 0.1587497763745948 0.3552513700204767 0.05103434361227127
    vertex 0.232774422696614 0.3103598976865222 0.0005649227241953936
  endloop
endfacet
facet normal 0.0959774 0.99535 -0.00817708
  outer loop
    vertex 0.07732497774195309 0.382049523339577 -0.09861458253160732
    vertex 0.08501311963801771 0.3803684239907772 -0.2130068633897791
    vertex -0.008386918279343304 0.389907435570529 -0.1481470818920181
  endloop
endfacet
facet normal -0.357137 0.93404 0.00481453
  outer loop
    vertex -0.09369079310449714 0.378268971388373 -0.09810054249180944
    vertex -0.09857333520847837 0.3769922309611975 -0.212588996978291
    vertex -0.1741345715553349 0.3477530917537839 -0.1451195992687368
  endloop
endfacet
facet normal 0.106912 0.994238 0.00773216
  outer loop
    vertex 0.08501311963801771 0.3803684239907772 -0.2130068633897791
    vertex -0.002607940790212318 0.3899910507430863 -0.238803971219161
    vertex -0.008386918279343304 0.389907435570529 -0.1481470818920181
  endloop
endfacet
facet normal -0.136914 0.990579 0.00269165
  outer loop
    vertex -0.09339501169445319 0.3783440942795106 0.1002293647482646
    vertex -0.0959679380556861 0.3776821383550471 0.2129668528652351
    vertex -0.008843463722685563 0.389897082312283 0.1493193688070587
  endloop
endfacet
facet normal 0.697367 0.716712 0.00161543
  outer loop
    vertex 0.2944273411722603 0.2502343455258498 -0.04930425882319789
    vertex 0.2935406983430876 0.2513169252585746 -0.1468522140633569
    vertex 0.2326489397253626 0.3104571031689293 -0.09890839925336153
  endloop
endfacet
facet normal 0.697974 0.716122 0.000827327
  outer loop
    vertex 0.232774422696614 0.3103598976865222 0.0005649227241953936
    vertex 0.2321948708193456 0.3108081481030516 0.1015047630468262
    vertex 0.2945164383748208 0.250125108072876 0.05027549252100882
  endloop
endfacet
facet normal 0.0913707 0.995817 -0.000131436
  outer loop
    vertex 0.07732497774195309 0.382049523339577 -0.09861458253160732
    vertex -0.008386918279343304 0.389907435570529 -0.1481470818920181
    vertex -0.008271613324770707 0.3899099635611121 -0.04883701130481255
  endloop
endfacet
facet normal 0.0915129 0.995804 0.000115266
  outer loop
    vertex 0.07732497774195309 0.382049523339577 -0.09861458253160732
    vertex -0.008271613324770707 0.3899099635611121 -0.04883701130481255
    vertex 0.07742406135769266 0.3820289165144025 0.0007466040899000714
  endloop
endfacet
facet normal 0.518128 0.855303 -0.000823339
  outer loop
    vertex 0.1587497763745948 0.3552513700204767 0.05103434361227127
    vertex 0.2321948708193456 0.3108081481030516 0.1015047630468262
    vertex 0.232774422696614 0.3103598976865222 0.0005649227241953936
  endloop
endfacet
facet normal 0.0916805 0.995788 -0.00017679
  outer loop
    vertex -0.008271613324770707 0.3899099635611121 -0.04883701130481255
    vertex -0.00811650642998606 0.3899133089579411 0.05044246953964437
    vertex 0.07742406135769266 0.3820289165144025 0.0007466040899000714
  endloop
endfacet
facet normal -0.356483 0.934298 -0.00264989
  outer loop
    vertex -0.09339501169445319 0.3783440942795106 0.1002293647482646
    vertex -0.174708647698496 0.3474564985584999 0.1488164203701249
    vertex -0.0959679380556861 0.3776821383550471 0.2129668528652351
  endloop
endfacet
facet normal 0.382435 0.923279 -0.0360622
  outer loop
    vertex 0.09835123569472656 0.3770518143768266 -0.4
    vertex 0.139535191054523 0.3634542834050505 -0.3113793664688313
    vertex 0.1899999990090995 0.3390896540101834 -0.4
  endloop
endfacet
facet normal -0.382421 0.923245 -0.0370544
  outer loop
    vertex -0.1900000010616663 0.3390896528251333 -0.4
    vertex -0.1470250664367239 0.3604049512196952 -0.3124331225333282
    vertex -0.09835123856973214 0.3770518136064712 -0.4
  endloop
endfacet
facet normal -0.130433 0.990735 0.0378415
  outer loop
    vertex -1.772083665409805e-09 0.39 0.4
    vertex -0.04959995465636843 0.3867490471097256 0.3141518940821019
    vertex -0.09835123856973214 0.3770518136064712 0.4
  endloop
endfacet
facet normal -0.136309 0.990636 -0.0077754
  outer loop
    vertex -0.002607940790212318 0.3899910507430863 -0.238803971219161
    vertex -0.09857333520847837 0.3769922309611975 -0.212588996978291
    vertex -0.008386918279343304 0.389907435570529 -0.1481470818920181
  endloop
endfacet
facet normal 0.941931 0.335806 2.84896e-05
  outer loop
    vertex 0.3701353689443739 0.09602214050122353 0.05010266842135147
    vertex 0.3701297094651654 0.09604648843056995 -0.04977001461770575
    vertex 0.341082564971364 0.1775192044887847 0.0003462553220519027
  endloop
endfacet
facet normal 0.130453 0.990892 0.0333993
  outer loop
    vertex 0.09835123569472656 0.3770518143768266 0.4
    vertex 0.06053915122047628 0.3851466528832482 0.3075312531167885
    vertex -1.772083665409805e-09 0.39 0.4
  endloop
endfacet
facet normal 0.0118479 0.998931 -0.0446735
  outer loop
    vertex -1.772083665409805e-09 0.39 0.4
    vertex 0.06053915122047628 0.3851466528832482 0.3075312531167885
    vertex -0.04959995465636843 0.3867490471097256 0.3141518940821019
  endloop
endfacet
facet normal -0.554278 0.83233 0.0019877
  outer loop
    vertex -0.1740140288068501 0.3478152124733413 -0.04877735730925659
    vertex -0.2439683852852818 0.3013407403390269 -0.09508838598986791
    vertex -0.2452630788988669 0.3002516531030412 -7.420790583162473e-05
  endloop
endfacet
facet normal -0.72436 0.689414 0.00347774
  outer loop
    vertex -0.2439683852852818 0.3013407403390269 -0.09508838598986791
    vertex -0.3020034376723151 0.240638079323654 -0.1494377443991432
    vertex -0.3038835097092957 0.2381552377806838 -0.04883910712742645
  endloop
endfacet
facet normal -0.134482 0.990916 -8.6267e-05
  outer loop
    vertex -0.09346832969646433 0.3783254964616936 0.0008990023247705814
    vertex -0.09339501169445319 0.3783440942795106 0.1002293647482646
    vertex -0.00811650642998606 0.3899133089579411 0.05044246953964437
  endloop
endfacet
facet normal -0.382409 0.923218 0.0378415
  outer loop
    vertex -0.09835123856973214 0.3770518136064712 0.4
    vertex -0.1454197055492759 0.3610742218362976 0.3141518940862416
    vertex -0.1900000010616663 0.3390896528251333 0.4
  endloop
endfacet
facet normal -0.258634 0.965234 -0.0378415
  outer loop
    vertex -0.04959995465636843 0.3867490471097256 0.3141518940821019
    vertex -0.1454197055492759 0.3610742218362976 0.3141518940862416
    vertex -0.09835123856973214 0.3770518136064712 0.4
  endloop
endfacet
facet normal -0.138149 0.990398 -0.00515305
  outer loop
    vertex -0.008386918279343304 0.389907435570529 -0.1481470818920181
    vertex -0.09857333520847837 0.3769922309611975 -0.212588996978291
    vertex -0.09369079310449714 0.378268971388373 -0.09810054249180944
  endloop
endfacet
facet normal -0.553407 0.832903 -0.0035134
  outer loop
    vertex -0.2452630788988669 0.3002516531030412 -7.420790583162473e-05
    vertex -0.242870480566535 0.302256616125932 0.09836551455039783
    vertex -0.1739502106789168 0.3478480785867525 0.05062903223345294
  endloop
endfacet
facet normal 0.840013 0.542564 -0.00161379
  outer loop
    vertex 0.2944273411722603 0.2502343455258498 -0.04930425882319789
    vertex 0.3403953657544382 0.1789112044030894 -0.1011436776181824
    vertex 0.2935406983430876 0.2513169252585746 -0.1468522140633569
  endloop
endfacet
facet normal -0.354189 0.935174 -8.18045e-05
  outer loop
    vertex -0.09346832969646433 0.3783254964616936 0.0008990023247705814
    vertex -0.1740140288068501 0.3478152124733413 -0.04877735730925659
    vertex -0.1739502106789168 0.3478480785867525 0.05062903223345294
  endloop
endfacet
facet normal -0.134632 0.990896 0.000176949
  outer loop
    vertex -0.008271613324770707 0.3899099635611121 -0.04883701130481255
    vertex -0.09346832969646433 0.3783254964616936 0.0008990023247705814
    vertex -0.00811650642998606 0.3899133089579411 0.05044246953964437
  endloop
endfacet
facet normal 0.608449 0.792946 -0.032038
  outer loop
    vertex 0.1899999990090995 0.3390896540101834 -0.4
    vertex 0.2319075909940169 0.3110296816583903 -0.29860202845976
    vertex 0.2687005762354334 0.2787005774663427 -0.4
  endloop
endfacet
facet normal 0.489126 0.871342 0.0389723
  outer loop
    vertex 0.139535191054523 0.3634542834050505 -0.3113793664688313
    vertex 0.2319075909940169 0.3110296816583903 -0.29860202845976
    vertex 0.1899999990090995 0.3390896540101834 -0.4
  endloop
endfacet
facet normal -0.608313 0.792769 -0.0383851
  outer loop
    vertex -0.2687005775054031 0.278700576196373 -0.4
    vertex -0.2314305936213339 0.3113965499737464 -0.3153698717576492
    vertex -0.1900000010616663 0.3390896528251333 -0.4
  endloop
endfacet
facet normal -0.502741 0.863666 0.0364971
  outer loop
    vertex -0.1900000010616663 0.3390896528251333 -0.4
    vertex -0.2314305936213339 0.3113965499737464 -0.3153698717576492
    vertex -0.1470250664367239 0.3604049512196952 -0.3124331225333282
  endloop
endfacet
facet normal -0.135107 0.990831 0.000131645
  outer loop
    vertex -0.008386918279343304 0.389907435570529 -0.1481470818920181
    vertex -0.09369079310449714 0.378268971388373 -0.09810054249180944
    vertex -0.008271613324770707 0.3899099635611121 -0.04883701130481255
  endloop
endfacet
facet normal -0.552172 0.83373 -0.000940199
  outer loop
    vertex -0.242870480566535 0.302256616125932 0.09836551455039783
    vertex -0.174708647698496 0.3474564985584999 0.1488164203701249
    vertex -0.1739502106789168 0.3478480785867525 0.05062903223345294
  endloop
endfacet
facet normal -0.608415 0.792902 0.0337095
  outer loop
    vertex -0.1900000010616663 0.3390896528251333 0.4
    vertex -0.236082543721803 0.3077667418464376 0.3050320963326654
    vertex -0.2687005775054031 0.278700576196373 0.4
  endloop
endfacet
facet normal -0.55518 0.83173 8.14318e-05
  outer loop
    vertex -0.1740140288068501 0.3478152124733413 -0.04877735730925659
    vertex -0.2452630788988669 0.3002516531030412 -7.420790583162473e-05
    vertex -0.1739502106789168 0.3478480785867525 0.05062903223345294
  endloop
endfacet
facet normal 0.841117 0.540851 0.00172282
  outer loop
    vertex 0.341082564971364 0.1775192044887847 0.0003462553220519027
    vertex 0.3403953657544382 0.1789112044030894 -0.1011436776181824
    vertex 0.2944273411722603 0.2502343455258498 -0.04930425882319789
  endloop
endfacet
facet normal 0.608347 0.792813 0.0368868
  outer loop
    vertex 0.2687005762354334 0.2787005774663427 0.4
    vertex 0.2315442752267103 0.3113092242360619 0.311929334552364
    vertex 0.1899999990090995 0.3390896540101834 0.4
  endloop
endfacet
facet normal -0.354374 0.935104 0.00026241
  outer loop
    vertex -0.09346832969646433 0.3783254964616936 0.0008990023247705814
    vertex -0.09369079310449714 0.378268971388373 -0.09810054249180944
    vertex -0.1740140288068501 0.3478152124733413 -0.04877735730925659
  endloop
endfacet
facet normal -0.354098 0.935208 8.62667e-05
  outer loop
    vertex -0.09346832969646433 0.3783254964616936 0.0008990023247705814
    vertex -0.1739502106789168 0.3478480785867525 0.05062903223345294
    vertex -0.09339501169445319 0.3783440942795106 0.1002293647482646
  endloop
endfacet
facet normal -0.726372 0.687298 -0.00201972
  outer loop
    vertex -0.2439683852852818 0.3013407403390269 -0.09508838598986791
    vertex -0.3038835097092957 0.2381552377806838 -0.04883910712742645
    vertex -0.2452630788988669 0.3002516531030412 -7.420790583162473e-05
  endloop
endfacet
facet normal 0.941582 0.336779 -0.00175641
  outer loop
    vertex 0.3701297094651654 0.09604648843056995 -0.04977001461770575
    vertex 0.3403953657544382 0.1789112044030894 -0.1011436776181824
    vertex 0.341082564971364 0.1775192044887847 0.0003462553220519027
  endloop
endfacet
facet normal -0.503417 0.863099 -0.0403927
  outer loop
    vertex -0.1900000010616663 0.3390896528251333 0.4
    vertex -0.1454197055492759 0.3610742218362976 0.3141518940862416
    vertex -0.236082543721803 0.3077667418464376 0.3050320963326654
  endloop
endfacet
facet normal -0.354584 0.935024 0.000990013
  outer loop
    vertex -0.1739502106789168 0.3478480785867525 0.05062903223345294
    vertex -0.174708647698496 0.3474564985584999 0.1488164203701249
    vertex -0.09339501169445319 0.3783440942795106 0.1002293647482646
  endloop
endfacet
facet normal 0.792843 0.60837 -0.0358744
  outer loop
    vertex 0.2687005762354334 0.2787005774663427 -0.4
    vertex 0.3059764549250565 0.2353406510851845 -0.3114954705793435
    vertex 0.3290896531602238 0.2000000004812726 -0.4
  endloop
endfacet
facet normal -0.792773 0.608316 -0.0382386
  outer loop
    vertex -0.3290896537402555 0.1999999994766283 -0.4
    vertex -0.301079365824712 0.2418430837324876 -0.3150589604576488
    vertex -0.2687005775054031 0.278700576196373 -0.4
  endloop
endfacet
facet normal -0.134884 0.990861 -0.000262645
  outer loop
    vertex -0.008271613324770707 0.3899099635611121 -0.04883701130481255
    vertex -0.09369079310449714 0.378268971388373 -0.09810054249180944
    vertex -0.09346832969646433 0.3783254964616936 0.0008990023247705814
  endloop
endfacet
facet normal 0.71746 0.695531 0.0385767
  outer loop
    vertex 0.2687005762354334 0.2787005774663427 -0.4
    vertex 0.2319075909940169 0.3110296816583903 -0.29860202845976
    vertex 0.3059764549250565 0.2353406510851845 -0.3114954705793435
  endloop
endfacet
facet normal -0.706035 0.707171 0.0377202
  outer loop
    vertex -0.301079365824712 0.2418430837324876 -0.3150589604576488
    vertex -0.2314305936213339 0.3113965499737464 -0.3153698717576492
    vertex -0.2687005775054031 0.278700576196373 -0.4
  endloop
endfacet
facet normal 0.0912498 0.995828 -0.000924381
  outer loop
    vertex -0.00811650642998606 0.3899133089579411 0.05044246953964437
    vertex 0.07662007050015861 0.3821953315082696 0.1006585309060887
    vertex 0.07742406135769266 0.3820289165144025 0.0007466040899000714
  endloop
endfacet
facet normal 0.312227 0.950007 0.000930142
  outer loop
    vertex 0.07742406135769266 0.3820289165144025 0.0007466040899000714
    vertex 0.07662007050015861 0.3821953315082696 0.1006585309060887
    vertex 0.1587497763745948 0.3552513700204767 0.05103434361227127
  endloop
endfacet
facet normal 0.0846841 0.996345 -0.0111862
  outer loop
    vertex 0.07286067317637858 0.3829494902855948 0.205111050572944
    vertex -0.005418107746031791 0.3899613718635783 0.237051079094255
    vertex 0.06053915122047628 0.3851466528832482 0.3075312531167885
  endloop
endfacet
facet normal -0.710528 0.703654 0.00450056
  outer loop
    vertex -0.2987195034612355 0.2448758358194238 0.2490683056293403
    vertex -0.3006712061118465 0.2423721709139189 0.332385694588638
    vertex -0.236082543721803 0.3077667418464376 0.3050320963326654
  endloop
endfacet
facet normal 0.703853 0.710209 0.0139384
  outer loop
    vertex 0.2315442752267103 0.3113092242360619 0.311929334552364
    vertex 0.3005674829378168 0.2425063186247316 0.3321788308550578
    vertex 0.2945164211214699 0.2501251292343244 0.249537151506486
  endloop
endfacet
facet normal -0.706135 0.706922 -0.0404424
  outer loop
    vertex -0.301079365824712 0.2418430837324876 -0.3150589604576488
    vertex -0.2689193869846676 0.2784815883888327 -0.2361499762366437
    vertex -0.2314305936213339 0.3113965499737464 -0.3153698717576492
  endloop
endfacet
facet normal -0.92314 0.382377 -0.0399996
  outer loop
    vertex -0.3670518140672614 0.1083512368500395 -0.4
    vertex -0.3494962901884597 0.1591721929332138 -0.3193350760867208
    vertex -0.3290896537402555 0.1999999994766283 -0.4
  endloop
endfacet
facet normal 0.923175 0.382392 -0.0390451
  outer loop
    vertex 0.3290896531602238 0.2000000004812726 -0.4
    vertex 0.3521003681178437 0.1529172164971001 -0.3170484131119476
    vertex 0.3670518139329518 0.1083512373512899 -0.4
  endloop
endfacet
facet normal 0.130431 0.990722 -0.0381823
  outer loop
    vertex -1.772083665409805e-09 0.39 -0.4
    vertex 0.04636780147004365 0.3871604790892527 -0.315284801203535
    vertex 0.09835123569472656 0.3770518143768266 -0.4
  endloop
endfacet
facet normal -0.85338 0.521282 0.00280256
  outer loop
    vertex -0.3440650670176854 0.1713047725831932 0.09942955505922157
    vertex -0.2998336821730602 0.243451843073779 0.1484002770723569
    vertex -0.3013826934668918 0.2414486381006411 0.04932616261162198
  endloop
endfacet
facet normal -0.791562 0.610041 -0.0357736
  outer loop
    vertex -0.2689193869846676 0.2784815883888327 -0.2361499762366437
    vertex -0.3284942659059413 0.2010275301282952 -0.2387467107227547
    vertex -0.3020034376723151 0.240638079323654 -0.1494377443991432
  endloop
endfacet
facet normal -0.792653 0.608319 0.0406013
  outer loop
    vertex -0.301079365824712 0.2418430837324876 -0.3150589604576488
    vertex -0.3284942659059413 0.2010275301282952 -0.2387467107227547
    vertex -0.2689193869846676 0.2784815883888327 -0.2361499762366437
  endloop
endfacet
facet normal -0.721965 0.691921 0.00345486
  outer loop
    vertex -0.2452630788988669 0.3002516531030412 -7.420790583162473e-05
    vertex -0.3013826934668918 0.2414486381006411 0.04932616261162198
    vertex -0.242870480566535 0.302256616125932 0.09836551455039783
  endloop
endfacet
facet normal -0.848909 0.528536 0.00191923
  outer loop
    vertex -0.2987195034612355 0.2448758358194238 0.2490683056293403
    vertex -0.2998336821730602 0.243451843073779 0.1484002770723569
    vertex -0.3422122889701618 0.1751991200878579 0.1996812973643936
  endloop
endfacet
facet normal -0.945973 0.324243 0.00140633
  outer loop
    vertex -0.3440650670176854 0.1713047725831932 0.09942955505922157
    vertex -0.3446152198155595 0.1701260449504503 0.001134405501006852
    vertex -0.3705297293528836 0.09430729307526596 0.05037855123135221
  endloop
endfacet
facet normal 0.502026 0.864811 0.0084002
  outer loop
    vertex 0.1503507197445998 0.3589909183235014 0.2554587405793639
    vertex 0.1454197030795034 0.3610742228593108 0.3356753140826675
    vertex 0.2315442752267103 0.3113092242360619 0.311929334552364
  endloop
endfacet
facet normal -0.13043 0.990717 -0.038313
  outer loop
    vertex -0.09835123856973214 0.3770518136064712 -0.4
    vertex -0.05288245616216293 0.3863023330119771 -0.3155864289124656
    vertex -1.772083665409805e-09 0.39 -0.4
  endloop
endfacet
facet normal -0.61446 0.788095 0.0366672
  outer loop
    vertex -0.2689193869846676 0.2784815883888327 -0.2361499762366437
    vertex -0.1941869303294914 0.3366365504489803 -0.2337379896528455
    vertex -0.2314305936213339 0.3113965499737464 -0.3153698717576492
  endloop
endfacet
facet normal -0.863151 0.503622 0.0365433
  outer loop
    vertex -0.3290896537402555 0.1999999994766283 -0.4
    vertex -0.3494962901884597 0.1591721929332138 -0.3193350760867208
    vertex -0.301079365824712 0.2418430837324876 -0.3150589604576488
  endloop
endfacet
facet normal 0.873126 0.48632 0.0338274
  outer loop
    vertex 0.3059764549250565 0.2353406510851845 -0.3114954705793435
    vertex 0.3521003681178437 0.1529172164971001 -0.3170484131119476
    vertex 0.3290896531602238 0.2000000004812726 -0.4
  endloop
endfacet
facet normal 0.245072 0.968881 0.0347703
  outer loop
    vertex 0.09835123569472656 0.3770518143768266 -0.4
    vertex 0.04636780147004365 0.3871604790892527 -0.315284801203535
    vertex 0.139535191054523 0.3634542834050505 -0.3113793664688313
  endloop
endfacet
facet normal 0.827172 0.561741 -0.0153104
  outer loop
    vertex 0.3371864113361255 0.185229346886488 -0.213577809247582
    vertex 0.2856484060430668 0.2606092339181764 -0.2323112004746198
    vertex 0.2935406983430876 0.2513169252585746 -0.1468522140633569
  endloop
endfacet
facet normal -0.363935 0.931391 0.0078659
  outer loop
    vertex -0.174708647698496 0.3474564985584999 0.1488164203701249
    vertex -0.1800619615816646 0.3446306770028163 0.2357342934943084
    vertex -0.0959679380556861 0.3776821383550471 0.2129668528652351
  endloop
endfacet
facet normal 0.334826 0.942152 -0.0155062
  outer loop
    vertex 0.1589957302081487 0.3551381720059049 -0.1484801586807797
    vertex 0.1700553299635523 0.3498252267725093 -0.2324827253041844
    vertex 0.08501311963801771 0.3803684239907772 -0.2130068633897791
  endloop
endfacet
facet normal -0.5097 0.859174 0.0450064
  outer loop
    vertex -0.1454197055492759 0.3610742218362976 0.3141518940862416
    vertex -0.1800619615816646 0.3446306770028163 0.2357342934943084
    vertex -0.236082543721803 0.3077667418464376 0.3050320963326654
  endloop
endfacet
facet normal -0.995355 0.0962691 0
  outer loop
    vertex -0.38 0.01 -0.3000000000002088
    vertex -0.3729565199354306 0.08282468151425582 -0.3266171358590454
    vertex -0.38 0.01 -0.4
  endloop
endfacet
facet normal -0.55239 0.833585 -0.000515775
  outer loop
    vertex -0.242870480566535 0.302256616125932 0.09836551455039783
    vertex -0.2425187247970096 0.3025485739545355 0.1934947473725417
    vertex -0.174708647698496 0.3474564985584999 0.1488164203701249
  endloop
endfacet
facet normal -0.99086 0.130449 -0.0343516
  outer loop
    vertex -0.38 0.01 -0.4
    vertex -0.3729565199354306 0.08282468151425582 -0.3266171358590454
    vertex -0.3670518140672614 0.1083512368500395 -0.4
  endloop
endfacet
facet normal -0.995359 0.0962268 0
  outer loop
    vertex -0.38 0.01 0.4
    vertex -0.3729626989509867 0.08279302982563408 0.3266489249541495
    vertex -0.38 0.01 0.2999999999997424
  endloop
endfacet
facet normal 0.995359 0.0962269 -0
  outer loop
    vertex 0.38 0.01 0.2999999999997424
    vertex 0.3729626989368579 0.08279302989802498 0.32664892508151
    vertex 0.38 0.01 0.4
  endloop
endfacet
facet normal 0.995359 0.0962269 -0
  outer loop
    vertex 0.38 0.01 -0.4
    vertex 0.3729626989369206 0.08279302989770333 -0.3266489250819601
    vertex 0.38 0.01 -0.3000000000002088
  endloop
endfacet
facet normal -0.990858 0.130449 0.0343936
  outer loop
    vertex -0.3670518140672614 0.1083512368500395 0.4
    vertex -0.3729626989509867 0.08279302982563408 0.3266489249541495
    vertex -0.38 0.01 0.4
  endloop
endfacet
facet normal 0.990858 0.130449 0.0343936
  outer loop
    vertex 0.38 0.01 0.4
    vertex 0.3729626989368579 0.08279302989802498 0.32664892508151
    vertex 0.3670518139329518 0.1083512373512899 0.4
  endloop
endfacet
facet normal 0.990858 0.130449 -0.0343936
  outer loop
    vertex 0.3670518139329518 0.1083512373512899 -0.4
    vertex 0.3729626989369206 0.08279302989770333 -0.3266489250819601
    vertex 0.38 0.01 -0.4
  endloop
endfacet
facet normal -0.717111 0.696956 -0.00192187
  outer loop
    vertex -0.2425187247970096 0.3025485739545355 0.1934947473725417
    vertex -0.2998336821730602 0.243451843073779 0.1484002770723569
    vertex -0.2987195034612355 0.2448758358194238 0.2490683056293403
  endloop
endfacet
facet normal 0.282371 0.958787 -0.0315329
  outer loop
    vertex 0.09835123569472656 0.3770518143768266 0.4
    vertex 0.1454197030795034 0.3610742228593108 0.3356753140826675
    vertex 0.06053915122047628 0.3851466528832482 0.3075312531167885
  endloop
endfacet
facet normal 0.49096 0.870126 -0.0428733
  outer loop
    vertex 0.2315442752267103 0.3113092242360619 0.311929334552364
    vertex 0.1454197030795034 0.3610742228593108 0.3356753140826675
    vertex 0.1899999990090995 0.3390896540101834 0.4
  endloop
endfacet
facet normal -0.947363 0.320156 -0.00157137
  outer loop
    vertex -0.3706176892502785 0.09391977368167785 -0.04940412829744656
    vertex -0.3452615719024577 0.1687275872916994 -0.09476547832488874
    vertex -0.3709319183100317 0.09251976720059232 -0.1452005777665143
  endloop
endfacet
facet normal 0.951337 0.307775 0.015234
  outer loop
    vertex 0.3459969160734517 0.1671182168548918 0.3069806616026156
    vertex 0.3729626989368579 0.08279302989802498 0.32664892508151
    vertex 0.3705604930045204 0.09417197291406933 0.2467721671764508
  endloop
endfacet
facet normal -0.951455 0.307415 0.0151435
  outer loop
    vertex -0.3705699563716713 0.09413030033642823 0.2468354718939806
    vertex -0.3729626989509867 0.08279302982563408 0.3266489249541495
    vertex -0.3461048469923963 0.1668803202711224 0.3071271233618408
  endloop
endfacet
facet normal -0.725346 0.688368 -0.00461583
  outer loop
    vertex -0.3038835097092957 0.2381552377806838 -0.04883910712742645
    vertex -0.3013826934668918 0.2414486381006411 0.04932616261162198
    vertex -0.2452630788988669 0.3002516531030412 -7.420790583162473e-05
  endloop
endfacet
facet normal -0.948759 0.315788 0.011595
  outer loop
    vertex -0.3709319183100317 0.09251976720059232 -0.1452005777665143
    vertex -0.3476892305475087 0.1633368806298124 -0.1720656297049298
    vertex -0.367823816190842 0.1054234784673335 -0.2423114850161264
  endloop
endfacet
facet normal -0.861391 0.506476 -0.0385634
  outer loop
    vertex -0.3494962901884597 0.1591721929332138 -0.3193350760867208
    vertex -0.3284942659059413 0.2010275301282952 -0.2387467107227547
    vertex -0.301079365824712 0.2418430837324876 -0.3150589604576488
  endloop
endfacet
facet normal -0.946337 0.32318 -0.000420904
  outer loop
    vertex -0.3705297293528836 0.09430729307526596 0.05037855123135221
    vertex -0.3446152198155595 0.1701260449504503 0.001134405501006852
    vertex -0.3706176892502785 0.09391977368167785 -0.04940412829744656
  endloop
endfacet
facet normal -0.851114 0.52496 -0.00466276
  outer loop
    vertex -0.3422122889701618 0.1751991200878579 0.1996812973643936
    vertex -0.2998336821730602 0.243451843073779 0.1484002770723569
    vertex -0.3440650670176854 0.1713047725831932 0.09942955505922157
  endloop
endfacet
facet normal -0.946763 0.321928 0.00168654
  outer loop
    vertex -0.3446152198155595 0.1701260449504503 0.001134405501006852
    vertex -0.3452615719024577 0.1687275872916994 -0.09476547832488874
    vertex -0.3706176892502785 0.09391977368167785 -0.04940412829744656
  endloop
endfacet
facet normal -0.718123 0.69509 -0.0339079
  outer loop
    vertex -0.236082543721803 0.3077667418464376 0.3050320963326654
    vertex -0.3006712061118465 0.2423721709139189 0.332385694588638
    vertex -0.2687005775054031 0.278700576196373 0.4
  endloop
endfacet
facet normal -0.854729 0.519072 -0.00144069
  outer loop
    vertex -0.3013826934668918 0.2414486381006411 0.04932616261162198
    vertex -0.3446152198155595 0.1701260449504503 0.001134405501006852
    vertex -0.3440650670176854 0.1713047725831932 0.09942955505922157
  endloop
endfacet
facet normal -0.719975 0.693971 -0.00629399
  outer loop
    vertex -0.2439683852852818 0.3013407403390269 -0.09508838598986791
    vertex -0.2406904888726382 0.3040545673276483 -0.1708253356063012
    vertex -0.3020034376723151 0.240638079323654 -0.1494377443991432
  endloop
endfacet
facet normal -0.858026 0.513596 -0.00335962
  outer loop
    vertex -0.3020034376723151 0.240638079323654 -0.1494377443991432
    vertex -0.3452615719024577 0.1687275872916994 -0.09476547832488874
    vertex -0.3038835097092957 0.2381552377806838 -0.04883910712742645
  endloop
endfacet
facet normal 0.711305 0.701729 -0.0402747
  outer loop
    vertex 0.2687005762354334 0.2787005774663427 0.4
    vertex 0.3005674829378168 0.2425063186247316 0.3321788308550578
    vertex 0.2315442752267103 0.3113092242360619 0.311929334552364
  endloop
endfacet
facet normal -0.858516 0.512784 -0.00169138
  outer loop
    vertex -0.3038835097092957 0.2381552377806838 -0.04883910712742645
    vertex -0.3452615719024577 0.1687275872916994 -0.09476547832488874
    vertex -0.3446152198155595 0.1701260449504503 0.001134405501006852
  endloop
endfacet
facet normal 0.0176353 0.998507 0.0517075
  outer loop
    vertex 0.06053915122047628 0.3851466528832482 0.3075312531167885
    vertex -0.005418107746031791 0.3899613718635783 0.237051079094255
    vertex -0.04959995465636843 0.3867490471097256 0.3141518940821019
  endloop
endfacet
facet normal -0.135569 0.990757 0.00456706
  outer loop
    vertex -0.0959679380556861 0.3776821383550471 0.2129668528652351
    vertex -0.005418107746031791 0.3899613718635783 0.237051079094255
    vertex -0.008843463722685563 0.389897082312283 0.1493193688070587
  endloop
endfacet
facet normal -0.712803 0.700551 0.0337771
  outer loop
    vertex -0.3020034376723151 0.240638079323654 -0.1494377443991432
    vertex -0.2406904888726382 0.3040545673276483 -0.1708253356063012
    vertex -0.2689193869846676 0.2784815883888327 -0.2361499762366437
  endloop
endfacet
facet normal -0.500733 0.864727 -0.0389136
  outer loop
    vertex -0.2314305936213339 0.3113965499737464 -0.3153698717576492
    vertex -0.1941869303294914 0.3366365504489803 -0.2337379896528455
    vertex -0.1470250664367239 0.3604049512196952 -0.3124331225333282
  endloop
endfacet
facet normal 0.0875387 0.996152 -0.0041478
  outer loop
    vertex -0.008843463722685563 0.389897082312283 0.1493193688070587
    vertex -0.005418107746031791 0.3899613718635783 0.237051079094255
    vertex 0.07286067317637858 0.3829494902855948 0.205111050572944
  endloop
endfacet
facet normal -0.263919 0.963853 0.0365339
  outer loop
    vertex -0.1470250664367239 0.3604049512196952 -0.3124331225333282
    vertex -0.05288245616216293 0.3863023330119771 -0.3155864289124656
    vertex -0.09835123856973214 0.3770518136064712 -0.4
  endloop
endfacet
facet normal -0.718043 0.695998 0.000519018
  outer loop
    vertex -0.242870480566535 0.302256616125932 0.09836551455039783
    vertex -0.2998336821730602 0.243451843073779 0.1484002770723569
    vertex -0.2425187247970096 0.3025485739545355 0.1934947473725417
  endloop
endfacet
facet normal 0.851623 0.523284 -0.0301862
  outer loop
    vertex 0.3459969160734517 0.1671182168548918 0.3069806616026156
    vertex 0.3005674829378168 0.2425063186247316 0.3321788308550578
    vertex 0.3290896531602238 0.2000000004812726 0.4
  endloop
endfacet
facet normal -0.8565 0.516128 0.00450396
  outer loop
    vertex -0.3038835097092957 0.2381552377806838 -0.04883910712742645
    vertex -0.3446152198155595 0.1701260449504503 0.001134405501006852
    vertex -0.3013826934668918 0.2414486381006411 0.04932616261162198
  endloop
endfacet
facet normal -0.851879 0.522857 -0.0303854
  outer loop
    vertex -0.3290896537402555 0.1999999994766283 0.4
    vertex -0.3006712061118465 0.2423721709139189 0.332385694588638
    vertex -0.3461048469923963 0.1668803202711224 0.3071271233618408
  endloop
endfacet
facet normal 0.524962 0.850988 0.0152925
  outer loop
    vertex 0.2320879480839741 0.3108906518225028 -0.1953323635128763
    vertex 0.1700553299635523 0.3498252267725093 -0.2324827253041844
    vertex 0.1589957302081487 0.3551381720059049 -0.1484801586807797
  endloop
endfacet
facet normal 0.689843 0.723803 0.0149939
  outer loop
    vertex 0.2935406983430876 0.2513169252585746 -0.1468522140633569
    vertex 0.2856484060430668 0.2606092339181764 -0.2323112004746198
    vertex 0.2320879480839741 0.3108906518225028 -0.1953323635128763
  endloop
endfacet
facet normal 0.792445 0.608065 0.0478365
  outer loop
    vertex 0.3290896531602238 0.2000000004812726 0.4
    vertex 0.3005674829378168 0.2425063186247316 0.3321788308550578
    vertex 0.2687005762354334 0.2787005774663427 0.4
  endloop
endfacet
facet normal -0.792439 0.60806 0.0479918
  outer loop
    vertex -0.2687005775054031 0.278700576196373 0.4
    vertex -0.3006712061118465 0.2423721709139189 0.332385694588638
    vertex -0.3290896537402555 0.1999999994766283 0.4
  endloop
endfacet
facet normal 0.854244 0.519667 -0.0146396
  outer loop
    vertex 0.2945164211214699 0.2501251292343244 0.249537151506486
    vertex 0.3005674829378168 0.2425063186247316 0.3321788308550578
    vertex 0.3459969160734517 0.1671182168548918 0.3069806616026156
  endloop
endfacet
facet normal -0.85612 0.516757 -0.00452612
  outer loop
    vertex -0.3461048469923963 0.1668803202711224 0.3071271233618408
    vertex -0.3006712061118465 0.2423721709139189 0.332385694588638
    vertex -0.2987195034612355 0.2448758358194238 0.2490683056293403
  endloop
endfacet
facet normal 0.382196 0.922702 0.0504753
  outer loop
    vertex 0.1899999990090995 0.3390896540101834 0.4
    vertex 0.1454197030795034 0.3610742228593108 0.3356753140826675
    vertex 0.09835123569472656 0.3770518143768266 0.4
  endloop
endfacet
facet normal -0.555422 0.831538 -0.00717422
  outer loop
    vertex -0.2425187247970096 0.3025485739545355 0.1934947473725417
    vertex -0.1800619615816646 0.3446306770028163 0.2357342934943084
    vertex -0.174708647698496 0.3474564985584999 0.1488164203701249
  endloop
endfacet
facet normal -0.612648 0.78912 -0.0441758
  outer loop
    vertex -0.2689193869846676 0.2784815883888327 -0.2361499762366437
    vertex -0.2406904888726382 0.3040545673276483 -0.1708253356063012
    vertex -0.1941869303294914 0.3366365504489803 -0.2337379896528455
  endloop
endfacet
facet normal 0.959055 0.282432 0.0211256
  outer loop
    vertex 0.3521003681178437 0.1529172164971001 -0.3170484131119476
    vertex 0.3729626989369206 0.08279302989770333 -0.3266489250819601
    vertex 0.3670518139329518 0.1083512373512899 -0.4
  endloop
endfacet
facet normal -0.956256 0.291508 0.0244577
  outer loop
    vertex -0.3670518140672614 0.1083512368500395 -0.4
    vertex -0.3729565199354306 0.08282468151425582 -0.3266171358590454
    vertex -0.3494962901884597 0.1591721929332138 -0.3193350760867208
  endloop
endfacet
facet normal -0.994688 0.101786 -0.0153616
  outer loop
    vertex -0.38 0.01 0.2999999999997424
    vertex -0.3729626989509867 0.08279302982563408 0.3266489249541495
    vertex -0.3705699563716713 0.09413030033642823 0.2468354718939806
  endloop
endfacet
facet normal 0.994685 0.101804 -0.0154115
  outer loop
    vertex 0.3705604930045204 0.09417197291406933 0.2467721671764508
    vertex 0.3729626989368579 0.08279302989802498 0.32664892508151
    vertex 0.38 0.01 0.2999999999997424
  endloop
endfacet
facet normal -0.993683 0.10767 0.0316357
  outer loop
    vertex -0.367823816190842 0.1054234784673335 -0.2423114850161264
    vertex -0.3729565199354306 0.08282468151425582 -0.3266171358590454
    vertex -0.38 0.01 -0.3000000000002088
  endloop
endfacet
facet normal 0.994702 0.101685 0.0150838
  outer loop
    vertex 0.38 0.01 -0.3000000000002088
    vertex 0.3729626989369206 0.08279302989770333 -0.3266489250819601
    vertex 0.3706865921273361 0.09361489351199338 -0.2495051137103116
  endloop
endfacet
facet normal -0.864745 0.501039 0.0342786
  outer loop
    vertex -0.3284942659059413 0.2010275301282952 -0.2387467107227547
    vertex -0.3476892305475087 0.1633368806298124 -0.1720656297049298
    vertex -0.3020034376723151 0.240638079323654 -0.1494377443991432
  endloop
endfacet
facet normal -0.550475 0.83483 0.00608929
  outer loop
    vertex -0.1741345715553349 0.3477530917537839 -0.1451195992687368
    vertex -0.2406904888726382 0.3040545673276483 -0.1708253356063012
    vertex -0.2439683852852818 0.3013407403390269 -0.09508838598986791
  endloop
endfacet
facet normal -0.859751 0.510642 -0.00860979
  outer loop
    vertex -0.3020034376723151 0.240638079323654 -0.1494377443991432
    vertex -0.3476892305475087 0.1633368806298124 -0.1720656297049298
    vertex -0.3452615719024577 0.1687275872916994 -0.09476547832488874
  endloop
endfacet
facet normal -0.955111 0.295498 -0.0210613
  outer loop
    vertex -0.3494962901884597 0.1591721929332138 -0.3193350760867208
    vertex -0.3729565199354306 0.08282468151425582 -0.3266171358590454
    vertex -0.367823816190842 0.1054234784673335 -0.2423114850161264
  endloop
endfacet
facet normal 0.957965 0.286635 -0.0119452
  outer loop
    vertex 0.3706865921273361 0.09361489351199338 -0.2495051137103116
    vertex 0.3729626989369206 0.08279302989770333 -0.3266489250819601
    vertex 0.3521003681178437 0.1529172164971001 -0.3170484131119476
  endloop
endfacet
facet normal -0.554397 0.831985 0.0210812
  outer loop
    vertex -0.1941869303294914 0.3366365504489803 -0.2337379896528455
    vertex -0.2406904888726382 0.3040545673276483 -0.1708253356063012
    vertex -0.1741345715553349 0.3477530917537839 -0.1451195992687368
  endloop
endfacet
facet normal -0.949216 0.314527 0.0078764
  outer loop
    vertex -0.3452615719024577 0.1687275872916994 -0.09476547832488874
    vertex -0.3476892305475087 0.1633368806298124 -0.1720656297049298
    vertex -0.3709319183100317 0.09251976720059232 -0.1452005777665143
  endloop
endfacet
facet normal -1 0 0
  outer loop
    vertex -0.38 -0.1908282199702837 -0.2404375694314797
    vertex -0.38 -0.1575203697836216 -0.1567088043383415
    vertex -0.38 -0.07909254140586409 -0.2412323279211677
  endloop
endfacet
facet normal -1 0 0
  outer loop
    vertex -0.38 -0.1559033880828901 0.2018368641690473
    vertex -0.38 -0.227724142643231 0.2417630479660147
    vertex -0.38 -0.1476285291820636 0.3083579756538249
  endloop
endfacet
facet normal -1 0 0
  outer loop
    vertex -0.38 -0.07909254140586409 -0.2412323279211677
    vertex -0.38 -0.1575203697836216 -0.1567088043383415
    vertex -0.38 -0.07302668086160448 -0.1387182283367944
  endloop
endfacet
facet normal -1 0 0
  outer loop
    vertex -0.38 -0.2395693599055173 -0.3153664820181591
    vertex -0.38 -0.3000627142707565 -0.242224469324722
    vertex -0.38 -0.1908282199702837 -0.2404375694314797
  endloop
endfacet
facet normal -1 0 0
  outer loop
    vertex -0.38 -0.1908282199702837 -0.2404375694314797
    vertex -0.38 -0.07909254140586409 -0.2412323279211677
    vertex -0.38 -0.1404449986947253 -0.3153031030136345
  endloop
endfacet
facet normal -1 0 0
  outer loop
    vertex -0.38 -0.1559033880828901 0.2018368641690473
    vertex -0.38 -0.1476285291820636 0.3083579756538249
    vertex -0.38 -0.07295497756517512 0.2480101666247697
  endloop
endfacet
facet normal -1 -0 0
  outer loop
    vertex -0.38 -0.1476285291820636 0.3083579756538249
    vertex -0.38 -0.227724142643231 0.2417630479660147
    vertex -0.38 -0.2467068712388628 0.3190646417033705
  endloop
endfacet
facet normal -1 0 0
  outer loop
    vertex -0.38 -0.3000627142707565 -0.242224469324722
    vertex -0.38 -0.2338045932109622 -0.1698837693551178
    vertex -0.38 -0.1908282199702837 -0.2404375694314797
  endloop
endfacet
facet normal -1 -0 0
  outer loop
    vertex -0.38 -0.2491697517503155 0.152523586184064
    vertex -0.38 -0.3288201284417162 0.1499999999993288
    vertex -0.38 -0.3085661041121761 0.2423219442904914
  endloop
endfacet
facet normal -1 0 0
  outer loop
    vertex -0.38 -0.2201851690122535 -0.08703126415906637
    vertex -0.38 -0.2422175894255068 -2.874711579892164e-11
    vertex -0.38 -0.1654610883166035 0.0003773385545151053
  endloop
endfacet
facet normal -1 0 0
  outer loop
    vertex -0.38 -0.304387687055113 0.06092371978496181
    vertex -0.38 -0.3288201284417162 0.1499999999993288
    vertex -0.38 -0.2491697517503155 0.152523586184064
  endloop
endfacet
facet normal -1 0 0
  outer loop
    vertex -0.38 -0.3085661041121761 0.2423219442904914
    vertex -0.38 -0.227724142643231 0.2417630479660147
    vertex -0.38 -0.2491697517503155 0.152523586184064
  endloop
endfacet
facet normal -1 -0 0
  outer loop
    vertex -0.38 -0.07660254042401585 0.04999999999906579
    vertex -0.38 -0.1654610883166035 0.0003773385545151053
    vertex -0.38 -0.1605080151676915 0.1038067690915292
  endloop
endfacet
facet normal -1 0 0
  outer loop
    vertex -0.38 -0.1605080151676915 0.1038067690915292
    vertex -0.38 -0.1559033880828901 0.2018368641690473
    vertex -0.38 -0.07660254042425543 0.149999999999329
  endloop
endfacet
facet normal -1 0 0
  outer loop
    vertex -0.38 -0.07660254042425543 0.149999999999329
    vertex -0.38 -0.07295497756517512 0.2480101666247697
    vertex -0.38 0.01 0.1999999999994631
  endloop
endfacet
facet normal -1 0 0
  outer loop
    vertex -0.38 -0.1559033880828901 0.2018368641690473
    vertex -0.38 -0.07295497756517512 0.2480101666247697
    vertex -0.38 -0.07660254042425543 0.149999999999329
  endloop
endfacet
facet normal -1 0 -0
  outer loop
    vertex -0.38 -0.07660254042401585 0.04999999999906579
    vertex -0.38 -0.07324747210290757 -0.04442020465022145
    vertex -0.38 -0.1654610883166035 0.0003773385545151053
  endloop
endfacet
facet normal -1 0 0
  outer loop
    vertex -0.38 0.01 -1.063038546078587e-12
    vertex -0.38 -0.07660254042401585 0.04999999999906579
    vertex -0.38 0.01 0.09999999999919462
  endloop
endfacet
facet normal -1 -0 0
  outer loop
    vertex -0.38 -0.1899999999994743 0.4
    vertex -0.38 -0.2467068712388628 0.3190646417033705
    vertex -0.38 -0.2899999999997344 0.4
  endloop
endfacet
facet normal -1 0 0
  outer loop
    vertex -0.38 -0.2899999999997344 -0.4
    vertex -0.38 -0.2395693599055173 -0.3153664820181591
    vertex -0.38 -0.1899999999994743 -0.4
  endloop
endfacet
facet normal -1 0 0
  outer loop
    vertex -0.38 -0.39 0.09999999999919462
    vertex -0.38 -0.304387687055113 0.06092371978496181
    vertex -0.38 -0.39 -1.063038546078587e-12
  endloop
endfacet
facet normal -1 0 0
  outer loop
    vertex -0.38 -0.1899999999994743 -0.4
    vertex -0.38 -0.2395693599055173 -0.3153664820181591
    vertex -0.38 -0.1404449986947253 -0.3153031030136345
  endloop
endfacet
facet normal -1 0 0
  outer loop
    vertex -0.38 -0.07660254042401585 0.04999999999906579
    vertex -0.38 -0.1605080151676915 0.1038067690915292
    vertex -0.38 -0.07660254042425543 0.149999999999329
  endloop
endfacet
facet normal -1 0 0
  outer loop
    vertex -0.38 -0.2395693599055173 -0.3153664820181591
    vertex -0.38 -0.1908282199702837 -0.2404375694314797
    vertex -0.38 -0.1404449986947253 -0.3153031030136345
  endloop
endfacet
facet normal -1 -0 0
  outer loop
    vertex -0.38 0.01 0.09999999999919462
    vertex -0.38 -0.07660254042401585 0.04999999999906579
    vertex -0.38 -0.07660254042425543 0.149999999999329
  endloop
endfacet
facet normal -1 0 0
  outer loop
    vertex -0.38 0.01 0.09999999999919462
    vertex -0.38 -0.07660254042425543 0.149999999999329
    vertex -0.38 0.01 0.1999999999994631
  endloop
endfacet
facet normal -1 0 0
  outer loop
    vertex -0.38 -0.1899999999994743 -0.4
    vertex -0.38 -0.1404449986947253 -0.3153031030136345
    vertex -0.38 -0.08999999999976739 -0.4
  endloop
endfacet
facet normal -1 0 0
  outer loop
    vertex -0.38 -0.39 -0.1000000000007782
    vertex -0.38 -0.3070400919737684 -0.1446103085554026
    vertex -0.38 -0.39 -0.2000000000004825
  endloop
endfacet
facet normal -1 0 0
  outer loop
    vertex -0.38 0.01 -0.2000000000004825
    vertex -0.38 -0.07302668086160448 -0.1387182283367944
    vertex -0.38 0.01 -0.1000000000007782
  endloop
endfacet
facet normal -1 0 0
  outer loop
    vertex -0.38 0.01 0.1999999999994631
    vertex -0.38 -0.07295497756517512 0.2480101666247697
    vertex -0.38 0.01 0.2999999999997424
  endloop
endfacet
facet normal -1 -0 0
  outer loop
    vertex -0.38 0.01 -1.063038546078587e-12
    vertex -0.38 -0.07324747210290757 -0.04442020465022145
    vertex -0.38 -0.07660254042401585 0.04999999999906579
  endloop
endfacet
facet normal -1 0 0
  outer loop
    vertex -0.38 -0.07302668086160448 -0.1387182283367944
    vertex -0.38 -0.07324747210290757 -0.04442020465022145
    vertex -0.38 0.01 -0.1000000000007782
  endloop
endfacet
facet normal -1 0 0
  outer loop
    vertex -0.38 -0.39 -0.1000000000007782
    vertex -0.38 -0.3043808949759983 -0.04885950161113539
    vertex -0.38 -0.3070400919737684 -0.1446103085554026
  endloop
endfacet
facet normal -1 0 -0
  outer loop
    vertex -0.38 -0.304387687055113 0.06092371978496181
    vertex -0.38 -0.3043808949759983 -0.04885950161113539
    vertex -0.38 -0.39 -1.063038546078587e-12
  endloop
endfacet
facet normal -1 0 0
  outer loop
    vertex -0.38 0.01 -0.1000000000007782
    vertex -0.38 -0.07324747210290757 -0.04442020465022145
    vertex -0.38 0.01 -1.063038546078587e-12
  endloop
endfacet
facet normal -1 0 0
  outer loop
    vertex -0.38 -0.39 -1.063038546078587e-12
    vertex -0.38 -0.3043808949759983 -0.04885950161113539
    vertex -0.38 -0.39 -0.1000000000007782
  endloop
endfacet
facet normal -1 0 -0
  outer loop
    vertex -0.38 -0.3043808949759983 -0.04885950161113539
    vertex -0.38 -0.2201851690122535 -0.08703126415906637
    vertex -0.38 -0.3070400919737684 -0.1446103085554026
  endloop
endfacet
facet normal -1 0 0
  outer loop
    vertex -0.38 -0.1605080151676915 0.1038067690915292
    vertex -0.38 -0.2491697517503155 0.152523586184064
    vertex -0.38 -0.1559033880828901 0.2018368641690473
  endloop
endfacet
facet normal -1 0 -0
  outer loop
    vertex -0.38 -0.2491697517503155 0.152523586184064
    vertex -0.38 -0.227090507172428 0.06356460068869574
    vertex -0.38 -0.304387687055113 0.06092371978496181
  endloop
endfacet
facet normal -1 0 0
  outer loop
    vertex -0.38 -0.39 -0.2000000000004825
    vertex -0.38 -0.3000627142707565 -0.242224469324722
    vertex -0.38 -0.39 -0.3000000000002088
  endloop
endfacet
facet normal -1 0 0
  outer loop
    vertex -0.38 0.01 -0.3000000000002088
    vertex -0.38 -0.07909254140586409 -0.2412323279211677
    vertex -0.38 0.01 -0.2000000000004825
  endloop
endfacet
facet normal -1 -0 0
  outer loop
    vertex -0.38 -0.08999999999976739 0.4
    vertex -0.38 -0.1476285291820636 0.3083579756538249
    vertex -0.38 -0.1899999999994743 0.4
  endloop
endfacet
facet normal -1 0 -0
  outer loop
    vertex -0.38 -0.1654610883166035 0.0003773385545151053
    vertex -0.38 -0.1412226952398357 -0.08549358706232302
    vertex -0.38 -0.2201851690122535 -0.08703126415906637
  endloop
endfacet
facet normal -1 0 -0
  outer loop
    vertex -0.38 -0.3070400919737684 -0.1446103085554026
    vertex -0.38 -0.3000627142707565 -0.242224469324722
    vertex -0.38 -0.39 -0.2000000000004825
  endloop
endfacet
facet normal -1 -0 0
  outer loop
    vertex -0.38 0.01 -0.2000000000004825
    vertex -0.38 -0.07909254140586409 -0.2412323279211677
    vertex -0.38 -0.07302668086160448 -0.1387182283367944
  endloop
endfacet
facet normal -1 0 -0
  outer loop
    vertex -0.38 -0.1899999999994743 0.4
    vertex -0.38 -0.1476285291820636 0.3083579756538249
    vertex -0.38 -0.2467068712388628 0.3190646417033705
  endloop
endfacet
facet normal -1 0 0
  outer loop
    vertex -0.38 -0.39 0.2999999999997424
    vertex -0.38 -0.3085661041121761 0.2423219442904914
    vertex -0.38 -0.39 0.1999999999994631
  endloop
endfacet
facet normal -1 0 0
  outer loop
    vertex -0.38 -0.39 0.09999999999919462
    vertex -0.38 -0.3288201284417162 0.1499999999993288
    vertex -0.38 -0.304387687055113 0.06092371978496181
  endloop
endfacet
facet normal -1 0 0
  outer loop
    vertex -0.38 -0.3043808949759983 -0.04885950161113539
    vertex -0.38 -0.2422175894255068 -2.874711579892164e-11
    vertex -0.38 -0.2201851690122535 -0.08703126415906637
  endloop
endfacet
facet normal -1 0 0
  outer loop
    vertex -0.38 -0.39 -0.4
    vertex -0.38 -0.3167949199917551 -0.3267949188035648
    vertex -0.38 -0.2899999999997344 -0.4
  endloop
endfacet
facet normal -1 0 0
  outer loop
    vertex -0.38 0.01 -0.4
    vertex -0.38 -0.06320508076116194 -0.3267949192388317
    vertex -0.38 0.01 -0.3000000000002088
  endloop
endfacet
facet normal -1 0 0
  outer loop
    vertex -0.38 -0.08999999999976739 -0.4
    vertex -0.38 -0.06320508076116194 -0.3267949192388317
    vertex -0.38 0.01 -0.4
  endloop
endfacet
facet normal -1 -0 0
  outer loop
    vertex -0.38 0.01 0.4
    vertex -0.38 -0.06320508074925395 0.3267949192506149
    vertex -0.38 -0.08999999999976739 0.4
  endloop
endfacet
facet normal -1 0 0
  outer loop
    vertex -0.38 0.01 0.2999999999997424
    vertex -0.38 -0.06320508074925395 0.3267949192506149
    vertex -0.38 0.01 0.4
  endloop
endfacet
facet normal -1 0 0
  outer loop
    vertex -0.38 -0.39 -0.3000000000002088
    vertex -0.38 -0.3167949199917551 -0.3267949188035648
    vertex -0.38 -0.39 -0.4
  endloop
endfacet
facet normal -1 0 0
  outer loop
    vertex -0.38 -0.1654610883166035 0.0003773385545151053
    vertex -0.38 -0.227090507172428 0.06356460068869574
    vertex -0.38 -0.1605080151676915 0.1038067690915292
  endloop
endfacet
facet normal -1 -0 0
  outer loop
    vertex -0.38 -0.2899999999997344 0.4
    vertex -0.38 -0.3173040734848273 0.3273040734848297
    vertex -0.38 -0.39 0.4
  endloop
endfacet
facet normal -1 0 0
  outer loop
    vertex -0.38 -0.39 0.4
    vertex -0.38 -0.3173040734848273 0.3273040734848297
    vertex -0.38 -0.39 0.2999999999997424
  endloop
endfacet
facet normal -1 0 0
  outer loop
    vertex -0.38 -0.3070400919737684 -0.1446103085554026
    vertex -0.38 -0.2338045932109622 -0.1698837693551178
    vertex -0.38 -0.3000627142707565 -0.242224469324722
  endloop
endfacet
facet normal -1 0 0
  outer loop
    vertex -0.38 -0.3085661041121761 0.2423219442904914
    vertex -0.38 -0.3288201284417162 0.1499999999993288
    vertex -0.38 -0.39 0.1999999999994631
  endloop
endfacet
facet normal -1 0 0
  outer loop
    vertex -0.38 -0.07302668086160448 -0.1387182283367944
    vertex -0.38 -0.1412226952398357 -0.08549358706232302
    vertex -0.38 -0.07324747210290757 -0.04442020465022145
  endloop
endfacet
facet normal -1 0 0
  outer loop
    vertex -0.38 -0.2422175894255068 -2.874711579892164e-11
    vertex -0.38 -0.227090507172428 0.06356460068869574
    vertex -0.38 -0.1654610883166035 0.0003773385545151053
  endloop
endfacet
facet normal -1 0 0
  outer loop
    vertex -0.38 -0.2491697517503155 0.152523586184064
    vertex -0.38 -0.227724142643231 0.2417630479660147
    vertex -0.38 -0.1559033880828901 0.2018368641690473
  endloop
endfacet
facet normal -1 0 -0
  outer loop
    vertex -0.38 -0.08999999999976739 0.4
    vertex -0.38 -0.06320508074925395 0.3267949192506149
    vertex -0.38 -0.1476285291820636 0.3083579756538249
  endloop
endfacet
facet normal -1 -0 0
  outer loop
    vertex -0.38 0.01 -0.3000000000002088
    vertex -0.38 -0.06320508076116194 -0.3267949192388317
    vertex -0.38 -0.07909254140586409 -0.2412323279211677
  endloop
endfacet
facet normal -1 0 0
  outer loop
    vertex -0.38 -0.3000627142707565 -0.242224469324722
    vertex -0.38 -0.3167949199917551 -0.3267949188035648
    vertex -0.38 -0.39 -0.3000000000002088
  endloop
endfacet
facet normal -1 0 0
  outer loop
    vertex -0.38 -0.39 0.1999999999994631
    vertex -0.38 -0.3288201284417162 0.1499999999993288
    vertex -0.38 -0.39 0.09999999999919462
  endloop
endfacet
facet normal -1 0 0
  outer loop
    vertex -0.38 -0.304387687055113 0.06092371978496181
    vertex -0.38 -0.2422175894255068 -2.874711579892164e-11
    vertex -0.38 -0.3043808949759983 -0.04885950161113539
  endloop
endfacet
facet normal -1 -0 0
  outer loop
    vertex -0.38 -0.07324747210290757 -0.04442020465022145
    vertex -0.38 -0.1412226952398357 -0.08549358706232302
    vertex -0.38 -0.1654610883166035 0.0003773385545151053
  endloop
endfacet
facet normal -1 0 0
  outer loop
    vertex -0.38 -0.2467068712388628 0.3190646417033705
    vertex -0.38 -0.3173040734848273 0.3273040734848297
    vertex -0.38 -0.2899999999997344 0.4
  endloop
endfacet
facet normal -1 0 0
  outer loop
    vertex -0.38 -0.2899999999997344 -0.4
    vertex -0.38 -0.3167949199917551 -0.3267949188035648
    vertex -0.38 -0.2395693599055173 -0.3153664820181591
  endloop
endfacet
facet normal -1 0 0
  outer loop
    vertex -0.38 -0.1404449986947253 -0.3153031030136345
    vertex -0.38 -0.06320508076116194 -0.3267949192388317
    vertex -0.38 -0.08999999999976739 -0.4
  endloop
endfacet
facet normal -1 0 0
  outer loop
    vertex -0.38 -0.07295497756517512 0.2480101666247697
    vertex -0.38 -0.06320508074925395 0.3267949192506149
    vertex -0.38 0.01 0.2999999999997424
  endloop
endfacet
facet normal -1 -0 0
  outer loop
    vertex -0.38 -0.1605080151676915 0.1038067690915292
    vertex -0.38 -0.227090507172428 0.06356460068869574
    vertex -0.38 -0.2491697517503155 0.152523586184064
  endloop
endfacet
facet normal -1 0 0
  outer loop
    vertex -0.38 -0.2201851690122535 -0.08703126415906637
    vertex -0.38 -0.2338045932109622 -0.1698837693551178
    vertex -0.38 -0.3070400919737684 -0.1446103085554026
  endloop
endfacet
facet normal -1 0 0
  outer loop
    vertex -0.38 -0.1575203697836216 -0.1567088043383415
    vertex -0.38 -0.1412226952398357 -0.08549358706232302
    vertex -0.38 -0.07302668086160448 -0.1387182283367944
  endloop
endfacet
facet normal -1 -0 0
  outer loop
    vertex -0.38 -0.2395693599055173 -0.3153664820181591
    vertex -0.38 -0.3167949199917551 -0.3267949188035648
    vertex -0.38 -0.3000627142707565 -0.242224469324722
  endloop
endfacet
facet normal -1 0 0
  outer loop
    vertex -0.38 -0.1476285291820636 0.3083579756538249
    vertex -0.38 -0.06320508074925395 0.3267949192506149
    vertex -0.38 -0.07295497756517512 0.2480101666247697
  endloop
endfacet
facet normal -1 0 -0
  outer loop
    vertex -0.38 -0.07909254140586409 -0.2412323279211677
    vertex -0.38 -0.06320508076116194 -0.3267949192388317
    vertex -0.38 -0.1404449986947253 -0.3153031030136345
  endloop
endfacet
facet normal -1 0 -0
  outer loop
    vertex -0.38 -0.2467068712388628 0.3190646417033705
    vertex -0.38 -0.227724142643231 0.2417630479660147
    vertex -0.38 -0.3085661041121761 0.2423219442904914
  endloop
endfacet
facet normal -1 0 0
  outer loop
    vertex -0.38 -0.3085661041121761 0.2423219442904914
    vertex -0.38 -0.3173040734848273 0.3273040734848297
    vertex -0.38 -0.2467068712388628 0.3190646417033705
  endloop
endfacet
facet normal -1 0 0
  outer loop
    vertex -0.38 -0.39 0.2999999999997424
    vertex -0.38 -0.3173040734848273 0.3273040734848297
    vertex -0.38 -0.3085661041121761 0.2423219442904914
  endloop
endfacet
facet normal -1 -0 0
  outer loop
    vertex -0.38 -0.1575203697836216 -0.1567088043383415
    vertex -0.38 -0.2338045932109622 -0.1698837693551178
    vertex -0.38 -0.2201851690122535 -0.08703126415906637
  endloop
endfacet
facet normal -1 0 0
  outer loop
    vertex -0.38 -0.1908282199702837 -0.2404375694314797
    vertex -0.38 -0.2338045932109622 -0.1698837693551178
    vertex -0.38 -0.1575203697836216 -0.1567088043383415
  endloop
endfacet
facet normal -1 0 0
  outer loop
    vertex -0.38 -0.304387687055113 0.06092371978496181
    vertex -0.38 -0.227090507172428 0.06356460068869574
    vertex -0.38 -0.2422175894255068 -2.874711579892164e-11
  endloop
endfacet
facet normal -1 0 0
  outer loop
    vertex -0.38 -0.2201851690122535 -0.08703126415906637
    vertex -0.38 -0.1412226952398357 -0.08549358706232302
    vertex -0.38 -0.1575203697836216 -0.1567088043383415
  endloop
endfacet
facet normal 0 -1 -0
  outer loop
    vertex 0.03621300658703885 -0.39 -0.1952071683703336
    vertex -0.05062250381462446 -0.39 -0.2409640331122799
    vertex 0.0417664847105936 -0.39 -0.3041843643007002
  endloop
endfacet
facet normal -0 -1 0
  outer loop
    vertex -0.05062250381462446 -0.39 -0.2409640331122799
    vertex -0.1394435528750265 -0.39 -0.1930559910900133
    vertex -0.1354050538005043 -0.39 -0.3067222406341579
  endloop
endfacet
facet normal 0 -1 0
  outer loop
    vertex 0.0417664847105936 -0.39 -0.3041843643007002
    vertex 0.1216213115674417 -0.39 -0.2385542545924068
    vertex 0.03621300658703885 -0.39 -0.1952071683703336
  endloop
endfacet
facet normal 0 -1 0
  outer loop
    vertex 0.04273431869677321 -0.39 0.3011633270591386
    vertex -0.03880992098924657 -0.39 0.2345544731636297
    vertex 0.03934894619999078 -0.39 0.1976285065719483
  endloop
endfacet
facet normal 0 -1 -0
  outer loop
    vertex -0.1394435528750265 -0.39 -0.1930559910900133
    vertex -0.2006310034662538 -0.39 -0.2581862000231364
    vertex -0.1354050538005043 -0.39 -0.3067222406341579
  endloop
endfacet
facet normal 0 -1 0
  outer loop
    vertex -0.05062250381462446 -0.39 -0.2409640331122799
    vertex -0.04776085304172595 -0.39 -0.3295884026435505
    vertex 0.0417664847105936 -0.39 -0.3041843643007002
  endloop
endfacet
facet normal 0 -1 0
  outer loop
    vertex 0.03934894619999078 -0.39 0.1976285065719483
    vertex 0.1190357147226766 -0.39 0.236798209694296
    vertex 0.04273431869677321 -0.39 0.3011633270591386
  endloop
endfacet
facet normal 0 -1 0
  outer loop
    vertex -0.2952453113745536 -0.39 -0.05282274899998846
    vertex -0.2136819934155803 -0.39 -0.02530244538637272
    vertex -0.2979981983670064 -0.39 0.04064801183295047
  endloop
endfacet
facet normal 0 -1 0
  outer loop
    vertex -0.1354050538005043 -0.39 -0.3067222406341579
    vertex -0.04776085304172595 -0.39 -0.3295884026435505
    vertex -0.05062250381462446 -0.39 -0.2409640331122799
  endloop
endfacet
facet normal 0 -1 0
  outer loop
    vertex -0.2979981983670064 -0.39 0.04064801183295047
    vertex -0.2136819934155803 -0.39 -0.02530244538637272
    vertex -0.2165993685200588 -0.39 0.05769817352289131
  endloop
endfacet
facet normal 0 -1 0
  outer loop
    vertex -0.05504359098962114 -0.39 0.3220585584423747
    vertex -0.03880992098924657 -0.39 0.2345544731636297
    vertex 0.04273431869677321 -0.39 0.3011633270591386
  endloop
endfacet
facet normal 0 -1 -0
  outer loop
    vertex -0.2867021776022048 -0.39 0.1393079664758321
    vertex -0.2979981983670064 -0.39 0.04064801183295047
    vertex -0.2165993685200588 -0.39 0.05769817352289131
  endloop
endfacet
facet normal 0 -1 0
  outer loop
    vertex -0.2165993685200588 -0.39 0.05769817352289131
    vertex -0.2012011933889302 -0.39 0.1317009541443259
    vertex -0.2867021776022048 -0.39 0.1393079664758321
  endloop
endfacet
facet normal 0 -1 -0
  outer loop
    vertex -0.2131537504834726 -0.39 -0.1190692296487343
    vertex -0.2237189566570842 -0.39 -0.1980984080440803
    vertex -0.1394435528750265 -0.39 -0.1930559910900133
  endloop
endfacet
facet normal 0 -1 0
  outer loop
    vertex -0.1394435528750265 -0.39 -0.1930559910900133
    vertex -0.1304081717603514 -0.39 -0.08577208626173449
    vertex -0.2131537504834726 -0.39 -0.1190692296487343
  endloop
endfacet
facet normal 0 -1 -0
  outer loop
    vertex 0.2036783413862685 -0.39 -0.1896234027792255
    vertex 0.1983867809547819 -0.39 -0.2660136704243435
    vertex 0.2880379270527499 -0.39 -0.2495176900955856
  endloop
endfacet
facet normal 0 -1 -0
  outer loop
    vertex 0.2921775177845494 -0.39 -0.04895313603199775
    vertex 0.2060184013987116 -0.39 -0.09608868870351372
    vertex 0.2928991320315048 -0.39 -0.1475949049668231
  endloop
endfacet
facet normal 0 -1 0
  outer loop
    vertex 0.2036783413862685 -0.39 -0.1896234027792255
    vertex 0.2880379270527499 -0.39 -0.2495176900955856
    vertex 0.2928991320315048 -0.39 -0.1475949049668231
  endloop
endfacet
facet normal -0 -1 0
  outer loop
    vertex 0.2928991320315048 -0.39 -0.1475949049668231
    vertex 0.2060184013987116 -0.39 -0.09608868870351372
    vertex 0.2036783413862685 -0.39 -0.1896234027792255
  endloop
endfacet
facet normal -0 -1 0
  outer loop
    vertex 0.38 -0.39 -0.1000000000007782
    vertex 0.2921775177845494 -0.39 -0.04895313603199775
    vertex 0.2928991320315048 -0.39 -0.1475949049668231
  endloop
endfacet
facet normal 0 -1 -0
  outer loop
    vertex 0.38 -0.39 -1.063038546078587e-12
    vertex 0.2921775177845494 -0.39 -0.04895313603199775
    vertex 0.38 -0.39 -0.1000000000007782
  endloop
endfacet
facet normal 0 -1 0
  outer loop
    vertex 0.2076706281991416 -0.39 0.100539370386325
    vertex 0.2018663049191151 -0.39 0.1921889471400974
    vertex 0.1210032773444995 -0.39 0.1482129758492227
  endloop
endfacet
facet normal 0 -1 -0
  outer loop
    vertex 0.1210032773444995 -0.39 0.1482129758492227
    vertex 0.03700946184147456 -0.39 0.1006386499482385
    vertex 0.1218517096324421 -0.39 0.05168238333067582
  endloop
endfacet
facet normal 0 -1 -0
  outer loop
    vertex 0.2923391767185911 -0.39 0.1505445416655233
    vertex 0.2076706281991416 -0.39 0.100539370386325
    vertex 0.2934175894198945 -0.39 0.05059580576345268
  endloop
endfacet
facet normal -0 -1 0
  outer loop
    vertex 0.1210032773444995 -0.39 0.1482129758492227
    vertex 0.03934894619999078 -0.39 0.1976285065719483
    vertex 0.03700946184147456 -0.39 0.1006386499482385
  endloop
endfacet
facet normal 0 -1 0
  outer loop
    vertex 0.03621300658703885 -0.39 -0.1952071683703336
    vertex 0.1216213115674417 -0.39 -0.2385542545924068
    vertex 0.1195421953018044 -0.39 -0.1450196637072408
  endloop
endfacet
facet normal -0 -1 0
  outer loop
    vertex 0.38 -0.39 0.09999999999919462
    vertex 0.2923391767185911 -0.39 0.1505445416655233
    vertex 0.2934175894198945 -0.39 0.05059580576345268
  endloop
endfacet
facet normal -0 -1 0
  outer loop
    vertex 0.2923391767185911 -0.39 0.1505445416655233
    vertex 0.2018663049191151 -0.39 0.1921889471400974
    vertex 0.2076706281991416 -0.39 0.100539370386325
  endloop
endfacet
facet normal 0 -1 0
  outer loop
    vertex -0.2953131741692906 -0.39 -0.1510539753625553
    vertex -0.2131537504834726 -0.39 -0.1190692296487343
    vertex -0.2952453113745536 -0.39 -0.05282274899998846
  endloop
endfacet
facet normal 0 -1 -0
  outer loop
    vertex 0.2069763772530859 -0.39 0.001385486259673385
    vertex 0.2060184013987116 -0.39 -0.09608868870351372
    vertex 0.2921775177845494 -0.39 -0.04895313603199775
  endloop
endfacet
facet normal 0 -1 0
  outer loop
    vertex 0.03540686998863538 -0.39 -0.09512648207036045
    vertex 0.03621300658703885 -0.39 -0.1952071683703336
    vertex 0.1195421953018044 -0.39 -0.1450196637072408
  endloop
endfacet
facet normal 0 -1 0
  outer loop
    vertex 0.04273431869677321 -0.39 0.3011633270591386
    vertex 0.1190357147226766 -0.39 0.236798209694296
    vertex 0.1431783570102349 -0.39 0.3192089527159169
  endloop
endfacet
facet normal 0 -1 -0
  outer loop
    vertex 0.2851575432875015 -0.39 0.2521320569437988
    vertex 0.2018663049191151 -0.39 0.1921889471400974
    vertex 0.2923391767185911 -0.39 0.1505445416655233
  endloop
endfacet
facet normal 0 -1 0
  outer loop
    vertex 0.2880379270527499 -0.39 -0.2495176900955856
    vertex 0.1983867809547819 -0.39 -0.2660136704243435
    vertex 0.235570102813273 -0.39 -0.3279609394857982
  endloop
endfacet
facet normal 0 -1 0
  outer loop
    vertex -0.04729760016108486 -0.39 -0.1432691687009069
    vertex 0.03621300658703885 -0.39 -0.1952071683703336
    vertex 0.03540686998863538 -0.39 -0.09512648207036045
  endloop
endfacet
facet normal -0 -1 0
  outer loop
    vertex 0.1218517096324421 -0.39 0.05168238333067582
    vertex 0.03700946184147456 -0.39 0.1006386499482385
    vertex 0.03622634102887083 -0.39 0.003242579318975647
  endloop
endfacet
facet normal 0 -1 -0
  outer loop
    vertex 0.38 -0.39 0.2999999999997424
    vertex 0.2851575432875015 -0.39 0.2521320569437988
    vertex 0.38 -0.39 0.1999999999994631
  endloop
endfacet
facet normal 0 -1 -0
  outer loop
    vertex -0.04729760016108486 -0.39 -0.1432691687009069
    vertex -0.05062250381462446 -0.39 -0.2409640331122799
    vertex 0.03621300658703885 -0.39 -0.1952071683703336
  endloop
endfacet
facet normal 0 -1 0
  outer loop
    vertex 0.2851575432875015 -0.39 0.2521320569437988
    vertex 0.2923391767185911 -0.39 0.1505445416655233
    vertex 0.38 -0.39 0.1999999999994631
  endloop
endfacet
facet normal 0 -1 0
  outer loop
    vertex -0.38 -0.39 -0.3000000000002088
    vertex -0.2882748506391353 -0.39 -0.2526639834668082
    vertex -0.38 -0.39 -0.2000000000004825
  endloop
endfacet
facet normal 0 -1 -0
  outer loop
    vertex 0.2076706281991416 -0.39 0.100539370386325
    vertex 0.2069763772530859 -0.39 0.001385486259673385
    vertex 0.2934175894198945 -0.39 0.05059580576345268
  endloop
endfacet
facet normal 0 -1 0
  outer loop
    vertex -0.38 -0.39 -0.1000000000007782
    vertex -0.2953131741692906 -0.39 -0.1510539753625553
    vertex -0.2952453113745536 -0.39 -0.05282274899998846
  endloop
endfacet
facet normal 0 -1 0
  outer loop
    vertex -0.04816807665685185 -0.39 0.0531756368834711
    vertex -0.04591281325182317 -0.39 0.1481043497920079
    vertex -0.1298262743015669 -0.39 0.09925117831977781
  endloop
endfacet
facet normal -0 -1 0
  outer loop
    vertex -0.04591281325182317 -0.39 0.1481043497920079
    vertex -0.1321960498460151 -0.39 0.2007925887661505
    vertex -0.1298262743015669 -0.39 0.09925117831977781
  endloop
endfacet
facet normal 0 -1 0
  outer loop
    vertex 0.1209710477601535 -0.39 -0.04694071015435869
    vertex 0.2060184013987116 -0.39 -0.09608868870351372
    vertex 0.2069763772530859 -0.39 0.001385486259673385
  endloop
endfacet
facet normal 0 -1 0
  outer loop
    vertex 0.03540686998863538 -0.39 -0.09512648207036045
    vertex 0.1195421953018044 -0.39 -0.1450196637072408
    vertex 0.1209710477601535 -0.39 -0.04694071015435869
  endloop
endfacet
facet normal -0 -1 0
  outer loop
    vertex 0.2076706281991416 -0.39 0.100539370386325
    vertex 0.1210032773444995 -0.39 0.1482129758492227
    vertex 0.1218517096324421 -0.39 0.05168238333067582
  endloop
endfacet
facet normal 0 -1 0
  outer loop
    vertex -0.129039367158248 -0.39 0.008197663029511915
    vertex -0.2136819934155803 -0.39 -0.02530244538637272
    vertex -0.1304081717603514 -0.39 -0.08577208626173449
  endloop
endfacet
facet normal 0 -1 0
  outer loop
    vertex -0.2882748506391353 -0.39 -0.2526639834668082
    vertex -0.2953131741692906 -0.39 -0.1510539753625553
    vertex -0.38 -0.39 -0.2000000000004825
  endloop
endfacet
facet normal 0 -1 -0
  outer loop
    vertex 0.38 -0.39 -0.1000000000007782
    vertex 0.2928991320315048 -0.39 -0.1475949049668231
    vertex 0.38 -0.39 -0.2000000000004825
  endloop
endfacet
facet normal 0 -1 0
  outer loop
    vertex -0.38 -0.39 0.09999999999919462
    vertex -0.2867021776022048 -0.39 0.1393079664758321
    vertex -0.38 -0.39 0.1999999999994631
  endloop
endfacet
facet normal 0 -1 -0
  outer loop
    vertex 0.2934175894198945 -0.39 0.05059580576345268
    vertex 0.2921775177845494 -0.39 -0.04895313603199775
    vertex 0.38 -0.39 -1.063038546078587e-12
  endloop
endfacet
facet normal 0 -1 -0
  outer loop
    vertex 0.1218517096324421 -0.39 0.05168238333067582
    vertex 0.1209710477601535 -0.39 -0.04694071015435869
    vertex 0.2069763772530859 -0.39 0.001385486259673385
  endloop
endfacet
facet normal 0 -1 0
  outer loop
    vertex 0.2076706281991416 -0.39 0.100539370386325
    vertex 0.1218517096324421 -0.39 0.05168238333067582
    vertex 0.2069763772530859 -0.39 0.001385486259673385
  endloop
endfacet
facet normal 0 -1 0
  outer loop
    vertex 0.03622634102887083 -0.39 0.003242579318975647
    vertex 0.03700946184147456 -0.39 0.1006386499482385
    vertex -0.04816807665685185 -0.39 0.0531756368834711
  endloop
endfacet
facet normal 0 -1 0
  outer loop
    vertex 0.03700946184147456 -0.39 0.1006386499482385
    vertex 0.03934894619999078 -0.39 0.1976285065719483
    vertex -0.04591281325182317 -0.39 0.1481043497920079
  endloop
endfacet
facet normal 0 -1 0
  outer loop
    vertex -0.04816807665685185 -0.39 0.0531756368834711
    vertex 0.03700946184147456 -0.39 0.1006386499482385
    vertex -0.04591281325182317 -0.39 0.1481043497920079
  endloop
endfacet
facet normal 0 -1 -0
  outer loop
    vertex 0.38 -0.39 0.09999999999919462
    vertex 0.2934175894198945 -0.39 0.05059580576345268
    vertex 0.38 -0.39 -1.063038546078587e-12
  endloop
endfacet
facet normal 0 -1 -0
  outer loop
    vertex -0.04699013707613686 -0.39 -0.04520382742100854
    vertex -0.04729760016108486 -0.39 -0.1432691687009069
    vertex 0.03540686998863538 -0.39 -0.09512648207036045
  endloop
endfacet
facet normal 0 -1 -0
  outer loop
    vertex 0.03622634102887083 -0.39 0.003242579318975647
    vertex 0.03540686998863538 -0.39 -0.09512648207036045
    vertex 0.1209710477601535 -0.39 -0.04694071015435869
  endloop
endfacet
facet normal 0 -1 -0
  outer loop
    vertex 0.38 -0.39 0.1999999999994631
    vertex 0.2923391767185911 -0.39 0.1505445416655233
    vertex 0.38 -0.39 0.09999999999919462
  endloop
endfacet
facet normal 0 -1 0
  outer loop
    vertex 0.0417664847105936 -0.39 -0.3041843643007002
    vertex 0.1438417343356874 -0.39 -0.3245375236106247
    vertex 0.1216213115674417 -0.39 -0.2385542545924068
  endloop
endfacet
facet normal -0 -1 0
  outer loop
    vertex -0.04816807665685185 -0.39 0.0531756368834711
    vertex -0.1298262743015669 -0.39 0.09925117831977781
    vertex -0.129039367158248 -0.39 0.008197663029511915
  endloop
endfacet
facet normal 0 -1 0
  outer loop
    vertex -0.38 -0.39 -0.2000000000004825
    vertex -0.2953131741692906 -0.39 -0.1510539753625553
    vertex -0.38 -0.39 -0.1000000000007782
  endloop
endfacet
facet normal 0 -1 0
  outer loop
    vertex 0.2069763772530859 -0.39 0.001385486259673385
    vertex 0.2921775177845494 -0.39 -0.04895313603199775
    vertex 0.2934175894198945 -0.39 0.05059580576345268
  endloop
endfacet
facet normal -0 -1 0
  outer loop
    vertex 0.03622634102887083 -0.39 0.003242579318975647
    vertex -0.04816807665685185 -0.39 0.0531756368834711
    vertex -0.04699013707613686 -0.39 -0.04520382742100854
  endloop
endfacet
facet normal 0 -1 0
  outer loop
    vertex 0.1195421953018044 -0.39 -0.1450196637072408
    vertex 0.2060184013987116 -0.39 -0.09608868870351372
    vertex 0.1209710477601535 -0.39 -0.04694071015435869
  endloop
endfacet
facet normal 0 -1 0
  outer loop
    vertex -0.38 -0.39 -0.1000000000007782
    vertex -0.2952453113745536 -0.39 -0.05282274899998846
    vertex -0.38 -0.39 -1.063038546078587e-12
  endloop
endfacet
facet normal 0 -1 0
  outer loop
    vertex 0.1218517096324421 -0.39 0.05168238333067582
    vertex 0.03622634102887083 -0.39 0.003242579318975647
    vertex 0.1209710477601535 -0.39 -0.04694071015435869
  endloop
endfacet
facet normal 0 -1 -0
  outer loop
    vertex -0.04816807665685185 -0.39 0.0531756368834711
    vertex -0.129039367158248 -0.39 0.008197663029511915
    vertex -0.04699013707613686 -0.39 -0.04520382742100854
  endloop
endfacet
facet normal 0 -1 0
  outer loop
    vertex 0.1216213115674417 -0.39 -0.2385542545924068
    vertex 0.2036783413862685 -0.39 -0.1896234027792255
    vertex 0.1195421953018044 -0.39 -0.1450196637072408
  endloop
endfacet
facet normal 0 -1 0
  outer loop
    vertex -0.04729760016108486 -0.39 -0.1432691687009069
    vertex -0.1394435528750265 -0.39 -0.1930559910900133
    vertex -0.05062250381462446 -0.39 -0.2409640331122799
  endloop
endfacet
facet normal 0 -1 0
  outer loop
    vertex 0.03622634102887083 -0.39 0.003242579318975647
    vertex -0.04699013707613686 -0.39 -0.04520382742100854
    vertex 0.03540686998863538 -0.39 -0.09512648207036045
  endloop
endfacet
facet normal 0 -1 -0
  outer loop
    vertex -0.1298262743015669 -0.39 0.09925117831977781
    vertex -0.2165993685200588 -0.39 0.05769817352289131
    vertex -0.129039367158248 -0.39 0.008197663029511915
  endloop
endfacet
facet normal 0 -1 0
  outer loop
    vertex 0.09499999999927453 -0.39 -0.4
    vertex 0.0417664847105936 -0.39 -0.3041843643007002
    vertex -9.69946345463768e-13 -0.39 -0.4
  endloop
endfacet
facet normal 0 -1 0
  outer loop
    vertex -0.09500000000069952 -0.39 0.4
    vertex -0.05504359098962114 -0.39 0.3220585584423747
    vertex -9.69946345463768e-13 -0.39 0.4
  endloop
endfacet
facet normal 0 -1 0
  outer loop
    vertex -9.69946345463768e-13 -0.39 0.4
    vertex 0.04273431869677321 -0.39 0.3011633270591386
    vertex 0.09499999999927453 -0.39 0.4
  endloop
endfacet
facet normal 0 -1 0
  outer loop
    vertex 0.09499999999927453 -0.39 0.4
    vertex 0.1431783570102349 -0.39 0.3192089527159169
    vertex 0.1899999999995236 -0.39 0.4
  endloop
endfacet
facet normal 0 -1 0
  outer loop
    vertex -0.190000000000423 -0.39 0.4
    vertex -0.1439889343462376 -0.39 0.3260781861868035
    vertex -0.09500000000069952 -0.39 0.4
  endloop
endfacet
facet normal 0 -1 0
  outer loop
    vertex -0.09500000000069952 -0.39 -0.4
    vertex -0.1354050538005043 -0.39 -0.3067222406341579
    vertex -0.190000000000423 -0.39 -0.4
  endloop
endfacet
facet normal 0 -1 0
  outer loop
    vertex 0.2036783413862685 -0.39 -0.1896234027792255
    vertex 0.2060184013987116 -0.39 -0.09608868870351372
    vertex 0.1195421953018044 -0.39 -0.1450196637072408
  endloop
endfacet
facet normal 0 -1 0
  outer loop
    vertex 0.2849999999997564 -0.39 -0.4
    vertex 0.235570102813273 -0.39 -0.3279609394857982
    vertex 0.1899999999995236 -0.39 -0.4
  endloop
endfacet
facet normal 0 -1 0
  outer loop
    vertex -0.2850000000001898 -0.39 0.4
    vertex -0.2360582556304779 -0.39 0.3262863204809116
    vertex -0.190000000000423 -0.39 0.4
  endloop
endfacet
facet normal 0 -1 0
  outer loop
    vertex -0.05504359098962114 -0.39 0.3220585584423747
    vertex 0.04273431869677321 -0.39 0.3011633270591386
    vertex -9.69946345463768e-13 -0.39 0.4
  endloop
endfacet
facet normal 0 -1 -0
  outer loop
    vertex 0.09499999999927453 -0.39 0.4
    vertex 0.04273431869677321 -0.39 0.3011633270591386
    vertex 0.1431783570102349 -0.39 0.3192089527159169
  endloop
endfacet
facet normal 0 -1 -0
  outer loop
    vertex -0.09500000000069952 -0.39 0.4
    vertex -0.1439889343462376 -0.39 0.3260781861868035
    vertex -0.05504359098962114 -0.39 0.3220585584423747
  endloop
endfacet
facet normal 0 -1 0
  outer loop
    vertex -0.2360582556304779 -0.39 0.3262863204809116
    vertex -0.1439889343462376 -0.39 0.3260781861868035
    vertex -0.190000000000423 -0.39 0.4
  endloop
endfacet
facet normal 0 -1 -0
  outer loop
    vertex 0.38 -0.39 -0.2000000000004825
    vertex 0.2880379270527499 -0.39 -0.2495176900955856
    vertex 0.38 -0.39 -0.3000000000002088
  endloop
endfacet
facet normal 0 -1 0
  outer loop
    vertex -0.38 -0.39 0.1999999999994631
    vertex -0.2865248819459493 -0.39 0.2514055164333019
    vertex -0.38 -0.39 0.2999999999997424
  endloop
endfacet
facet normal 0 -1 0
  outer loop
    vertex 0.1899999999995236 -0.39 0.4
    vertex 0.233794230471431 -0.39 0.3279064957314023
    vertex 0.2849999999997564 -0.39 0.4
  endloop
endfacet
facet normal 0 -1 0
  outer loop
    vertex -0.2865248819459493 -0.39 0.2514055164333019
    vertex -0.1900000000004236 -0.39 0.264367250208753
    vertex -0.2360582556304779 -0.39 0.3262863204809116
  endloop
endfacet
facet normal -0 -1 0
  outer loop
    vertex -0.1304081717603514 -0.39 -0.08577208626173449
    vertex -0.2136819934155803 -0.39 -0.02530244538637272
    vertex -0.2131537504834726 -0.39 -0.1190692296487343
  endloop
endfacet
facet normal -0 -1 0
  outer loop
    vertex 0.2018663049191151 -0.39 0.1921889471400974
    vertex 0.1190357147226766 -0.39 0.236798209694296
    vertex 0.1210032773444995 -0.39 0.1482129758492227
  endloop
endfacet
facet normal 0 -1 0
  outer loop
    vertex -0.1354050538005043 -0.39 -0.3067222406341579
    vertex -0.2339383945346437 -0.39 -0.3261275735734384
    vertex -0.190000000000423 -0.39 -0.4
  endloop
endfacet
facet normal 0 -1 0
  outer loop
    vertex -0.2953131741692906 -0.39 -0.1510539753625553
    vertex -0.2237189566570842 -0.39 -0.1980984080440803
    vertex -0.2131537504834726 -0.39 -0.1190692296487343
  endloop
endfacet
facet normal 0 -1 0
  outer loop
    vertex -0.38 -0.39 0.09999999999919462
    vertex -0.2979981983670064 -0.39 0.04064801183295047
    vertex -0.2867021776022048 -0.39 0.1393079664758321
  endloop
endfacet
facet normal 0 -1 -0
  outer loop
    vertex 0.2928991320315048 -0.39 -0.1475949049668231
    vertex 0.2880379270527499 -0.39 -0.2495176900955856
    vertex 0.38 -0.39 -0.2000000000004825
  endloop
endfacet
facet normal 0 -1 0
  outer loop
    vertex -0.2867021776022048 -0.39 0.1393079664758321
    vertex -0.2865248819459493 -0.39 0.2514055164333019
    vertex -0.38 -0.39 0.1999999999994631
  endloop
endfacet
facet normal 0 -1 0
  outer loop
    vertex -0.04591281325182317 -0.39 0.1481043497920079
    vertex -0.03880992098924657 -0.39 0.2345544731636297
    vertex -0.1321960498460151 -0.39 0.2007925887661505
  endloop
endfacet
facet normal 0 -1 0
  outer loop
    vertex 0.09499999999927453 -0.39 -0.4
    vertex 0.1438417343356874 -0.39 -0.3245375236106247
    vertex 0.0417664847105936 -0.39 -0.3041843643007002
  endloop
endfacet
facet normal 0 -1 0
  outer loop
    vertex -0.2952453113745536 -0.39 -0.05282274899998846
    vertex -0.2979981983670064 -0.39 0.04064801183295047
    vertex -0.38 -0.39 -1.063038546078587e-12
  endloop
endfacet
facet normal -0 -1 0
  outer loop
    vertex 0.235570102813273 -0.39 -0.3279609394857982
    vertex 0.1438417343356874 -0.39 -0.3245375236106247
    vertex 0.1899999999995236 -0.39 -0.4
  endloop
endfacet
facet normal 0 -1 0
  outer loop
    vertex 0.0417664847105936 -0.39 -0.3041843643007002
    vertex -0.04776085304172595 -0.39 -0.3295884026435505
    vertex -9.69946345463768e-13 -0.39 -0.4
  endloop
endfacet
facet normal 0 -1 0
  outer loop
    vertex -0.09500000000069952 -0.39 -0.4
    vertex -0.04776085304172595 -0.39 -0.3295884026435505
    vertex -0.1354050538005043 -0.39 -0.3067222406341579
  endloop
endfacet
facet normal 0 -1 0
  outer loop
    vertex -0.190000000000423 -0.39 -0.4
    vertex -0.2339383945346437 -0.39 -0.3261275735734384
    vertex -0.2850000000001898 -0.39 -0.4
  endloop
endfacet
facet normal 0 -1 0
  outer loop
    vertex -0.2204710346080891 -0.39 0.1997523020903651
    vertex -0.1900000000004236 -0.39 0.264367250208753
    vertex -0.2865248819459493 -0.39 0.2514055164333019
  endloop
endfacet
facet normal 0 -1 0
  outer loop
    vertex 0.1431783570102349 -0.39 0.3192089527159169
    vertex 0.233794230471431 -0.39 0.3279064957314023
    vertex 0.1899999999995236 -0.39 0.4
  endloop
endfacet
facet normal -0 -1 0
  outer loop
    vertex -0.04729760016108486 -0.39 -0.1432691687009069
    vertex -0.1304081717603514 -0.39 -0.08577208626173449
    vertex -0.1394435528750265 -0.39 -0.1930559910900133
  endloop
endfacet
facet normal 0 -1 -0
  outer loop
    vertex -0.129039367158248 -0.39 0.008197663029511915
    vertex -0.1304081717603514 -0.39 -0.08577208626173449
    vertex -0.04699013707613686 -0.39 -0.04520382742100854
  endloop
endfacet
facet normal -0 -1 0
  outer loop
    vertex 0.2851575432875015 -0.39 0.2521320569437988
    vertex 0.1894051055023887 -0.39 0.2667360555945358
    vertex 0.2018663049191151 -0.39 0.1921889471400974
  endloop
endfacet
facet normal 0 -1 -0
  outer loop
    vertex 0.38 -0.39 0.4
    vertex 0.31032932851374 -0.39 0.3302114695853484
    vertex 0.38 -0.39 0.2999999999997424
  endloop
endfacet
facet normal 0 -1 0
  outer loop
    vertex 0.2849999999997564 -0.39 0.4
    vertex 0.31032932851374 -0.39 0.3302114695853484
    vertex 0.38 -0.39 0.4
  endloop
endfacet
facet normal 0 -1 -0
  outer loop
    vertex -0.1321960498460151 -0.39 0.2007925887661505
    vertex -0.2012011933889302 -0.39 0.1317009541443259
    vertex -0.1298262743015669 -0.39 0.09925117831977781
  endloop
endfacet
facet normal 0 -1 -0
  outer loop
    vertex 0.38 -0.39 -0.3000000000002088
    vertex 0.3122046770808057 -0.39 -0.3319693858737144
    vertex 0.38 -0.39 -0.4
  endloop
endfacet
facet normal 0 -1 0
  outer loop
    vertex -0.38 -0.39 0.2999999999997424
    vertex -0.3121276368340609 -0.39 0.3319954345438485
    vertex -0.38 -0.39 0.4
  endloop
endfacet
facet normal 0 -1 -0
  outer loop
    vertex 0.233794230471431 -0.39 0.3279064957314023
    vertex 0.1894051055023887 -0.39 0.2667360555945358
    vertex 0.2851575432875015 -0.39 0.2521320569437988
  endloop
endfacet
facet normal 0 -1 0
  outer loop
    vertex 0.1899999999995236 -0.39 -0.4
    vertex 0.1438417343356874 -0.39 -0.3245375236106247
    vertex 0.09499999999927453 -0.39 -0.4
  endloop
endfacet
facet normal 0 -1 0
  outer loop
    vertex -0.38 -0.39 -0.4
    vertex -0.3123371963384682 -0.39 -0.3322916414616208
    vertex -0.38 -0.39 -0.3000000000002088
  endloop
endfacet
facet normal 0 -1 0
  outer loop
    vertex 0.38 -0.39 -0.4
    vertex 0.3122046770808057 -0.39 -0.3319693858737144
    vertex 0.2849999999997564 -0.39 -0.4
  endloop
endfacet
facet normal 0 -1 0
  outer loop
    vertex -0.38 -0.39 0.4
    vertex -0.3121276368340609 -0.39 0.3319954345438485
    vertex -0.2850000000001898 -0.39 0.4
  endloop
endfacet
facet normal 0 -1 0
  outer loop
    vertex -0.2850000000001898 -0.39 -0.4
    vertex -0.3123371963384682 -0.39 -0.3322916414616208
    vertex -0.38 -0.39 -0.4
  endloop
endfacet
facet normal 0 -1 0
  outer loop
    vertex -9.69946345463768e-13 -0.39 -0.4
    vertex -0.04776085304172595 -0.39 -0.3295884026435505
    vertex -0.09500000000069952 -0.39 -0.4
  endloop
endfacet
facet normal 0 -1 0
  outer loop
    vertex 0.1210032773444995 -0.39 0.1482129758492227
    vertex 0.1190357147226766 -0.39 0.236798209694296
    vertex 0.03934894619999078 -0.39 0.1976285065719483
  endloop
endfacet
facet normal 0 -1 0
  outer loop
    vertex -0.2339383945346437 -0.39 -0.3261275735734384
    vertex -0.2006310034662538 -0.39 -0.2581862000231364
    vertex -0.2882748506391353 -0.39 -0.2526639834668082
  endloop
endfacet
facet normal 0 -1 0
  outer loop
    vertex -0.2882748506391353 -0.39 -0.2526639834668082
    vertex -0.2237189566570842 -0.39 -0.1980984080440803
    vertex -0.2953131741692906 -0.39 -0.1510539753625553
  endloop
endfacet
facet normal 0 -1 0
  outer loop
    vertex -0.38 -0.39 -1.063038546078587e-12
    vertex -0.2979981983670064 -0.39 0.04064801183295047
    vertex -0.38 -0.39 0.09999999999919462
  endloop
endfacet
facet normal 0 -1 0
  outer loop
    vertex -0.2204710346080891 -0.39 0.1997523020903651
    vertex -0.2012011933889302 -0.39 0.1317009541443259
    vertex -0.1321960498460151 -0.39 0.2007925887661505
  endloop
endfacet
facet normal 0 -1 0
  outer loop
    vertex -0.04699013707613686 -0.39 -0.04520382742100854
    vertex -0.1304081717603514 -0.39 -0.08577208626173449
    vertex -0.04729760016108486 -0.39 -0.1432691687009069
  endloop
endfacet
facet normal 0 -1 0
  outer loop
    vertex -0.2867021776022048 -0.39 0.1393079664758321
    vertex -0.2204710346080891 -0.39 0.1997523020903651
    vertex -0.2865248819459493 -0.39 0.2514055164333019
  endloop
endfacet
facet normal -0 -1 0
  outer loop
    vertex 0.03934894619999078 -0.39 0.1976285065719483
    vertex -0.03880992098924657 -0.39 0.2345544731636297
    vertex -0.04591281325182317 -0.39 0.1481043497920079
  endloop
endfacet
facet normal 0 -1 0
  outer loop
    vertex -0.2882748506391353 -0.39 -0.2526639834668082
    vertex -0.2006310034662538 -0.39 -0.2581862000231364
    vertex -0.2237189566570842 -0.39 -0.1980984080440803
  endloop
endfacet
facet normal 0 -1 0
  outer loop
    vertex -0.2131537504834726 -0.39 -0.1190692296487343
    vertex -0.2136819934155803 -0.39 -0.02530244538637272
    vertex -0.2952453113745536 -0.39 -0.05282274899998846
  endloop
endfacet
facet normal 0 -1 0
  outer loop
    vertex 0.2880379270527499 -0.39 -0.2495176900955856
    vertex 0.3122046770808057 -0.39 -0.3319693858737144
    vertex 0.38 -0.39 -0.3000000000002088
  endloop
endfacet
facet normal 0 -1 0
  outer loop
    vertex -0.2865248819459493 -0.39 0.2514055164333019
    vertex -0.3121276368340609 -0.39 0.3319954345438485
    vertex -0.38 -0.39 0.2999999999997424
  endloop
endfacet
facet normal 0 -1 0
  outer loop
    vertex 0.2018663049191151 -0.39 0.1921889471400974
    vertex 0.1894051055023887 -0.39 0.2667360555945358
    vertex 0.1190357147226766 -0.39 0.236798209694296
  endloop
endfacet
facet normal 0 -1 0
  outer loop
    vertex -0.38 -0.39 -0.3000000000002088
    vertex -0.3123371963384682 -0.39 -0.3322916414616208
    vertex -0.2882748506391353 -0.39 -0.2526639834668082
  endloop
endfacet
facet normal -0 -1 0
  outer loop
    vertex 0.38 -0.39 0.2999999999997424
    vertex 0.31032932851374 -0.39 0.3302114695853484
    vertex 0.2851575432875015 -0.39 0.2521320569437988
  endloop
endfacet
facet normal -0 -1 0
  outer loop
    vertex -0.03880992098924657 -0.39 0.2345544731636297
    vertex -0.1119261465821946 -0.39 0.2696743635736145
    vertex -0.1321960498460151 -0.39 0.2007925887661505
  endloop
endfacet
facet normal 0 -1 0
  outer loop
    vertex 0.235570102813273 -0.39 -0.3279609394857982
    vertex 0.3122046770808057 -0.39 -0.3319693858737144
    vertex 0.2880379270527499 -0.39 -0.2495176900955856
  endloop
endfacet
facet normal -0 -1 0
  outer loop
    vertex -0.2360582556304779 -0.39 0.3262863204809116
    vertex -0.3121276368340609 -0.39 0.3319954345438485
    vertex -0.2865248819459493 -0.39 0.2514055164333019
  endloop
endfacet
facet normal 0 -1 0
  outer loop
    vertex -0.2165993685200588 -0.39 0.05769817352289131
    vertex -0.2136819934155803 -0.39 -0.02530244538637272
    vertex -0.129039367158248 -0.39 0.008197663029511915
  endloop
endfacet
facet normal 0 -1 0
  outer loop
    vertex -0.2237189566570842 -0.39 -0.1980984080440803
    vertex -0.2006310034662538 -0.39 -0.2581862000231364
    vertex -0.1394435528750265 -0.39 -0.1930559910900133
  endloop
endfacet
facet normal 0 -1 0
  outer loop
    vertex -0.2867021776022048 -0.39 0.1393079664758321
    vertex -0.2012011933889302 -0.39 0.1317009541443259
    vertex -0.2204710346080891 -0.39 0.1997523020903651
  endloop
endfacet
facet normal 0 -1 0
  outer loop
    vertex 0.233794230471431 -0.39 0.3279064957314023
    vertex 0.31032932851374 -0.39 0.3302114695853484
    vertex 0.2849999999997564 -0.39 0.4
  endloop
endfacet
facet normal -0 -1 0
  outer loop
    vertex -0.1298262743015669 -0.39 0.09925117831977781
    vertex -0.2012011933889302 -0.39 0.1317009541443259
    vertex -0.2165993685200588 -0.39 0.05769817352289131
  endloop
endfacet
facet normal 0 -1 0
  outer loop
    vertex 0.1216213115674417 -0.39 -0.2385542545924068
    vertex 0.1983867809547819 -0.39 -0.2660136704243435
    vertex 0.2036783413862685 -0.39 -0.1896234027792255
  endloop
endfacet
facet normal 0 -1 0
  outer loop
    vertex 0.2849999999997564 -0.39 -0.4
    vertex 0.3122046770808057 -0.39 -0.3319693858737144
    vertex 0.235570102813273 -0.39 -0.3279609394857982
  endloop
endfacet
facet normal 0 -1 -0
  outer loop
    vertex -0.2850000000001898 -0.39 0.4
    vertex -0.3121276368340609 -0.39 0.3319954345438485
    vertex -0.2360582556304779 -0.39 0.3262863204809116
  endloop
endfacet
facet normal 0 -1 0
  outer loop
    vertex 0.235570102813273 -0.39 -0.3279609394857982
    vertex 0.1983867809547819 -0.39 -0.2660136704243435
    vertex 0.1438417343356874 -0.39 -0.3245375236106247
  endloop
endfacet
facet normal 0 -1 0
  outer loop
    vertex -0.1439889343462376 -0.39 0.3260781861868035
    vertex -0.1119261465821946 -0.39 0.2696743635736145
    vertex -0.05504359098962114 -0.39 0.3220585584423747
  endloop
endfacet
facet normal 0 -1 0
  outer loop
    vertex -0.2360582556304779 -0.39 0.3262863204809116
    vertex -0.1900000000004236 -0.39 0.264367250208753
    vertex -0.1439889343462376 -0.39 0.3260781861868035
  endloop
endfacet
facet normal -0 -1 0
  outer loop
    vertex -0.1354050538005043 -0.39 -0.3067222406341579
    vertex -0.2006310034662538 -0.39 -0.2581862000231364
    vertex -0.2339383945346437 -0.39 -0.3261275735734384
  endloop
endfacet
facet normal 0 -1 -0
  outer loop
    vertex -0.2882748506391353 -0.39 -0.2526639834668082
    vertex -0.3123371963384682 -0.39 -0.3322916414616208
    vertex -0.2339383945346437 -0.39 -0.3261275735734384
  endloop
endfacet
facet normal 0 -1 0
  outer loop
    vertex 0.2851575432875015 -0.39 0.2521320569437988
    vertex 0.31032932851374 -0.39 0.3302114695853484
    vertex 0.233794230471431 -0.39 0.3279064957314023
  endloop
endfacet
facet normal -0 -1 0
  outer loop
    vertex -0.1321960498460151 -0.39 0.2007925887661505
    vertex -0.1900000000004236 -0.39 0.264367250208753
    vertex -0.2204710346080891 -0.39 0.1997523020903651
  endloop
endfacet
facet normal 0 -1 0
  outer loop
    vertex -0.1321960498460151 -0.39 0.2007925887661505
    vertex -0.1119261465821946 -0.39 0.2696743635736145
    vertex -0.1900000000004236 -0.39 0.264367250208753
  endloop
endfacet
facet normal 0 -1 0
  outer loop
    vertex -0.2339383945346437 -0.39 -0.3261275735734384
    vertex -0.3123371963384682 -0.39 -0.3322916414616208
    vertex -0.2850000000001898 -0.39 -0.4
  endloop
endfacet
facet normal 0 -1 0
  outer loop
    vertex 0.1431783570102349 -0.39 0.3192089527159169
    vertex 0.1894051055023887 -0.39 0.2667360555945358
    vertex 0.233794230471431 -0.39 0.3279064957314023
  endloop
endfacet
facet normal 0 -1 0
  outer loop
    vertex 0.1438417343356874 -0.39 -0.3245375236106247
    vertex 0.1983867809547819 -0.39 -0.2660136704243435
    vertex 0.1216213115674417 -0.39 -0.2385542545924068
  endloop
endfacet
facet normal 0 -1 0
  outer loop
    vertex 0.1190357147226766 -0.39 0.236798209694296
    vertex 0.1894051055023887 -0.39 0.2667360555945358
    vertex 0.1431783570102349 -0.39 0.3192089527159169
  endloop
endfacet
facet normal 0 -1 0
  outer loop
    vertex -0.1900000000004236 -0.39 0.264367250208753
    vertex -0.1119261465821946 -0.39 0.2696743635736145
    vertex -0.1439889343462376 -0.39 0.3260781861868035
  endloop
endfacet
facet normal 0 -1 -0
  outer loop
    vertex -0.05504359098962114 -0.39 0.3220585584423747
    vertex -0.1119261465821946 -0.39 0.2696743635736145
    vertex -0.03880992098924657 -0.39 0.2345544731636297
  endloop
endfacet
facet normal 0 0 1
  outer loop
    vertex 0.145947578727141 0.1118533381607751 0.4
    vertex 0.2687005765050676 0.1212994233271109 0.4
    vertex 0.206290880308444 0.1967997200270501 0.4
  endloop
endfacet
facet normal 0 0 1
  outer loop
    vertex 0.1364384470001906 -0.298571484468278 0.4
    vertex 0.130868992434249 -0.1914732528839505 0.4
    vertex 0.04676810764405041 -0.2427462349388118 0.4
  endloop
endfacet
facet normal 0 0 1
  outer loop
    vertex 0.3290896531602238 0.2000000004812726 0.4
    vertex 0.2687005762354334 0.2787005774663427 0.4
    vertex 0.206290880308444 0.1967997200270501 0.4
  endloop
endfacet
facet normal 0 -0 1
  outer loop
    vertex 0.2687005765050676 0.1212994233271109 0.4
    vertex 0.3290896531602238 0.2000000004812726 0.4
    vertex 0.206290880308444 0.1967997200270501 0.4
  endloop
endfacet
facet normal 0 0 1
  outer loop
    vertex 0.2687005765050676 0.1212994233271109 0.4
    vertex 0.145947578727141 0.1118533381607751 0.4
    vertex 0.2104859981310983 0.0515033839585128 0.4
  endloop
endfacet
facet normal 0 0 1
  outer loop
    vertex -0.2850000000001898 -0.39 0.4
    vertex -0.190000000000423 -0.39 0.4
    vertex -0.2200939233634195 -0.2962601745528037 0.4
  endloop
endfacet
facet normal 0 -0 1
  outer loop
    vertex -0.2850000000001898 -0.39 0.4
    vertex -0.2200939233634195 -0.2962601745528037 0.4
    vertex -0.3072478360776404 -0.3160104442736471 0.4
  endloop
endfacet
facet normal 0 0 1
  outer loop
    vertex -0.03756315968930181 -0.1903509690551108 0.4
    vertex -0.04392146229653815 -0.3031270907865621 0.4
    vertex 0.04676810764405041 -0.2427462349388118 0.4
  endloop
endfacet
facet normal 0 0 1
  outer loop
    vertex 0.130868992434249 -0.1914732528839505 0.4
    vertex 0.04728582841655049 -0.1419978406995454 0.4
    vertex 0.04676810764405041 -0.2427462349388118 0.4
  endloop
endfacet
facet normal 0 0 1
  outer loop
    vertex 0.2104859981310983 0.0515033839585128 0.4
    vertex 0.2100618924502141 -0.03703331765893397 0.4
    vertex 0.2976873182460952 0.04011752780206121 0.4
  endloop
endfacet
facet normal 0 -0 1
  outer loop
    vertex -0.04392146229653815 -0.3031270907865621 0.4
    vertex -0.03756315968930181 -0.1903509690551108 0.4
    vertex -0.1270607339608138 -0.2391393304950968 0.4
  endloop
endfacet
facet normal -0 0 1
  outer loop
    vertex 0.2100618924502141 -0.03703331765893397 0.4
    vertex 0.2975576912138568 -0.05384895084641762 0.4
    vertex 0.2976873182460952 0.04011752780206121 0.4
  endloop
endfacet
facet normal 0 -0 1
  outer loop
    vertex -0.1329398162031437 0.1700453891060062 0.4
    vertex -0.1095489049092267 0.2728911738688755 0.4
    vertex -0.1884423862062699 0.2535784425993781 0.4
  endloop
endfacet
facet normal 0 0 1
  outer loop
    vertex 0.2921796389443647 -0.2306875762134723 0.4
    vertex 0.223237426947084 -0.1388200284584132 0.4
    vertex 0.2040728701718214 -0.2336718343150783 0.4
  endloop
endfacet
facet normal 0 0 1
  outer loop
    vertex 0.223237426947084 -0.1388200284584132 0.4
    vertex 0.2921796389443647 -0.2306875762134723 0.4
    vertex 0.3145949514210611 -0.1406713111038271 0.4
  endloop
endfacet
facet normal 0 0 1
  outer loop
    vertex -0.1095489049092267 0.2728911738688755 0.4
    vertex -0.1329398162031437 0.1700453891060062 0.4
    vertex -0.03644265680171931 0.207076342757902 0.4
  endloop
endfacet
facet normal 0 0 1
  outer loop
    vertex 0.130868992434249 -0.1914732528839505 0.4
    vertex 0.1364384470001906 -0.298571484468278 0.4
    vertex 0.2040728701718214 -0.2336718343150783 0.4
  endloop
endfacet
facet normal 0 0 1
  outer loop
    vertex 0.04728582841655049 -0.1419978406995454 0.4
    vertex -0.03756315968930181 -0.1903509690551108 0.4
    vertex 0.04676810764405041 -0.2427462349388118 0.4
  endloop
endfacet
facet normal 0 0 1
  outer loop
    vertex 0.2975576912138568 -0.05384895084641762 0.4
    vertex 0.223237426947084 -0.1388200284584132 0.4
    vertex 0.3145949514210611 -0.1406713111038271 0.4
  endloop
endfacet
facet normal 0 -0 1
  outer loop
    vertex 0.223237426947084 -0.1388200284584132 0.4
    vertex 0.2975576912138568 -0.05384895084641762 0.4
    vertex 0.2100618924502141 -0.03703331765893397 0.4
  endloop
endfacet
facet normal -0 0 1
  outer loop
    vertex -0.2335460812815924 0.1878004073821702 0.4
    vertex -0.1329398162031437 0.1700453891060062 0.4
    vertex -0.1884423862062699 0.2535784425993781 0.4
  endloop
endfacet
facet normal 0 0 1
  outer loop
    vertex 0.1364384470001906 -0.298571484468278 0.4
    vertex 0.04676810764405041 -0.2427462349388118 0.4
    vertex 0.04704072747775886 -0.3266226219532143 0.4
  endloop
endfacet
facet normal 0 0 1
  outer loop
    vertex -0.1329398162031437 0.1700453891060062 0.4
    vertex -0.2335460812815924 0.1878004073821702 0.4
    vertex -0.2096174765231985 0.1010984868201467 0.4
  endloop
endfacet
facet normal -0 0 1
  outer loop
    vertex 0.1364384470001906 -0.298571484468278 0.4
    vertex 0.2376398455332184 -0.3088068295512776 0.4
    vertex 0.2040728701718214 -0.2336718343150783 0.4
  endloop
endfacet
facet normal 0 0 1
  outer loop
    vertex -1.772083665409805e-09 0.39 0.4
    vertex -0.09835123856973214 0.3770518136064712 0.4
    vertex -0.02305648953208047 0.300048742888619 0.4
  endloop
endfacet
facet normal 0 0 1
  outer loop
    vertex -0.09835123856973214 0.3770518136064712 0.4
    vertex -0.1095489049092267 0.2728911738688755 0.4
    vertex -0.02305648953208047 0.300048742888619 0.4
  endloop
endfacet
facet normal 0 0 1
  outer loop
    vertex -0.2081135032871611 -0.1879613890680885 0.4
    vertex -0.2958863132054834 -0.2352316462026898 0.4
    vertex -0.2200939233634195 -0.2962601745528037 0.4
  endloop
endfacet
facet normal 0 0 1
  outer loop
    vertex -0.2079278277934816 -0.08970079368182564 0.4
    vertex -0.2081135032871611 -0.1879613890680885 0.4
    vertex -0.1232078104253431 -0.139596580578572 0.4
  endloop
endfacet
facet normal 0 0 1
  outer loop
    vertex -0.29414881942113 -0.1390816273842972 0.4
    vertex -0.2958863132054834 -0.2352316462026898 0.4
    vertex -0.2081135032871611 -0.1879613890680885 0.4
  endloop
endfacet
facet normal -0 0 1
  outer loop
    vertex -0.38 -0.1899999999994743 0.4
    vertex -0.2958863132054834 -0.2352316462026898 0.4
    vertex -0.29414881942113 -0.1390816273842972 0.4
  endloop
endfacet
facet normal 0 0 1
  outer loop
    vertex -0.1220425834306945 -0.04058043988592003 0.4
    vertex -0.2079278277934816 -0.08970079368182564 0.4
    vertex -0.1232078104253431 -0.139596580578572 0.4
  endloop
endfacet
facet normal 0 0 1
  outer loop
    vertex -0.1270607339608138 -0.2391393304950968 0.4
    vertex -0.03756315968930181 -0.1903509690551108 0.4
    vertex -0.1232078104253431 -0.139596580578572 0.4
  endloop
endfacet
facet normal 0 0 1
  outer loop
    vertex -0.2081135032871611 -0.1879613890680885 0.4
    vertex -0.2200939233634195 -0.2962601745528037 0.4
    vertex -0.1270607339608138 -0.2391393304950968 0.4
  endloop
endfacet
facet normal -0 0 1
  outer loop
    vertex -0.2081135032871611 -0.1879613890680885 0.4
    vertex -0.1270607339608138 -0.2391393304950968 0.4
    vertex -0.1232078104253431 -0.139596580578572 0.4
  endloop
endfacet
facet normal 0 0 1
  outer loop
    vertex 0.04728582841655049 -0.1419978406995454 0.4
    vertex -0.03653905439060572 -0.08984656128539048 0.4
    vertex -0.03756315968930181 -0.1903509690551108 0.4
  endloop
endfacet
facet normal 0 0 1
  outer loop
    vertex -0.38 -0.1899999999994743 0.4
    vertex -0.38 -0.2899999999997344 0.4
    vertex -0.2958863132054834 -0.2352316462026898 0.4
  endloop
endfacet
facet normal 0 -0 1
  outer loop
    vertex 0.38 -0.2900000000002738 0.4
    vertex 0.38 -0.1900000000005532 0.4
    vertex 0.2921796389443647 -0.2306875762134723 0.4
  endloop
endfacet
facet normal 0 0 1
  outer loop
    vertex -0.2933376615554572 -0.04103523913029988 0.4
    vertex -0.29414881942113 -0.1390816273842972 0.4
    vertex -0.2079278277934816 -0.08970079368182564 0.4
  endloop
endfacet
facet normal 0 0 1
  outer loop
    vertex -0.03653905439060572 -0.08984656128539048 0.4
    vertex -0.1220425834306945 -0.04058043988592003 0.4
    vertex -0.1232078104253431 -0.139596580578572 0.4
  endloop
endfacet
facet normal 0 0 1
  outer loop
    vertex -0.2079278277934816 -0.08970079368182564 0.4
    vertex -0.29414881942113 -0.1390816273842972 0.4
    vertex -0.2081135032871611 -0.1879613890680885 0.4
  endloop
endfacet
facet normal 0 0 1
  outer loop
    vertex 0.04855458968019853 -0.04060251810128762 0.4
    vertex -0.03653905439060572 -0.08984656128539048 0.4
    vertex 0.04728582841655049 -0.1419978406995454 0.4
  endloop
endfacet
facet normal 0 0 1
  outer loop
    vertex -0.38 0.01 0.4
    vertex -0.38 -0.08999999999976739 0.4
    vertex -0.2933376615554572 -0.04103523913029988 0.4
  endloop
endfacet
facet normal 0 0 1
  outer loop
    vertex 0.1314565582033173 -0.09037563725535948 0.4
    vertex 0.04728582841655049 -0.1419978406995454 0.4
    vertex 0.130868992434249 -0.1914732528839505 0.4
  endloop
endfacet
facet normal 0 0 1
  outer loop
    vertex -0.2933376615554572 -0.04103523913029988 0.4
    vertex -0.38 -0.08999999999976739 0.4
    vertex -0.29414881942113 -0.1390816273842972 0.4
  endloop
endfacet
facet normal 0 0 1
  outer loop
    vertex -0.03654280219944146 0.008708426811520497 0.4
    vertex -0.1220425834306945 -0.04058043988592003 0.4
    vertex -0.03653905439060572 -0.08984656128539048 0.4
  endloop
endfacet
facet normal 0 0 1
  outer loop
    vertex -0.38 -0.08999999999976739 0.4
    vertex -0.38 -0.1899999999994743 0.4
    vertex -0.29414881942113 -0.1390816273842972 0.4
  endloop
endfacet
facet normal -0 0 1
  outer loop
    vertex -0.2933376615554572 -0.04103523913029988 0.4
    vertex -0.2079278277934816 -0.08970079368182564 0.4
    vertex -0.207272671136633 0.008074668841429282 0.4
  endloop
endfacet
facet normal 0 -0 1
  outer loop
    vertex -0.03756315968930181 -0.1903509690551108 0.4
    vertex -0.03653905439060572 -0.08984656128539048 0.4
    vertex -0.1232078104253431 -0.139596580578572 0.4
  endloop
endfacet
facet normal 0 -0 1
  outer loop
    vertex 0.38 -0.09000000000027936 0.4
    vertex 0.38 0.01 0.4
    vertex 0.2975576912138568 -0.05384895084641762 0.4
  endloop
endfacet
facet normal 0 0 1
  outer loop
    vertex -0.03654280219944146 0.008708426811520497 0.4
    vertex -0.03653905439060572 -0.08984656128539048 0.4
    vertex 0.04855458968019853 -0.04060251810128762 0.4
  endloop
endfacet
facet normal 0 0 1
  outer loop
    vertex -0.207272671136633 0.008074668841429282 0.4
    vertex -0.2079278277934816 -0.08970079368182564 0.4
    vertex -0.1220425834306945 -0.04058043988592003 0.4
  endloop
endfacet
facet normal 0 0 1
  outer loop
    vertex 0.04904166550140156 0.05831119370869275 0.4
    vertex 0.04855458968019853 -0.04060251810128762 0.4
    vertex 0.134519137063605 0.008827985593572715 0.4
  endloop
endfacet
facet normal 0 0 1
  outer loop
    vertex -0.2687005775054031 0.278700576196373 0.4
    vertex -0.3290896537402555 0.1999999994766283 0.4
    vertex -0.2335460812815924 0.1878004073821702 0.4
  endloop
endfacet
facet normal 0 0 1
  outer loop
    vertex -0.09835123856973214 0.3770518136064712 0.4
    vertex -0.1900000010616663 0.3390896528251333 0.4
    vertex -0.1095489049092267 0.2728911738688755 0.4
  endloop
endfacet
facet normal 0 0 1
  outer loop
    vertex 0.04855458968019853 -0.04060251810128762 0.4
    vertex 0.04728582841655049 -0.1419978406995454 0.4
    vertex 0.1314565582033173 -0.09037563725535948 0.4
  endloop
endfacet
facet normal 0 0 1
  outer loop
    vertex 0.1899999990090995 0.3390896540101834 0.4
    vertex 0.09835123569472656 0.3770518143768266 0.4
    vertex 0.1112994221167109 0.2787005769978231 0.4
  endloop
endfacet
facet normal 0 -0 1
  outer loop
    vertex -0.03637608510004132 0.1076768712213546 0.4
    vertex 0.04822822228387352 0.1554618192106691 0.4
    vertex -0.03644265680171931 0.207076342757902 0.4
  endloop
endfacet
facet normal -0 0 1
  outer loop
    vertex 0.04855458968019853 -0.04060251810128762 0.4
    vertex 0.1314565582033173 -0.09037563725535948 0.4
    vertex 0.134519137063605 0.008827985593572715 0.4
  endloop
endfacet
facet normal 0 -0 1
  outer loop
    vertex -0.1213598312976289 0.05705209236735138 0.4
    vertex -0.03637608510004132 0.1076768712213546 0.4
    vertex -0.1329398162031437 0.1700453891060062 0.4
  endloop
endfacet
facet normal -0 0 1
  outer loop
    vertex -0.03637608510004132 0.1076768712213546 0.4
    vertex 0.04904166550140156 0.05831119370869275 0.4
    vertex 0.04822822228387352 0.1554618192106691 0.4
  endloop
endfacet
facet normal -0 0 1
  outer loop
    vertex -0.1329398162031437 0.1700453891060062 0.4
    vertex -0.03637608510004132 0.1076768712213546 0.4
    vertex -0.03644265680171931 0.207076342757902 0.4
  endloop
endfacet
facet normal 0 0 1
  outer loop
    vertex 0.04822822228387352 0.1554618192106691 0.4
    vertex 0.04904166550140156 0.05831119370869275 0.4
    vertex 0.145947578727141 0.1118533381607751 0.4
  endloop
endfacet
facet normal 0 0 1
  outer loop
    vertex 0.1314565582033173 -0.09037563725535948 0.4
    vertex 0.130868992434249 -0.1914732528839505 0.4
    vertex 0.223237426947084 -0.1388200284584132 0.4
  endloop
endfacet
facet normal 0 0 1
  outer loop
    vertex 0.3670518139329518 0.1083512373512899 0.4
    vertex 0.3290896531602238 0.2000000004812726 0.4
    vertex 0.2687005765050676 0.1212994233271109 0.4
  endloop
endfacet
facet normal -0 0 1
  outer loop
    vertex -0.207272671136633 0.008074668841429282 0.4
    vertex -0.1220425834306945 -0.04058043988592003 0.4
    vertex -0.1213598312976289 0.05705209236735138 0.4
  endloop
endfacet
facet normal -0 0 1
  outer loop
    vertex -0.1213598312976289 0.05705209236735138 0.4
    vertex -0.03654280219944146 0.008708426811520497 0.4
    vertex -0.03637608510004132 0.1076768712213546 0.4
  endloop
endfacet
facet normal 0 0 1
  outer loop
    vertex -0.03654280219944146 0.008708426811520497 0.4
    vertex 0.04904166550140156 0.05831119370869275 0.4
    vertex -0.03637608510004132 0.1076768712213546 0.4
  endloop
endfacet
facet normal 0 0 1
  outer loop
    vertex -0.1213598312976289 0.05705209236735138 0.4
    vertex -0.1220425834306945 -0.04058043988592003 0.4
    vertex -0.03654280219944146 0.008708426811520497 0.4
  endloop
endfacet
facet normal -0 0 1
  outer loop
    vertex -0.03654280219944146 0.008708426811520497 0.4
    vertex 0.04855458968019853 -0.04060251810128762 0.4
    vertex 0.04904166550140156 0.05831119370869275 0.4
  endloop
endfacet
facet normal 0 0 1
  outer loop
    vertex 0.145947578727141 0.1118533381607751 0.4
    vertex 0.04904166550140156 0.05831119370869275 0.4
    vertex 0.134519137063605 0.008827985593572715 0.4
  endloop
endfacet
facet normal 0 0 1
  outer loop
    vertex -0.09500000000069952 -0.39 0.4
    vertex -9.69946345463768e-13 -0.39 0.4
    vertex -0.04392146229653815 -0.3031270907865621 0.4
  endloop
endfacet
facet normal 0 0 1
  outer loop
    vertex 0.09499999999927453 -0.39 0.4
    vertex 0.1899999999995236 -0.39 0.4
    vertex 0.1364384470001906 -0.298571484468278 0.4
  endloop
endfacet
facet normal -0 0 1
  outer loop
    vertex -0.38 0.01 0.4
    vertex -0.2933376615554572 -0.04103523913029988 0.4
    vertex -0.2898147621595226 0.05305059659463455 0.4
  endloop
endfacet
facet normal 0 0 1
  outer loop
    vertex -0.3670518140672614 0.1083512368500395 0.4
    vertex -0.38 0.01 0.4
    vertex -0.2898147621595226 0.05305059659463455 0.4
  endloop
endfacet
facet normal 0 0 1
  outer loop
    vertex -0.2200939233634195 -0.2962601745528037 0.4
    vertex -0.190000000000423 -0.39 0.4
    vertex -0.1341647584592421 -0.3219659603189328 0.4
  endloop
endfacet
facet normal 0 0 1
  outer loop
    vertex -0.38 -0.39 0.4
    vertex -0.2850000000001898 -0.39 0.4
    vertex -0.3072478360776404 -0.3160104442736471 0.4
  endloop
endfacet
facet normal 0 0 1
  outer loop
    vertex 0.04676810764405041 -0.2427462349388118 0.4
    vertex -0.04392146229653815 -0.3031270907865621 0.4
    vertex 0.04704072747775886 -0.3266226219532143 0.4
  endloop
endfacet
facet normal 0 0 1
  outer loop
    vertex -0.38 -0.2899999999997344 0.4
    vertex -0.38 -0.39 0.4
    vertex -0.3072478360776404 -0.3160104442736471 0.4
  endloop
endfacet
facet normal -0 0 1
  outer loop
    vertex -0.1095489049092267 0.2728911738688755 0.4
    vertex -0.03644265680171931 0.207076342757902 0.4
    vertex -0.02305648953208047 0.300048742888619 0.4
  endloop
endfacet
facet normal 0 0 1
  outer loop
    vertex -0.2200939233634195 -0.2962601745528037 0.4
    vertex -0.2958863132054834 -0.2352316462026898 0.4
    vertex -0.3072478360776404 -0.3160104442736471 0.4
  endloop
endfacet
facet normal 0 0 1
  outer loop
    vertex 0.1364384470001906 -0.298571484468278 0.4
    vertex 0.1899999999995236 -0.39 0.4
    vertex 0.2376398455332184 -0.3088068295512776 0.4
  endloop
endfacet
facet normal 0 0 1
  outer loop
    vertex -0.1213598312976289 0.05705209236735138 0.4
    vertex -0.1329398162031437 0.1700453891060062 0.4
    vertex -0.2096174765231985 0.1010984868201467 0.4
  endloop
endfacet
facet normal 0 0 1
  outer loop
    vertex 0.2921796389443647 -0.2306875762134723 0.4
    vertex 0.38 -0.1900000000005532 0.4
    vertex 0.3145949514210611 -0.1406713111038271 0.4
  endloop
endfacet
facet normal 0 0 1
  outer loop
    vertex 0.38 -0.09000000000027936 0.4
    vertex 0.2975576912138568 -0.05384895084641762 0.4
    vertex 0.3145949514210611 -0.1406713111038271 0.4
  endloop
endfacet
facet normal 0 0 1
  outer loop
    vertex 0.1899999999995236 -0.39 0.4
    vertex 0.2849999999997564 -0.39 0.4
    vertex 0.2376398455332184 -0.3088068295512776 0.4
  endloop
endfacet
facet normal 0 0 1
  outer loop
    vertex -0.2933376615554572 -0.04103523913029988 0.4
    vertex -0.207272671136633 0.008074668841429282 0.4
    vertex -0.2898147621595226 0.05305059659463455 0.4
  endloop
endfacet
facet normal -0 0 1
  outer loop
    vertex 0.1314565582033173 -0.09037563725535948 0.4
    vertex 0.223237426947084 -0.1388200284584132 0.4
    vertex 0.2100618924502141 -0.03703331765893397 0.4
  endloop
endfacet
facet normal 0 0 1
  outer loop
    vertex 0.1112994221167109 0.2787005769978231 0.4
    vertex 0.1222736888264036 0.2085807593703597 0.4
    vertex 0.1806814481006784 0.2669860242936146 0.4
  endloop
endfacet
facet normal -0 0 1
  outer loop
    vertex -0.2898147621595226 0.05305059659463455 0.4
    vertex -0.207272671136633 0.008074668841429282 0.4
    vertex -0.2096174765231985 0.1010984868201467 0.4
  endloop
endfacet
facet normal 0 0 1
  outer loop
    vertex -0.04392146229653815 -0.3031270907865621 0.4
    vertex -0.1270607339608138 -0.2391393304950968 0.4
    vertex -0.1341647584592421 -0.3219659603189328 0.4
  endloop
endfacet
facet normal 0 -0 1
  outer loop
    vertex 0.206290880308444 0.1967997200270501 0.4
    vertex 0.2687005762354334 0.2787005774663427 0.4
    vertex 0.1806814481006784 0.2669860242936146 0.4
  endloop
endfacet
facet normal 0 -0 1
  outer loop
    vertex 0.145947578727141 0.1118533381607751 0.4
    vertex 0.206290880308444 0.1967997200270501 0.4
    vertex 0.1222736888264036 0.2085807593703597 0.4
  endloop
endfacet
facet normal 0 0 1
  outer loop
    vertex -0.04392146229653815 -0.3031270907865621 0.4
    vertex -9.69946345463768e-13 -0.39 0.4
    vertex 0.04704072747775886 -0.3266226219532143 0.4
  endloop
endfacet
facet normal 0 -0 1
  outer loop
    vertex 0.09499999999927453 -0.39 0.4
    vertex 0.1364384470001906 -0.298571484468278 0.4
    vertex 0.04704072747775886 -0.3266226219532143 0.4
  endloop
endfacet
facet normal 0 -0 1
  outer loop
    vertex -0.207272671136633 0.008074668841429282 0.4
    vertex -0.1213598312976289 0.05705209236735138 0.4
    vertex -0.2096174765231985 0.1010984868201467 0.4
  endloop
endfacet
facet normal 0 0 1
  outer loop
    vertex 0.1112994221167109 0.2787005769978231 0.4
    vertex 0.04085374006407796 0.2393563015189722 0.4
    vertex 0.1222736888264036 0.2085807593703597 0.4
  endloop
endfacet
facet normal 0 -0 1
  outer loop
    vertex 0.38 -0.39 0.4
    vertex 0.38 -0.2900000000002738 0.4
    vertex 0.3117310351917056 -0.3202694834322684 0.4
  endloop
endfacet
facet normal 0 0 1
  outer loop
    vertex -0.190000000000423 -0.39 0.4
    vertex -0.09500000000069952 -0.39 0.4
    vertex -0.1341647584592421 -0.3219659603189328 0.4
  endloop
endfacet
facet normal 0 0 1
  outer loop
    vertex 0.2849999999997564 -0.39 0.4
    vertex 0.38 -0.39 0.4
    vertex 0.3117310351917056 -0.3202694834322684 0.4
  endloop
endfacet
facet normal -0 0 1
  outer loop
    vertex 0.1222736888264036 0.2085807593703597 0.4
    vertex 0.206290880308444 0.1967997200270501 0.4
    vertex 0.1806814481006784 0.2669860242936146 0.4
  endloop
endfacet
facet normal 0 -0 1
  outer loop
    vertex 0.38 -0.1900000000005532 0.4
    vertex 0.38 -0.09000000000027936 0.4
    vertex 0.3145949514210611 -0.1406713111038271 0.4
  endloop
endfacet
facet normal 0 0 1
  outer loop
    vertex 0.145947578727141 0.1118533381607751 0.4
    vertex 0.134519137063605 0.008827985593572715 0.4
    vertex 0.2104859981310983 0.0515033839585128 0.4
  endloop
endfacet
facet normal 0 0 1
  outer loop
    vertex 0.2104859981310983 0.0515033839585128 0.4
    vertex 0.134519137063605 0.008827985593572715 0.4
    vertex 0.2100618924502141 -0.03703331765893397 0.4
  endloop
endfacet
facet normal 0 0 1
  outer loop
    vertex 0.38 0.01 0.4
    vertex 0.3670518139329518 0.1083512373512899 0.4
    vertex 0.2976873182460952 0.04011752780206121 0.4
  endloop
endfacet
facet normal 0 0 1
  outer loop
    vertex 0.134519137063605 0.008827985593572715 0.4
    vertex 0.1314565582033173 -0.09037563725535948 0.4
    vertex 0.2100618924502141 -0.03703331765893397 0.4
  endloop
endfacet
facet normal 0 0 1
  outer loop
    vertex 0.3670518139329518 0.1083512373512899 0.4
    vertex 0.2687005765050676 0.1212994233271109 0.4
    vertex 0.2976873182460952 0.04011752780206121 0.4
  endloop
endfacet
facet normal 0 -0 1
  outer loop
    vertex 0.2376398455332184 -0.3088068295512776 0.4
    vertex 0.2921796389443647 -0.2306875762134723 0.4
    vertex 0.2040728701718214 -0.2336718343150783 0.4
  endloop
endfacet
facet normal 0 0 1
  outer loop
    vertex 0.223237426947084 -0.1388200284584132 0.4
    vertex 0.130868992434249 -0.1914732528839505 0.4
    vertex 0.2040728701718214 -0.2336718343150783 0.4
  endloop
endfacet
facet normal 0 -0 1
  outer loop
    vertex -0.09500000000069952 -0.39 0.4
    vertex -0.04392146229653815 -0.3031270907865621 0.4
    vertex -0.1341647584592421 -0.3219659603189328 0.4
  endloop
endfacet
facet normal 0 0 1
  outer loop
    vertex -0.2898147621595226 0.05305059659463455 0.4
    vertex -0.2096174765231985 0.1010984868201467 0.4
    vertex -0.2871569451947756 0.1317410664408876 0.4
  endloop
endfacet
facet normal 0 0 1
  outer loop
    vertex -0.1270607339608138 -0.2391393304950968 0.4
    vertex -0.2200939233634195 -0.2962601745528037 0.4
    vertex -0.1341647584592421 -0.3219659603189328 0.4
  endloop
endfacet
facet normal 0 0 1
  outer loop
    vertex 0.2975576912138568 -0.05384895084641762 0.4
    vertex 0.38 0.01 0.4
    vertex 0.2976873182460952 0.04011752780206121 0.4
  endloop
endfacet
facet normal 0 0 1
  outer loop
    vertex 0.2687005765050676 0.1212994233271109 0.4
    vertex 0.2104859981310983 0.0515033839585128 0.4
    vertex 0.2976873182460952 0.04011752780206121 0.4
  endloop
endfacet
facet normal -0 0 1
  outer loop
    vertex -0.03644265680171931 0.207076342757902 0.4
    vertex 0.04822822228387352 0.1554618192106691 0.4
    vertex 0.04085374006407796 0.2393563015189722 0.4
  endloop
endfacet
facet normal 0 0 1
  outer loop
    vertex -0.1900000010616663 0.3390896528251333 0.4
    vertex -0.2687005775054031 0.278700576196373 0.4
    vertex -0.1884423862062699 0.2535784425993781 0.4
  endloop
endfacet
facet normal 0 0 1
  outer loop
    vertex -0.2687005775054031 0.278700576196373 0.4
    vertex -0.2335460812815924 0.1878004073821702 0.4
    vertex -0.1884423862062699 0.2535784425993781 0.4
  endloop
endfacet
facet normal 0 0 1
  outer loop
    vertex -0.1095489049092267 0.2728911738688755 0.4
    vertex -0.1900000010616663 0.3390896528251333 0.4
    vertex -0.1884423862062699 0.2535784425993781 0.4
  endloop
endfacet
facet normal 0 0 1
  outer loop
    vertex -0.3290896537402555 0.1999999994766283 0.4
    vertex -0.3670518140672614 0.1083512368500395 0.4
    vertex -0.2871569451947756 0.1317410664408876 0.4
  endloop
endfacet
facet normal 0 0 1
  outer loop
    vertex 0.38 -0.2900000000002738 0.4
    vertex 0.2921796389443647 -0.2306875762134723 0.4
    vertex 0.3117310351917056 -0.3202694834322684 0.4
  endloop
endfacet
facet normal 0 0 1
  outer loop
    vertex 0.09835123569472656 0.3770518143768266 0.4
    vertex -1.772083665409805e-09 0.39 0.4
    vertex 0.04791308270796243 0.3188361025738668 0.4
  endloop
endfacet
facet normal 0 0 1
  outer loop
    vertex 0.2687005762354334 0.2787005774663427 0.4
    vertex 0.1899999990090995 0.3390896540101834 0.4
    vertex 0.1806814481006784 0.2669860242936146 0.4
  endloop
endfacet
facet normal 0 0 1
  outer loop
    vertex -0.2958863132054834 -0.2352316462026898 0.4
    vertex -0.38 -0.2899999999997344 0.4
    vertex -0.3072478360776404 -0.3160104442736471 0.4
  endloop
endfacet
facet normal 0 0 1
  outer loop
    vertex 0.04085374006407796 0.2393563015189722 0.4
    vertex 0.04822822228387352 0.1554618192106691 0.4
    vertex 0.1222736888264036 0.2085807593703597 0.4
  endloop
endfacet
facet normal 0 0 1
  outer loop
    vertex -0.2335460812815924 0.1878004073821702 0.4
    vertex -0.3290896537402555 0.1999999994766283 0.4
    vertex -0.2871569451947756 0.1317410664408876 0.4
  endloop
endfacet
facet normal 0 0 1
  outer loop
    vertex -9.69946345463768e-13 -0.39 0.4
    vertex 0.09499999999927453 -0.39 0.4
    vertex 0.04704072747775886 -0.3266226219532143 0.4
  endloop
endfacet
facet normal 0 0 1
  outer loop
    vertex -0.2096174765231985 0.1010984868201467 0.4
    vertex -0.2335460812815924 0.1878004073821702 0.4
    vertex -0.2871569451947756 0.1317410664408876 0.4
  endloop
endfacet
facet normal 0 0 1
  outer loop
    vertex -0.02305648953208047 0.300048742888619 0.4
    vertex -0.03644265680171931 0.207076342757902 0.4
    vertex 0.04085374006407796 0.2393563015189722 0.4
  endloop
endfacet
facet normal -0 0 1
  outer loop
    vertex 0.04822822228387352 0.1554618192106691 0.4
    vertex 0.145947578727141 0.1118533381607751 0.4
    vertex 0.1222736888264036 0.2085807593703597 0.4
  endloop
endfacet
facet normal 0 0 1
  outer loop
    vertex 0.1112994221167109 0.2787005769978231 0.4
    vertex 0.09835123569472656 0.3770518143768266 0.4
    vertex 0.04791308270796243 0.3188361025738668 0.4
  endloop
endfacet
facet normal -0 0 1
  outer loop
    vertex -0.3670518140672614 0.1083512368500395 0.4
    vertex -0.2898147621595226 0.05305059659463455 0.4
    vertex -0.2871569451947756 0.1317410664408876 0.4
  endloop
endfacet
facet normal 0 0 1
  outer loop
    vertex 0.1899999990090995 0.3390896540101834 0.4
    vertex 0.1112994221167109 0.2787005769978231 0.4
    vertex 0.1806814481006784 0.2669860242936146 0.4
  endloop
endfacet
facet normal 0 0 1
  outer loop
    vertex -1.772083665409805e-09 0.39 0.4
    vertex -0.02305648953208047 0.300048742888619 0.4
    vertex 0.04791308270796243 0.3188361025738668 0.4
  endloop
endfacet
facet normal 0 0 1
  outer loop
    vertex 0.2921796389443647 -0.2306875762134723 0.4
    vertex 0.2376398455332184 -0.3088068295512776 0.4
    vertex 0.3117310351917056 -0.3202694834322684 0.4
  endloop
endfacet
facet normal 0 0 1
  outer loop
    vertex 0.2376398455332184 -0.3088068295512776 0.4
    vertex 0.2849999999997564 -0.39 0.4
    vertex 0.3117310351917056 -0.3202694834322684 0.4
  endloop
endfacet
facet normal -0 0 1
  outer loop
    vertex -0.02305648953208047 0.300048742888619 0.4
    vertex 0.04085374006407796 0.2393563015189722 0.4
    vertex 0.04791308270796243 0.3188361025738668 0.4
  endloop
endfacet
facet normal 0 0 1
  outer loop
    vertex 0.04085374006407796 0.2393563015189722 0.4
    vertex 0.1112994221167109 0.2787005769978231 0.4
    vertex 0.04791308270796243 0.3188361025738668 0.4
  endloop
endfacet
endsolid Created by Gmsh
