solid Created by Gmsh
facet normal 0 0 1
  outer loop
    vertex -0.1457148780610767 -0.4920655165984681 -0.4
    vertex -0.268700576471665 -0.5012994233324444 -0.4
    vertex -0.2062453520992625 -0.57685412810356 -0.4
  endloop
endfacet
facet normal 0 0 1
  outer loop
    vertex -0.1364315375240422 -0.0815574457972304 -0.4
    vertex -0.1308016649621604 -0.1888255663326343 -0.4
    vertex -0.04665950661874721 -0.1375664337976648 -0.4
  endloop
endfacet
facet normal -0 0 1
  outer loop
    vertex -0.3290896531399333 -0.5800000005164169 -0.4
    vertex -0.2687005761538708 -0.6587005775479053 -0.4
    vertex -0.2062453520992625 -0.57685412810356 -0.4
  endloop
endfacet
facet normal 0 0 1
  outer loop
    vertex -0.268700576471665 -0.5012994233324444 -0.4
    vertex -0.3290896531399333 -0.5800000005164169 -0.4
    vertex -0.2062453520992625 -0.57685412810356 -0.4
  endloop
endfacet
facet normal 0 0 1
  outer loop
    vertex -0.268700576471665 -0.5012994233324444 -0.4
    vertex -0.1457148780610767 -0.4920655165984681 -0.4
    vertex -0.2103085370877326 -0.4317145809931758 -0.4
  endloop
endfacet
facet normal 0 -0 1
  outer loop
    vertex 0.03797815512958752 -0.1890604409975604 -0.4
    vertex 0.0439621738804418 -0.07846781777537508 -0.4
    vertex -0.04665950661874721 -0.1375664337976648 -0.4
  endloop
endfacet
facet normal -0 0 1
  outer loop
    vertex -0.1308016649621604 -0.1888255663326343 -0.4
    vertex -0.04716416623715778 -0.2383769891768484 -0.4
    vertex -0.04665950661874721 -0.1375664337976648 -0.4
  endloop
endfacet
facet normal 0 -0 1
  outer loop
    vertex -0.2103085370877326 -0.4317145809931758 -0.4
    vertex -0.2088754307811289 -0.3421219364061294 -0.4
    vertex -0.2990534093187724 -0.4211982925558742 -0.4
  endloop
endfacet
facet normal 0 0 1
  outer loop
    vertex 0.0439621738804418 -0.07846781777537508 -0.4
    vertex 0.03797815512958752 -0.1890604409975604 -0.4
    vertex 0.1235184533005315 -0.1483639855445204 -0.4
  endloop
endfacet
facet normal 0 0 1
  outer loop
    vertex -0.2088754307811289 -0.3421219364061294 -0.4
    vertex -0.2975154916570752 -0.3262487234338792 -0.4
    vertex -0.2990534093187724 -0.4211982925558742 -0.4
  endloop
endfacet
facet normal 0 0 1
  outer loop
    vertex 0.2156470997348928 -0.4023192231924653 -0.4
    vertex 0.2703746859443479 -0.4984841398092452 -0.4
    vertex 0.3057081495658676 -0.4233203303033489 -0.4
  endloop
endfacet
facet normal -0 0 1
  outer loop
    vertex -0.2921421035232845 -0.1494229952293478 -0.4
    vertex -0.2231410926039538 -0.2414697446260395 -0.4
    vertex -0.2040295102446603 -0.1465131571077395 -0.4
  endloop
endfacet
facet normal 0 0 1
  outer loop
    vertex 0.2703746859443479 -0.4984841398092452 -0.4
    vertex 0.2156470997348928 -0.4023192231924653 -0.4
    vertex 0.1912149300271147 -0.4994238371896457 -0.4
  endloop
endfacet
facet normal 0 0 1
  outer loop
    vertex -0.2231410926039538 -0.2414697446260395 -0.4
    vertex -0.2921421035232845 -0.1494229952293478 -0.4
    vertex -0.3145597375568627 -0.2394282926576951 -0.4
  endloop
endfacet
facet normal 0 -0 1
  outer loop
    vertex 0.1106997601465624 -0.6545858651457209 -0.4
    vertex 0.114119447967731 -0.5435109197836075 -0.4
    vertex 0.03250322730811879 -0.5866446440568702 -0.4
  endloop
endfacet
facet normal 0 0 1
  outer loop
    vertex -0.1308016649621604 -0.1888255663326343 -0.4
    vertex -0.1364315375240422 -0.0815574457972304 -0.4
    vertex -0.2040295102446603 -0.1465131571077395 -0.4
  endloop
endfacet
facet normal 0 0 1
  outer loop
    vertex -0.04716416623715778 -0.2383769891768484 -0.4
    vertex 0.03797815512958752 -0.1890604409975604 -0.4
    vertex -0.04665950661874721 -0.1375664337976648 -0.4
  endloop
endfacet
facet normal 0 -0 1
  outer loop
    vertex -0.2975154916570752 -0.3262487234338792 -0.4
    vertex -0.2231410926039538 -0.2414697446260395 -0.4
    vertex -0.3145597375568627 -0.2394282926576951 -0.4
  endloop
endfacet
facet normal 0 0 1
  outer loop
    vertex -0.2231410926039538 -0.2414697446260395 -0.4
    vertex -0.2975154916570752 -0.3262487234338792 -0.4
    vertex -0.2088754307811289 -0.3421219364061294 -0.4
  endloop
endfacet
facet normal 0 0 1
  outer loop
    vertex 0.114119447967731 -0.5435109197836075 -0.4
    vertex 0.1106997601465624 -0.6545858651457209 -0.4
    vertex 0.1879188132330738 -0.6062179211658851 -0.4
  endloop
endfacet
facet normal 0 0 1
  outer loop
    vertex 0.1912149300271147 -0.4994238371896457 -0.4
    vertex 0.1879188132330738 -0.6062179211658851 -0.4
    vertex 0.2561469516578507 -0.5734515310921215 -0.4
  endloop
endfacet
facet normal 0 -0 1
  outer loop
    vertex 0.1900000012045686 -0.7190896527426287 -0.4
    vertex 0.2687005776096211 -0.6587005760921552 -0.4
    vertex 0.1879188132330738 -0.6062179211658851 -0.4
  endloop
endfacet
facet normal -0 0 1
  outer loop
    vertex 0.1106997601465624 -0.6545858651457209 -0.4
    vertex 0.1900000012045686 -0.7190896527426287 -0.4
    vertex 0.1879188132330738 -0.6062179211658851 -0.4
  endloop
endfacet
facet normal -0 0 1
  outer loop
    vertex -0.1364315375240422 -0.0815574457972304 -0.4
    vertex -0.04665950661874721 -0.1375664337976648 -0.4
    vertex -0.04701841003699382 -0.05368748325470737 -0.4
  endloop
endfacet
facet normal -0 0 1
  outer loop
    vertex 0.114119447967731 -0.5435109197836075 -0.4
    vertex 0.1879188132330738 -0.6062179211658851 -0.4
    vertex 0.1912149300271147 -0.4994238371896457 -0.4
  endloop
endfacet
facet normal 0 0 1
  outer loop
    vertex -0.1364315375240422 -0.0815574457972304 -0.4
    vertex -0.2376311526098606 -0.0712900335534456 -0.4
    vertex -0.2040295102446603 -0.1465131571077395 -0.4
  endloop
endfacet
facet normal 0 0 1
  outer loop
    vertex 1.92061072272963e-09 -0.77 -0.4
    vertex 0.0983512387255788 -0.7570518135647122 -0.4
    vertex 0.02387336826375611 -0.6806612678704531 -0.4
  endloop
endfacet
facet normal 0 -0 1
  outer loop
    vertex 0.0983512387255788 -0.7570518135647122 -0.4
    vertex 0.1106997601465624 -0.6545858651457209 -0.4
    vertex 0.02387336826375611 -0.6806612678704531 -0.4
  endloop
endfacet
facet normal 0 0 1
  outer loop
    vertex 0.2081272832220972 -0.2900022163622592 -0.4
    vertex 0.2053681973776486 -0.1973835417518745 -0.4
    vertex 0.1216169190528154 -0.2412759750352815 -0.4
  endloop
endfacet
facet normal 0 0 1
  outer loop
    vertex 0.1216169190528154 -0.2412759750352815 -0.4
    vertex 0.2053681973776486 -0.1973835417518745 -0.4
    vertex 0.1235184533005315 -0.1483639855445204 -0.4
  endloop
endfacet
facet normal -0 0 1
  outer loop
    vertex 0.03797815512958752 -0.1890604409975604 -0.4
    vertex 0.1216169190528154 -0.2412759750352815 -0.4
    vertex 0.1235184533005315 -0.1483639855445204 -0.4
  endloop
endfacet
facet normal 0 -0 1
  outer loop
    vertex 0.123556952951154 -0.3418469146209227 -0.4
    vertex 0.2081272832220972 -0.2900022163622592 -0.4
    vertex 0.1216169190528154 -0.2412759750352815 -0.4
  endloop
endfacet
facet normal 0 -0 1
  outer loop
    vertex 0.2081272832220972 -0.2900022163622592 -0.4
    vertex 0.2942727395927076 -0.2412517736243845 -0.4
    vertex 0.2053681973776486 -0.1973835417518745 -0.4
  endloop
endfacet
facet normal 0 0 1
  outer loop
    vertex 0.2954671480753102 -0.3374470516930808 -0.4
    vertex 0.2942727395927076 -0.2412517736243845 -0.4
    vertex 0.2081272832220972 -0.2900022163622592 -0.4
  endloop
endfacet
facet normal -0 0 1
  outer loop
    vertex -0.04716416623715778 -0.2383769891768484 -0.4
    vertex 0.0369448142784693 -0.2908622749649048 -0.4
    vertex 0.03797815512958752 -0.1890604409975604 -0.4
  endloop
endfacet
facet normal 0 0 1
  outer loop
    vertex 0.38 -0.2900000000002738 -0.4
    vertex 0.2942727395927076 -0.2412517736243845 -0.4
    vertex 0.2954671480753102 -0.3374470516930808 -0.4
  endloop
endfacet
facet normal 0 0 1
  outer loop
    vertex -0.38 -0.08999999999976739 -0.4
    vertex -0.38 -0.1899999999994743 -0.4
    vertex -0.2921421035232845 -0.1494229952293478 -0.4
  endloop
endfacet
facet normal 0 -0 1
  outer loop
    vertex 0.38 -0.39 -0.4
    vertex 0.38 -0.2900000000002738 -0.4
    vertex 0.2954671480753102 -0.3374470516930808 -0.4
  endloop
endfacet
facet normal 0 -0 1
  outer loop
    vertex 0.38 -0.2900000000002738 -0.4
    vertex 0.38 -0.1900000000005532 -0.4
    vertex 0.2942727395927076 -0.2412517736243845 -0.4
  endloop
endfacet
facet normal -0 0 1
  outer loop
    vertex 0.0369448142784693 -0.2908622749649048 -0.4
    vertex 0.123556952951154 -0.3418469146209227 -0.4
    vertex 0.1216169190528154 -0.2412759750352815 -0.4
  endloop
endfacet
facet normal 0 0 1
  outer loop
    vertex -0.0484584294604779 -0.3399082278972366 -0.4
    vertex 0.0369448142784693 -0.2908622749649048 -0.4
    vertex -0.04716416623715778 -0.2383769891768484 -0.4
  endloop
endfacet
facet normal 0 0 1
  outer loop
    vertex -0.1313149156465194 -0.290016751443439 -0.4
    vertex -0.04716416623715778 -0.2383769891768484 -0.4
    vertex -0.1308016649621604 -0.1888255663326343 -0.4
  endloop
endfacet
facet normal 0 -0 1
  outer loop
    vertex 0.037127565417643 -0.3894580917459339 -0.4
    vertex 0.123556952951154 -0.3418469146209227 -0.4
    vertex 0.0369448142784693 -0.2908622749649048 -0.4
  endloop
endfacet
facet normal 0 0 1
  outer loop
    vertex 0.2954671480753102 -0.3374470516930808 -0.4
    vertex 0.2081272832220972 -0.2900022163622592 -0.4
    vertex 0.2156470997348928 -0.4023192231924653 -0.4
  endloop
endfacet
facet normal 0 0 1
  outer loop
    vertex 0.03797815512958752 -0.1890604409975604 -0.4
    vertex 0.0369448142784693 -0.2908622749649048 -0.4
    vertex 0.1216169190528154 -0.2412759750352815 -0.4
  endloop
endfacet
facet normal 0 0 1
  outer loop
    vertex -0.38 -0.2899999999997344 -0.4
    vertex -0.38 -0.39 -0.4
    vertex -0.2975154916570752 -0.3262487234338792 -0.4
  endloop
endfacet
facet normal 0 0 1
  outer loop
    vertex 0.037127565417643 -0.3894580917459339 -0.4
    vertex 0.0369448142784693 -0.2908622749649048 -0.4
    vertex -0.0484584294604779 -0.3399082278972366 -0.4
  endloop
endfacet
facet normal 0 0 1
  outer loop
    vertex 0.2156470997348928 -0.4023192231924653 -0.4
    vertex 0.2081272832220972 -0.2900022163622592 -0.4
    vertex 0.123556952951154 -0.3418469146209227 -0.4
  endloop
endfacet
facet normal 0 -0 1
  outer loop
    vertex 0.3290896537906235 -0.5799999993893883 -0.4
    vertex 0.3670518140747872 -0.4883512368219527 -0.4
    vertex 0.2703746859443479 -0.4984841398092452 -0.4
  endloop
endfacet
facet normal 0 -0 1
  outer loop
    vertex -0.0484584294604779 -0.3399082278972366 -0.4
    vertex -0.04716416623715778 -0.2383769891768484 -0.4
    vertex -0.1313149156465194 -0.290016751443439 -0.4
  endloop
endfacet
facet normal 0 0 1
  outer loop
    vertex 0.0983512387255788 -0.7570518135647122 -0.4
    vertex 0.1900000012045686 -0.7190896527426287 -0.4
    vertex 0.1106997601465624 -0.6545858651457209 -0.4
  endloop
endfacet
facet normal 0 -0 1
  outer loop
    vertex -0.04870532461757787 -0.4386306108898188 -0.4
    vertex -0.0484584294604779 -0.3399082278972366 -0.4
    vertex -0.134226919292822 -0.389105323832065 -0.4
  endloop
endfacet
facet normal -0 0 1
  outer loop
    vertex -0.1899999988819988 -0.719089654083565 -0.4
    vertex -0.09835123555362253 -0.7570518144146352 -0.4
    vertex -0.1112994220076284 -0.6587005770273197 -0.4
  endloop
endfacet
facet normal 0 0 1
  outer loop
    vertex -0.0484584294604779 -0.3399082278972366 -0.4
    vertex -0.1313149156465194 -0.290016751443439 -0.4
    vertex -0.134226919292822 -0.389105323832065 -0.4
  endloop
endfacet
facet normal 0 0 1
  outer loop
    vertex 0.1224868075032245 -0.4385392531858248 -0.4
    vertex 0.03685318784498205 -0.4880313619808666 -0.4
    vertex 0.114119447967731 -0.5435109197836075 -0.4
  endloop
endfacet
facet normal 0 -0 1
  outer loop
    vertex -0.1313149156465194 -0.290016751443439 -0.4
    vertex -0.1308016649621604 -0.1888255663326343 -0.4
    vertex -0.2231410926039538 -0.2414697446260395 -0.4
  endloop
endfacet
facet normal 0 0 1
  outer loop
    vertex -0.3670518139314771 -0.4883512373567934 -0.4
    vertex -0.3290896531399333 -0.5800000005164169 -0.4
    vertex -0.268700576471665 -0.5012994233324444 -0.4
  endloop
endfacet
facet normal 0 0 1
  outer loop
    vertex -0.04783906239049866 -0.5356222997670216 -0.4
    vertex -0.04870532461757787 -0.4386306108898188 -0.4
    vertex -0.1457148780610767 -0.4920655165984681 -0.4
  endloop
endfacet
facet normal 0 0 1
  outer loop
    vertex 0.114119447967731 -0.5435109197836075 -0.4
    vertex 0.03685318784498205 -0.4880313619808666 -0.4
    vertex 0.03250322730811879 -0.5866446440568702 -0.4
  endloop
endfacet
facet normal 0 0 1
  outer loop
    vertex 0.03685318784498205 -0.4880313619808666 -0.4
    vertex -0.04783906239049866 -0.5356222997670216 -0.4
    vertex 0.03250322730811879 -0.5866446440568702 -0.4
  endloop
endfacet
facet normal 0 0 1
  outer loop
    vertex 0.03685318784498205 -0.4880313619808666 -0.4
    vertex -0.04870532461757787 -0.4386306108898188 -0.4
    vertex -0.04783906239049866 -0.5356222997670216 -0.4
  endloop
endfacet
facet normal 0 0 1
  outer loop
    vertex 0.2156470997348928 -0.4023192231924653 -0.4
    vertex 0.123556952951154 -0.3418469146209227 -0.4
    vertex 0.1224868075032245 -0.4385392531858248 -0.4
  endloop
endfacet
facet normal 0 0 1
  outer loop
    vertex 0.1224868075032245 -0.4385392531858248 -0.4
    vertex 0.037127565417643 -0.3894580917459339 -0.4
    vertex 0.03685318784498205 -0.4880313619808666 -0.4
  endloop
endfacet
facet normal 0 -0 1
  outer loop
    vertex 0.1224868075032245 -0.4385392531858248 -0.4
    vertex 0.123556952951154 -0.3418469146209227 -0.4
    vertex 0.037127565417643 -0.3894580917459339 -0.4
  endloop
endfacet
facet normal 0 0 1
  outer loop
    vertex 0.037127565417643 -0.3894580917459339 -0.4
    vertex -0.04870532461757787 -0.4386306108898188 -0.4
    vertex 0.03685318784498205 -0.4880313619808666 -0.4
  endloop
endfacet
facet normal -0 0 1
  outer loop
    vertex 0.2053681973776486 -0.1973835417518745 -0.4
    vertex 0.2942727395927076 -0.2412517736243845 -0.4
    vertex 0.2852246517565284 -0.1377054869290668 -0.4
  endloop
endfacet
facet normal 0 0 1
  outer loop
    vertex 0.037127565417643 -0.3894580917459339 -0.4
    vertex -0.0484584294604779 -0.3399082278972366 -0.4
    vertex -0.04870532461757787 -0.4386306108898188 -0.4
  endloop
endfacet
facet normal 0 0 1
  outer loop
    vertex -0.1457148780610767 -0.4920655165984681 -0.4
    vertex -0.04870532461757787 -0.4386306108898188 -0.4
    vertex -0.134226919292822 -0.389105323832065 -0.4
  endloop
endfacet
facet normal 0 0 1
  outer loop
    vertex 0.09500000000069952 0.01 -0.4
    vertex 9.69946345463768e-13 0.01 -0.4
    vertex 0.0439621738804418 -0.07846781777537508 -0.4
  endloop
endfacet
facet normal 0 0 1
  outer loop
    vertex -0.09499999999927453 0.01 -0.4
    vertex -0.1899999999995236 0.01 -0.4
    vertex -0.1364315375240422 -0.0815574457972304 -0.4
  endloop
endfacet
facet normal 0 -0 1
  outer loop
    vertex 0.2053681973776486 -0.1973835417518745 -0.4
    vertex 0.2852246517565284 -0.1377054869290668 -0.4
    vertex 0.1962596033823778 -0.122171763018754 -0.4
  endloop
endfacet
facet normal 0 0 1
  outer loop
    vertex 0.2850000000001898 0.01 -0.4
    vertex 0.190000000000423 0.01 -0.4
    vertex 0.2358760250204002 -0.0616317413501707 -0.4
  endloop
endfacet
facet normal -0 0 1
  outer loop
    vertex 0.0439621738804418 -0.07846781777537508 -0.4
    vertex 0.1235184533005315 -0.1483639855445204 -0.4
    vertex 0.1444593474972672 -0.06292126271216725 -0.4
  endloop
endfacet
facet normal 0 -0 1
  outer loop
    vertex 0.38 -0.1900000000005532 -0.4
    vertex 0.38 -0.09000000000027936 -0.4
    vertex 0.2852246517565284 -0.1377054869290668 -0.4
  endloop
endfacet
facet normal 0 0 1
  outer loop
    vertex 0.2852246517565284 -0.1377054869290668 -0.4
    vertex 0.2358760250204002 -0.0616317413501707 -0.4
    vertex 0.1962596033823778 -0.122171763018754 -0.4
  endloop
endfacet
facet normal 0 -0 1
  outer loop
    vertex -0.04665950661874721 -0.1375664337976648 -0.4
    vertex 0.0439621738804418 -0.07846781777537508 -0.4
    vertex -0.04701841003699382 -0.05368748325470737 -0.4
  endloop
endfacet
facet normal 0 0 1
  outer loop
    vertex 0.1106997601465624 -0.6545858651457209 -0.4
    vertex 0.03250322730811879 -0.5866446440568702 -0.4
    vertex 0.02387336826375611 -0.6806612678704531 -0.4
  endloop
endfacet
facet normal 0 0 1
  outer loop
    vertex -0.1364315375240422 -0.0815574457972304 -0.4
    vertex -0.1899999999995236 0.01 -0.4
    vertex -0.2376311526098606 -0.0712900335534456 -0.4
  endloop
endfacet
facet normal 0 0 1
  outer loop
    vertex -0.2921421035232845 -0.1494229952293478 -0.4
    vertex -0.38 -0.1899999999994743 -0.4
    vertex -0.3145597375568627 -0.2394282926576951 -0.4
  endloop
endfacet
facet normal 0 -0 1
  outer loop
    vertex 0.2942727395927076 -0.2412517736243845 -0.4
    vertex 0.38 -0.1900000000005532 -0.4
    vertex 0.2852246517565284 -0.1377054869290668 -0.4
  endloop
endfacet
facet normal -0 0 1
  outer loop
    vertex -0.38 -0.2899999999997344 -0.4
    vertex -0.2975154916570752 -0.3262487234338792 -0.4
    vertex -0.3145597375568627 -0.2394282926576951 -0.4
  endloop
endfacet
facet normal 0 0 1
  outer loop
    vertex -0.1899999999995236 0.01 -0.4
    vertex -0.2849999999997564 0.01 -0.4
    vertex -0.2376311526098606 -0.0712900335534456 -0.4
  endloop
endfacet
facet normal 0 0 1
  outer loop
    vertex 0.09500000000069952 0.01 -0.4
    vertex 0.0439621738804418 -0.07846781777537508 -0.4
    vertex 0.1444593474972672 -0.06292126271216725 -0.4
  endloop
endfacet
facet normal 0 0 1
  outer loop
    vertex 0.2954671480753102 -0.3374470516930808 -0.4
    vertex 0.2156470997348928 -0.4023192231924653 -0.4
    vertex 0.3057081495658676 -0.4233203303033489 -0.4
  endloop
endfacet
facet normal 0 0 1
  outer loop
    vertex 0.2358760250204002 -0.0616317413501707 -0.4
    vertex 0.190000000000423 0.01 -0.4
    vertex 0.1444593474972672 -0.06292126271216725 -0.4
  endloop
endfacet
facet normal 0 0 1
  outer loop
    vertex -0.1313149156465194 -0.290016751443439 -0.4
    vertex -0.2231410926039538 -0.2414697446260395 -0.4
    vertex -0.2088754307811289 -0.3421219364061294 -0.4
  endloop
endfacet
facet normal 0 0 1
  outer loop
    vertex 0.2156470997348928 -0.4023192231924653 -0.4
    vertex 0.1224868075032245 -0.4385392531858248 -0.4
    vertex 0.1912149300271147 -0.4994238371896457 -0.4
  endloop
endfacet
facet normal 0 0 1
  outer loop
    vertex 0.2703746859443479 -0.4984841398092452 -0.4
    vertex 0.1912149300271147 -0.4994238371896457 -0.4
    vertex 0.2561469516578507 -0.5734515310921215 -0.4
  endloop
endfacet
facet normal 0 0 1
  outer loop
    vertex -0.1112994220076284 -0.6587005770273197 -0.4
    vertex -0.1221376288597216 -0.5886935781528219 -0.4
    vertex -0.1806719896523123 -0.6469947364245379 -0.4
  endloop
endfacet
facet normal 0 0 1
  outer loop
    vertex -0.2062453520992625 -0.57685412810356 -0.4
    vertex -0.2687005761538708 -0.6587005775479053 -0.4
    vertex -0.1806719896523123 -0.6469947364245379 -0.4
  endloop
endfacet
facet normal 0 0 1
  outer loop
    vertex -0.1457148780610767 -0.4920655165984681 -0.4
    vertex -0.2062453520992625 -0.57685412810356 -0.4
    vertex -0.1221376288597216 -0.5886935781528219 -0.4
  endloop
endfacet
facet normal 0 0 1
  outer loop
    vertex 0.0439621738804418 -0.07846781777537508 -0.4
    vertex 9.69946345463768e-13 0.01 -0.4
    vertex -0.04701841003699382 -0.05368748325470737 -0.4
  endloop
endfacet
facet normal 0 0 1
  outer loop
    vertex -0.09499999999927453 0.01 -0.4
    vertex -0.1364315375240422 -0.0815574457972304 -0.4
    vertex -0.04701841003699382 -0.05368748325470737 -0.4
  endloop
endfacet
facet normal 0 -0 1
  outer loop
    vertex 0.38 -0.09000000000027936 -0.4
    vertex 0.38 0.01 -0.4
    vertex 0.312044454737493 -0.05781162158676821 -0.4
  endloop
endfacet
facet normal 0 0 1
  outer loop
    vertex -0.38 0.01 -0.4
    vertex -0.38 -0.08999999999976739 -0.4
    vertex -0.3117310351917121 -0.05973051656773798 -0.4
  endloop
endfacet
facet normal 0 0 1
  outer loop
    vertex 0.38 0.01 -0.4
    vertex 0.2850000000001898 0.01 -0.4
    vertex 0.312044454737493 -0.05781162158676821 -0.4
  endloop
endfacet
facet normal 0 -0 1
  outer loop
    vertex -0.1112994220076284 -0.6587005770273197 -0.4
    vertex -0.04070477543269477 -0.6196061389797294 -0.4
    vertex -0.1221376288597216 -0.5886935781528219 -0.4
  endloop
endfacet
facet normal 0 0 1
  outer loop
    vertex -0.2849999999997564 0.01 -0.4
    vertex -0.38 0.01 -0.4
    vertex -0.3117310351917121 -0.05973051656773798 -0.4
  endloop
endfacet
facet normal 0 0 1
  outer loop
    vertex -0.1221376288597216 -0.5886935781528219 -0.4
    vertex -0.2062453520992625 -0.57685412810356 -0.4
    vertex -0.1806719896523123 -0.6469947364245379 -0.4
  endloop
endfacet
facet normal 0 0 1
  outer loop
    vertex 0.190000000000423 0.01 -0.4
    vertex 0.09500000000069952 0.01 -0.4
    vertex 0.1444593474972672 -0.06292126271216725 -0.4
  endloop
endfacet
facet normal 0 0 1
  outer loop
    vertex -0.38 -0.1899999999994743 -0.4
    vertex -0.38 -0.2899999999997344 -0.4
    vertex -0.3145597375568627 -0.2394282926576951 -0.4
  endloop
endfacet
facet normal 0 -0 1
  outer loop
    vertex 0.3670518140747872 -0.4883512368219527 -0.4
    vertex 0.38 -0.39 -0.4
    vertex 0.3057081495658676 -0.4233203303033489 -0.4
  endloop
endfacet
facet normal 0 0 1
  outer loop
    vertex 0.2703746859443479 -0.4984841398092452 -0.4
    vertex 0.3670518140747872 -0.4883512368219527 -0.4
    vertex 0.3057081495658676 -0.4233203303033489 -0.4
  endloop
endfacet
facet normal 0 -0 1
  outer loop
    vertex -0.1457148780610767 -0.4920655165984681 -0.4
    vertex -0.134226919292822 -0.389105323832065 -0.4
    vertex -0.2103085370877326 -0.4317145809931758 -0.4
  endloop
endfacet
facet normal 0 0 1
  outer loop
    vertex -0.2103085370877326 -0.4317145809931758 -0.4
    vertex -0.134226919292822 -0.389105323832065 -0.4
    vertex -0.2088754307811289 -0.3421219364061294 -0.4
  endloop
endfacet
facet normal 0 0 1
  outer loop
    vertex -0.38 -0.39 -0.4
    vertex -0.3670518139314771 -0.4883512373567934 -0.4
    vertex -0.2990534093187724 -0.4211982925558742 -0.4
  endloop
endfacet
facet normal 0 -0 1
  outer loop
    vertex -0.134226919292822 -0.389105323832065 -0.4
    vertex -0.1313149156465194 -0.290016751443439 -0.4
    vertex -0.2088754307811289 -0.3421219364061294 -0.4
  endloop
endfacet
facet normal -0 0 1
  outer loop
    vertex -0.3670518139314771 -0.4883512373567934 -0.4
    vertex -0.268700576471665 -0.5012994233324444 -0.4
    vertex -0.2990534093187724 -0.4211982925558742 -0.4
  endloop
endfacet
facet normal 0 0 1
  outer loop
    vertex -0.2376311526098606 -0.0712900335534456 -0.4
    vertex -0.2921421035232845 -0.1494229952293478 -0.4
    vertex -0.2040295102446603 -0.1465131571077395 -0.4
  endloop
endfacet
facet normal 0 0 1
  outer loop
    vertex -0.2231410926039538 -0.2414697446260395 -0.4
    vertex -0.1308016649621604 -0.1888255663326343 -0.4
    vertex -0.2040295102446603 -0.1465131571077395 -0.4
  endloop
endfacet
facet normal 0 0 1
  outer loop
    vertex 0.38 -0.39 -0.4
    vertex 0.2954671480753102 -0.3374470516930808 -0.4
    vertex 0.3057081495658676 -0.4233203303033489 -0.4
  endloop
endfacet
facet normal 0 0 1
  outer loop
    vertex -0.2975154916570752 -0.3262487234338792 -0.4
    vertex -0.38 -0.39 -0.4
    vertex -0.2990534093187724 -0.4211982925558742 -0.4
  endloop
endfacet
facet normal 0 0 1
  outer loop
    vertex 0.2852246517565284 -0.1377054869290668 -0.4
    vertex 0.38 -0.09000000000027936 -0.4
    vertex 0.312044454737493 -0.05781162158676821 -0.4
  endloop
endfacet
facet normal 0 -0 1
  outer loop
    vertex -0.268700576471665 -0.5012994233324444 -0.4
    vertex -0.2103085370877326 -0.4317145809931758 -0.4
    vertex -0.2990534093187724 -0.4211982925558742 -0.4
  endloop
endfacet
facet normal 0 0 1
  outer loop
    vertex 0.03250322730811879 -0.5866446440568702 -0.4
    vertex -0.04783906239049866 -0.5356222997670216 -0.4
    vertex -0.04070477543269477 -0.6196061389797294 -0.4
  endloop
endfacet
facet normal 0 0 1
  outer loop
    vertex 0.1224868075032245 -0.4385392531858248 -0.4
    vertex 0.114119447967731 -0.5435109197836075 -0.4
    vertex 0.1912149300271147 -0.4994238371896457 -0.4
  endloop
endfacet
facet normal -0 0 1
  outer loop
    vertex -0.38 -0.08999999999976739 -0.4
    vertex -0.2921421035232845 -0.1494229952293478 -0.4
    vertex -0.3117310351917121 -0.05973051656773798 -0.4
  endloop
endfacet
facet normal -0 0 1
  outer loop
    vertex -0.09835123555362253 -0.7570518144146352 -0.4
    vertex 1.92061072272963e-09 -0.77 -0.4
    vertex -0.04782517242250824 -0.6989255002317885 -0.4
  endloop
endfacet
facet normal 0 -0 1
  outer loop
    vertex 0.2687005776096211 -0.6587005760921552 -0.4
    vertex 0.3290896537906235 -0.5799999993893883 -0.4
    vertex 0.2561469516578507 -0.5734515310921215 -0.4
  endloop
endfacet
facet normal -0 0 1
  outer loop
    vertex -0.2687005761538708 -0.6587005775479053 -0.4
    vertex -0.1899999988819988 -0.719089654083565 -0.4
    vertex -0.1806719896523123 -0.6469947364245379 -0.4
  endloop
endfacet
facet normal -0 0 1
  outer loop
    vertex 0.2358760250204002 -0.0616317413501707 -0.4
    vertex 0.2852246517565284 -0.1377054869290668 -0.4
    vertex 0.312044454737493 -0.05781162158676821 -0.4
  endloop
endfacet
facet normal 0 0 1
  outer loop
    vertex -0.04070477543269477 -0.6196061389797294 -0.4
    vertex -0.04783906239049866 -0.5356222997670216 -0.4
    vertex -0.1221376288597216 -0.5886935781528219 -0.4
  endloop
endfacet
facet normal 0 0 1
  outer loop
    vertex 9.69946345463768e-13 0.01 -0.4
    vertex -0.09499999999927453 0.01 -0.4
    vertex -0.04701841003699382 -0.05368748325470737 -0.4
  endloop
endfacet
facet normal 0 -0 1
  outer loop
    vertex 0.02387336826375611 -0.6806612678704531 -0.4
    vertex 0.03250322730811879 -0.5866446440568702 -0.4
    vertex -0.04070477543269477 -0.6196061389797294 -0.4
  endloop
endfacet
facet normal -0 0 1
  outer loop
    vertex 0.1235184533005315 -0.1483639855445204 -0.4
    vertex 0.2053681973776486 -0.1973835417518745 -0.4
    vertex 0.1962596033823778 -0.122171763018754 -0.4
  endloop
endfacet
facet normal 0 0 1
  outer loop
    vertex 0.2358760250204002 -0.0616317413501707 -0.4
    vertex 0.1444593474972672 -0.06292126271216725 -0.4
    vertex 0.1962596033823778 -0.122171763018754 -0.4
  endloop
endfacet
facet normal 0 0 1
  outer loop
    vertex -0.04783906239049866 -0.5356222997670216 -0.4
    vertex -0.1457148780610767 -0.4920655165984681 -0.4
    vertex -0.1221376288597216 -0.5886935781528219 -0.4
  endloop
endfacet
facet normal 0 0 1
  outer loop
    vertex 0.2850000000001898 0.01 -0.4
    vertex 0.2358760250204002 -0.0616317413501707 -0.4
    vertex 0.312044454737493 -0.05781162158676821 -0.4
  endloop
endfacet
facet normal -0 0 1
  outer loop
    vertex 0.1879188132330738 -0.6062179211658851 -0.4
    vertex 0.2687005776096211 -0.6587005760921552 -0.4
    vertex 0.2561469516578507 -0.5734515310921215 -0.4
  endloop
endfacet
facet normal 0 0 1
  outer loop
    vertex -0.1112994220076284 -0.6587005770273197 -0.4
    vertex -0.09835123555362253 -0.7570518144146352 -0.4
    vertex -0.04782517242250824 -0.6989255002317885 -0.4
  endloop
endfacet
facet normal 0 0 1
  outer loop
    vertex 0.3290896537906235 -0.5799999993893883 -0.4
    vertex 0.2703746859443479 -0.4984841398092452 -0.4
    vertex 0.2561469516578507 -0.5734515310921215 -0.4
  endloop
endfacet
facet normal 0 0 1
  outer loop
    vertex -0.1899999988819988 -0.719089654083565 -0.4
    vertex -0.1112994220076284 -0.6587005770273197 -0.4
    vertex -0.1806719896523123 -0.6469947364245379 -0.4
  endloop
endfacet
facet normal 0 -0 1
  outer loop
    vertex 1.92061072272963e-09 -0.77 -0.4
    vertex 0.02387336826375611 -0.6806612678704531 -0.4
    vertex -0.04782517242250824 -0.6989255002317885 -0.4
  endloop
endfacet
facet normal 0 -0 1
  outer loop
    vertex -0.2921421035232845 -0.1494229952293478 -0.4
    vertex -0.2376311526098606 -0.0712900335534456 -0.4
    vertex -0.3117310351917121 -0.05973051656773798 -0.4
  endloop
endfacet
facet normal 0 0 1
  outer loop
    vertex -0.2376311526098606 -0.0712900335534456 -0.4
    vertex -0.2849999999997564 0.01 -0.4
    vertex -0.3117310351917121 -0.05973051656773798 -0.4
  endloop
endfacet
facet normal 0 0 1
  outer loop
    vertex 0.1444593474972672 -0.06292126271216725 -0.4
    vertex 0.1235184533005315 -0.1483639855445204 -0.4
    vertex 0.1962596033823778 -0.122171763018754 -0.4
  endloop
endfacet
facet normal 0 0 1
  outer loop
    vertex 0.02387336826375611 -0.6806612678704531 -0.4
    vertex -0.04070477543269477 -0.6196061389797294 -0.4
    vertex -0.04782517242250824 -0.6989255002317885 -0.4
  endloop
endfacet
facet normal 0 0 1
  outer loop
    vertex -0.04070477543269477 -0.6196061389797294 -0.4
    vertex -0.1112994220076284 -0.6587005770273197 -0.4
    vertex -0.04782517242250824 -0.6989255002317885 -0.4
  endloop
endfacet
facet normal 1 0 0
  outer loop
    vertex 0.38 0.01 -0.2000000000004825
    vertex 0.38 -0.08309219106087989 -0.2397174503272829
    vertex 0.38 0.01 -0.3000000000002088
  endloop
endfacet
facet normal 1 0 0
  outer loop
    vertex 0.38 -0.08309219106087989 -0.2397174503272829
    vertex 0.38 -0.06320508000825725 -0.3267949188035562
    vertex 0.38 0.01 -0.3000000000002088
  endloop
endfacet
facet normal 1 0 -0
  outer loop
    vertex 0.38 -0.2274615132445819 0.2002654136966161
    vertex 0.38 -0.1497299392037512 0.23522332705843
    vertex 0.38 -0.2336087787886121 0.3104516703053462
  endloop
endfacet
facet normal 1 0 0
  outer loop
    vertex 0.38 -0.2274615132445819 0.2002654136966161
    vertex 0.38 -0.2336087787886121 0.3104516703053462
    vertex 0.38 -0.3076512483692576 0.2470284077943419
  endloop
endfacet
facet normal 1 0 0
  outer loop
    vertex 0.38 -0.1906475165897214 -0.2373120809427748
    vertex 0.38 -0.3002444475477551 -0.2421077404182758
    vertex 0.38 -0.239646879846839 -0.3153590191502305
  endloop
endfacet
facet normal 1 0 0
  outer loop
    vertex 0.38 -0.1301923792246825 0.05000000055872028
    vertex 0.38 -0.1569560198898457 -0.04908793266974298
    vertex 0.38 -0.07433404313517483 -0.04834853130300254
  endloop
endfacet
facet normal 1 0 0
  outer loop
    vertex 0.38 -0.1906475165897214 -0.2373120809427748
    vertex 0.38 -0.2334873996305548 -0.1667534867080314
    vertex 0.38 -0.3002444475477551 -0.2421077404182758
  endloop
endfacet
facet normal 1 0 -0
  outer loop
    vertex 0.38 -0.07433404313517483 -0.04834853130300254
    vertex 0.38 -0.05117987030692217 0.04999999999906574
    vertex 0.38 -0.1301923792246825 0.05000000055872028
  endloop
endfacet
facet normal 1 -0 0
  outer loop
    vertex 0.38 -0.1301923792246825 0.05000000055872028
    vertex 0.38 -0.05117987030692217 0.04999999999906574
    vertex 0.38 -0.07660254037867165 0.1499999999993288
  endloop
endfacet
facet normal 1 0 0
  outer loop
    vertex 0.38 -0.07660254037867165 0.1499999999993288
    vertex 0.38 -0.1585800126751666 0.1485033201340737
    vertex 0.38 -0.1301923792246825 0.05000000055872028
  endloop
endfacet
facet normal 1 -0 0
  outer loop
    vertex 0.38 -0.2336087787886121 0.3104516703053462
    vertex 0.38 -0.1497299392037512 0.23522332705843
    vertex 0.38 -0.1342377682764138 0.3185873731769848
  endloop
endfacet
facet normal 1 -0 0
  outer loop
    vertex 0.38 -0.1440981509512028 -0.1412569761262252
    vertex 0.38 -0.05698729834600308 -0.1499999989297664
    vertex 0.38 -0.07433404313517483 -0.04834853130300254
  endloop
endfacet
facet normal 1 0 -0
  outer loop
    vertex 0.38 -0.3079133305426325 -0.1446434426412704
    vertex 0.38 -0.3058770067430176 -0.04887997337456651
    vertex 0.38 -0.39 -0.1000000000007782
  endloop
endfacet
facet normal 1 0 0
  outer loop
    vertex 0.38 -0.39 -0.1000000000007782
    vertex 0.38 -0.3058770067430176 -0.04887997337456651
    vertex 0.38 -0.39 -1.063038546078587e-12
  endloop
endfacet
facet normal 1 0 0
  outer loop
    vertex 0.38 -0.08309219106087989 -0.2397174503272829
    vertex 0.38 -0.1440981509512028 -0.1412569761262252
    vertex 0.38 -0.1906475165897214 -0.2373120809427748
  endloop
endfacet
facet normal 1 0 -0
  outer loop
    vertex 0.38 -0.1427721716408552 -0.3150786702290024
    vertex 0.38 -0.08309219106087989 -0.2397174503272829
    vertex 0.38 -0.1906475165897214 -0.2373120809427748
  endloop
endfacet
facet normal 1 0 0
  outer loop
    vertex 0.38 -0.09000000000027936 -0.4
    vertex 0.38 -0.1427721716408552 -0.3150786702290024
    vertex 0.38 -0.1900000000005532 -0.4
  endloop
endfacet
facet normal 1 -0 0
  outer loop
    vertex 0.38 -0.1900000000005532 0.4
    vertex 0.38 -0.1342377682764138 0.3185873731769848
    vertex 0.38 -0.09000000000027936 0.4
  endloop
endfacet
facet normal 1 0 0
  outer loop
    vertex 0.38 -0.1427721716408552 -0.3150786702290024
    vertex 0.38 -0.1906475165897214 -0.2373120809427748
    vertex 0.38 -0.239646879846839 -0.3153590191502305
  endloop
endfacet
facet normal 1 0 0
  outer loop
    vertex 0.38 -0.39 -1.063038546078587e-12
    vertex 0.38 -0.303397459518654 0.05000000028406959
    vertex 0.38 -0.39 0.09999999999919462
  endloop
endfacet
facet normal 1 0 -0
  outer loop
    vertex 0.38 -0.303397459518654 0.05000000028406959
    vertex 0.38 -0.2195429173163496 0.1004124524997885
    vertex 0.38 -0.3041160936577902 0.1494494378213073
  endloop
endfacet
facet normal 1 0 0
  outer loop
    vertex 0.38 -0.39 0.1999999999994631
    vertex 0.38 -0.3076512483692576 0.2470284077943419
    vertex 0.38 -0.39 0.2999999999997424
  endloop
endfacet
facet normal 1 0 0
  outer loop
    vertex 0.38 -0.39 -0.2000000000004825
    vertex 0.38 -0.3079133305426325 -0.1446434426412704
    vertex 0.38 -0.39 -0.1000000000007782
  endloop
endfacet
facet normal 1 0 0
  outer loop
    vertex 0.38 -0.2195429173163496 0.1004124524997885
    vertex 0.38 -0.2274615132445819 0.2002654136966161
    vertex 0.38 -0.3041160936577902 0.1494494378213073
  endloop
endfacet
facet normal 1 -0 0
  outer loop
    vertex 0.38 -0.39 0.1999999999994631
    vertex 0.38 -0.3041160936577902 0.1494494378213073
    vertex 0.38 -0.3076512483692576 0.2470284077943419
  endloop
endfacet
facet normal 1 0 0
  outer loop
    vertex 0.38 -0.303397459518654 0.05000000028406959
    vertex 0.38 -0.3041160936577902 0.1494494378213073
    vertex 0.38 -0.39 0.09999999999919462
  endloop
endfacet
facet normal 1 0 0
  outer loop
    vertex 0.38 -0.39 0.09999999999919462
    vertex 0.38 -0.3041160936577902 0.1494494378213073
    vertex 0.38 -0.39 0.1999999999994631
  endloop
endfacet
facet normal 1 0 0
  outer loop
    vertex 0.38 0.01 0.1999999999994631
    vertex 0.38 -0.07660254037867165 0.1499999999993288
    vertex 0.38 0.01 0.09999999999919462
  endloop
endfacet
facet normal 1 0 0
  outer loop
    vertex 0.38 0.01 -1.063038546078587e-12
    vertex 0.38 -0.07433404313517483 -0.04834853130300254
    vertex 0.38 0.01 -0.1000000000007782
  endloop
endfacet
facet normal 1 0 -0
  outer loop
    vertex 0.38 -0.3041160936577902 0.1494494378213073
    vertex 0.38 -0.2274615132445819 0.2002654136966161
    vertex 0.38 -0.3076512483692576 0.2470284077943419
  endloop
endfacet
facet normal 1 0 0
  outer loop
    vertex 0.38 -0.1427721716408552 -0.3150786702290024
    vertex 0.38 -0.239646879846839 -0.3153590191502305
    vertex 0.38 -0.1900000000005532 -0.4
  endloop
endfacet
facet normal 1 0 0
  outer loop
    vertex 0.38 -0.303397459518654 0.05000000028406959
    vertex 0.38 -0.3058770067430176 -0.04887997337456651
    vertex 0.38 -0.2218523680350256 -0.001162325618782378
  endloop
endfacet
facet normal 1 -0 0
  outer loop
    vertex 0.38 -0.39 -1.063038546078587e-12
    vertex 0.38 -0.3058770067430176 -0.04887997337456651
    vertex 0.38 -0.303397459518654 0.05000000028406959
  endloop
endfacet
facet normal 1 -0 0
  outer loop
    vertex 0.38 -0.303397459518654 0.05000000028406959
    vertex 0.38 -0.2218523680350256 -0.001162325618782378
    vertex 0.38 -0.2195429173163496 0.1004124524997885
  endloop
endfacet
facet normal 1 0 0
  outer loop
    vertex 0.38 -0.1900000000005532 -0.4
    vertex 0.38 -0.239646879846839 -0.3153590191502305
    vertex 0.38 -0.2900000000002738 -0.4
  endloop
endfacet
facet normal 1 0 0
  outer loop
    vertex 0.38 -0.2218523680350256 -0.001162325618782378
    vertex 0.38 -0.1301923792246825 0.05000000055872028
    vertex 0.38 -0.2195429173163496 0.1004124524997885
  endloop
endfacet
facet normal 1 0 0
  outer loop
    vertex 0.38 -0.06859096125972625 0.2537317961462605
    vertex 0.38 -0.1497299392037512 0.23522332705843
    vertex 0.38 -0.07660254037867165 0.1499999999993288
  endloop
endfacet
facet normal 1 0 0
  outer loop
    vertex 0.38 -0.07660254037867165 0.1499999999993288
    vertex 0.38 -0.1497299392037512 0.23522332705843
    vertex 0.38 -0.1585800126751666 0.1485033201340737
  endloop
endfacet
facet normal 1 0 0
  outer loop
    vertex 0.38 0.01 0.2999999999997424
    vertex 0.38 -0.06859096125972625 0.2537317961462605
    vertex 0.38 0.01 0.1999999999994631
  endloop
endfacet
facet normal 1 0 0
  outer loop
    vertex 0.38 -0.39 -0.3000000000002088
    vertex 0.38 -0.3002444475477551 -0.2421077404182758
    vertex 0.38 -0.39 -0.2000000000004825
  endloop
endfacet
facet normal 1 -0 0
  outer loop
    vertex 0.38 -0.2900000000002738 0.4
    vertex 0.38 -0.2336087787886121 0.3104516703053462
    vertex 0.38 -0.1900000000005532 0.4
  endloop
endfacet
facet normal 1 -0 0
  outer loop
    vertex 0.38 -0.2218523680350256 -0.001162325618782378
    vertex 0.38 -0.1569560198898457 -0.04908793266974298
    vertex 0.38 -0.1301923792246825 0.05000000055872028
  endloop
endfacet
facet normal 1 -0 0
  outer loop
    vertex 0.38 -0.3058770067430176 -0.04887997337456651
    vertex 0.38 -0.2284948928003442 -0.09101675879891974
    vertex 0.38 -0.2218523680350256 -0.001162325618782378
  endloop
endfacet
facet normal 1 0 0
  outer loop
    vertex 0.38 0.01 0.1999999999994631
    vertex 0.38 -0.06859096125972625 0.2537317961462605
    vertex 0.38 -0.07660254037867165 0.1499999999993288
  endloop
endfacet
facet normal 1 -0 0
  outer loop
    vertex 0.38 -0.39 -0.2000000000004825
    vertex 0.38 -0.3002444475477551 -0.2421077404182758
    vertex 0.38 -0.3079133305426325 -0.1446434426412704
  endloop
endfacet
facet normal 1 0 0
  outer loop
    vertex 0.38 -0.1900000000005532 0.4
    vertex 0.38 -0.2336087787886121 0.3104516703053462
    vertex 0.38 -0.1342377682764138 0.3185873731769848
  endloop
endfacet
facet normal 1 0 0
  outer loop
    vertex 0.38 -0.07433404313517483 -0.04834853130300254
    vertex 0.38 -0.1569560198898457 -0.04908793266974298
    vertex 0.38 -0.1440981509512028 -0.1412569761262252
  endloop
endfacet
facet normal 1 0 0
  outer loop
    vertex 0.38 -0.07433404313517483 -0.04834853130300254
    vertex 0.38 -0.05698729834600308 -0.1499999989297664
    vertex 0.38 0.01 -0.1000000000007782
  endloop
endfacet
facet normal 1 0 0
  outer loop
    vertex 0.38 -0.3079133305426325 -0.1446434426412704
    vertex 0.38 -0.2284948928003442 -0.09101675879891974
    vertex 0.38 -0.3058770067430176 -0.04887997337456651
  endloop
endfacet
facet normal 1 0 0
  outer loop
    vertex 0.38 -0.07660254037867165 0.1499999999993288
    vertex 0.38 -0.05117987030692217 0.04999999999906574
    vertex 0.38 0.01 0.09999999999919462
  endloop
endfacet
facet normal 1 0 0
  outer loop
    vertex 0.38 0.01 -1.063038546078587e-12
    vertex 0.38 -0.05117987030692217 0.04999999999906574
    vertex 0.38 -0.07433404313517483 -0.04834853130300254
  endloop
endfacet
facet normal 1 0 0
  outer loop
    vertex 0.38 -0.1301923792246825 0.05000000055872028
    vertex 0.38 -0.1585800126751666 0.1485033201340737
    vertex 0.38 -0.2195429173163496 0.1004124524997885
  endloop
endfacet
facet normal 1 -0 0
  outer loop
    vertex 0.38 -0.1427721716408552 -0.3150786702290024
    vertex 0.38 -0.06320508000825725 -0.3267949188035562
    vertex 0.38 -0.08309219106087989 -0.2397174503272829
  endloop
endfacet
facet normal 1 0 0
  outer loop
    vertex 0.38 0.01 -0.4
    vertex 0.38 -0.06320508000825725 -0.3267949188035562
    vertex 0.38 -0.09000000000027936 -0.4
  endloop
endfacet
facet normal 1 -0 0
  outer loop
    vertex 0.38 -0.09000000000027936 0.4
    vertex 0.38 -0.06320508000817809 0.3267949188035104
    vertex 0.38 0.01 0.4
  endloop
endfacet
facet normal 1 0 0
  outer loop
    vertex 0.38 -0.39 0.2999999999997424
    vertex 0.38 -0.3167949192384984 0.3267949192383562
    vertex 0.38 -0.39 0.4
  endloop
endfacet
facet normal 1 -0 0
  outer loop
    vertex 0.38 -0.39 0.4
    vertex 0.38 -0.3167949192384984 0.3267949192383562
    vertex 0.38 -0.2900000000002738 0.4
  endloop
endfacet
facet normal 1 0 0
  outer loop
    vertex 0.38 -0.39 -0.4
    vertex 0.38 -0.316794919302231 -0.3267949193022136
    vertex 0.38 -0.39 -0.3000000000002088
  endloop
endfacet
facet normal 1 0 0
  outer loop
    vertex 0.38 -0.2900000000002738 -0.4
    vertex 0.38 -0.316794919302231 -0.3267949193022136
    vertex 0.38 -0.39 -0.4
  endloop
endfacet
facet normal 1 0 0
  outer loop
    vertex 0.38 0.01 -0.3000000000002088
    vertex 0.38 -0.06320508000825725 -0.3267949188035562
    vertex 0.38 0.01 -0.4
  endloop
endfacet
facet normal 1 0 0
  outer loop
    vertex 0.38 0.01 0.4
    vertex 0.38 -0.06320508000817809 0.3267949188035104
    vertex 0.38 0.01 0.2999999999997424
  endloop
endfacet
facet normal 1 0 0
  outer loop
    vertex 0.38 -0.1440981509512028 -0.1412569761262252
    vertex 0.38 -0.2334873996305548 -0.1667534867080314
    vertex 0.38 -0.1906475165897214 -0.2373120809427748
  endloop
endfacet
facet normal 1 0 -0
  outer loop
    vertex 0.38 -0.3002444475477551 -0.2421077404182758
    vertex 0.38 -0.2334873996305548 -0.1667534867080314
    vertex 0.38 -0.3079133305426325 -0.1446434426412704
  endloop
endfacet
facet normal 1 0 0
  outer loop
    vertex 0.38 0.01 -0.2000000000004825
    vertex 0.38 -0.05698729834600308 -0.1499999989297664
    vertex 0.38 -0.08309219106087989 -0.2397174503272829
  endloop
endfacet
facet normal 1 0 -0
  outer loop
    vertex 0.38 -0.08309219106087989 -0.2397174503272829
    vertex 0.38 -0.05698729834600308 -0.1499999989297664
    vertex 0.38 -0.1440981509512028 -0.1412569761262252
  endloop
endfacet
facet normal 1 0 0
  outer loop
    vertex 0.38 0.01 -0.1000000000007782
    vertex 0.38 -0.05698729834600308 -0.1499999989297664
    vertex 0.38 0.01 -0.2000000000004825
  endloop
endfacet
facet normal 1 0 0
  outer loop
    vertex 0.38 -0.2284948928003442 -0.09101675879891974
    vertex 0.38 -0.2334873996305548 -0.1667534867080314
    vertex 0.38 -0.1440981509512028 -0.1412569761262252
  endloop
endfacet
facet normal 1 0 0
  outer loop
    vertex 0.38 -0.2284948928003442 -0.09101675879891974
    vertex 0.38 -0.1569560198898457 -0.04908793266974298
    vertex 0.38 -0.2218523680350256 -0.001162325618782378
  endloop
endfacet
facet normal 1 0 0
  outer loop
    vertex 0.38 -0.2900000000002738 0.4
    vertex 0.38 -0.3167949192384984 0.3267949192383562
    vertex 0.38 -0.2336087787886121 0.3104516703053462
  endloop
endfacet
facet normal 1 -0 0
  outer loop
    vertex 0.38 -0.39 -0.3000000000002088
    vertex 0.38 -0.316794919302231 -0.3267949193022136
    vertex 0.38 -0.3002444475477551 -0.2421077404182758
  endloop
endfacet
facet normal 1 0 0
  outer loop
    vertex 0.38 0.01 0.2999999999997424
    vertex 0.38 -0.06320508000817809 0.3267949188035104
    vertex 0.38 -0.06859096125972625 0.2537317961462605
  endloop
endfacet
facet normal 1 0 0
  outer loop
    vertex 0.38 0.01 0.09999999999919462
    vertex 0.38 -0.05117987030692217 0.04999999999906574
    vertex 0.38 0.01 -1.063038546078587e-12
  endloop
endfacet
facet normal 1 0 -0
  outer loop
    vertex 0.38 -0.2195429173163496 0.1004124524997885
    vertex 0.38 -0.1585800126751666 0.1485033201340737
    vertex 0.38 -0.2274615132445819 0.2002654136966161
  endloop
endfacet
facet normal 1 0 -0
  outer loop
    vertex 0.38 -0.09000000000027936 -0.4
    vertex 0.38 -0.06320508000825725 -0.3267949188035562
    vertex 0.38 -0.1427721716408552 -0.3150786702290024
  endloop
endfacet
facet normal 1 0 0
  outer loop
    vertex 0.38 -0.1342377682764138 0.3185873731769848
    vertex 0.38 -0.06320508000817809 0.3267949188035104
    vertex 0.38 -0.09000000000027936 0.4
  endloop
endfacet
facet normal 1 0 0
  outer loop
    vertex 0.38 -0.3076512483692576 0.2470284077943419
    vertex 0.38 -0.3167949192384984 0.3267949192383562
    vertex 0.38 -0.39 0.2999999999997424
  endloop
endfacet
facet normal 1 0 0
  outer loop
    vertex 0.38 -0.239646879846839 -0.3153590191502305
    vertex 0.38 -0.316794919302231 -0.3267949193022136
    vertex 0.38 -0.2900000000002738 -0.4
  endloop
endfacet
facet normal 1 0 0
  outer loop
    vertex 0.38 -0.1440981509512028 -0.1412569761262252
    vertex 0.38 -0.1569560198898457 -0.04908793266974298
    vertex 0.38 -0.2284948928003442 -0.09101675879891974
  endloop
endfacet
facet normal 1 0 0
  outer loop
    vertex 0.38 -0.3002444475477551 -0.2421077404182758
    vertex 0.38 -0.316794919302231 -0.3267949193022136
    vertex 0.38 -0.239646879846839 -0.3153590191502305
  endloop
endfacet
facet normal 1 0 0
  outer loop
    vertex 0.38 -0.2336087787886121 0.3104516703053462
    vertex 0.38 -0.3167949192384984 0.3267949192383562
    vertex 0.38 -0.3076512483692576 0.2470284077943419
  endloop
endfacet
facet normal 1 0 -0
  outer loop
    vertex 0.38 -0.06859096125972625 0.2537317961462605
    vertex 0.38 -0.06320508000817809 0.3267949188035104
    vertex 0.38 -0.1342377682764138 0.3185873731769848
  endloop
endfacet
facet normal 1 0 0
  outer loop
    vertex 0.38 -0.1342377682764138 0.3185873731769848
    vertex 0.38 -0.1497299392037512 0.23522332705843
    vertex 0.38 -0.06859096125972625 0.2537317961462605
  endloop
endfacet
facet normal 1 -0 0
  outer loop
    vertex 0.38 -0.3079133305426325 -0.1446434426412704
    vertex 0.38 -0.2334873996305548 -0.1667534867080314
    vertex 0.38 -0.2284948928003442 -0.09101675879891974
  endloop
endfacet
facet normal 1 0 -0
  outer loop
    vertex 0.38 -0.1585800126751666 0.1485033201340737
    vertex 0.38 -0.1497299392037512 0.23522332705843
    vertex 0.38 -0.2274615132445819 0.2002654136966161
  endloop
endfacet
facet normal 0 1 0
  outer loop
    vertex -0.03621300658703885 0.01 -0.1952071683703336
    vertex 0.05062250381462446 0.01 -0.2409640331122799
    vertex -0.0417664847105936 0.01 -0.3041843643007002
  endloop
endfacet
facet normal -0 1 0
  outer loop
    vertex 0.05062250381462446 0.01 -0.2409640331122799
    vertex 0.1394435528750265 0.01 -0.1930559910900133
    vertex 0.1354050538005043 0.01 -0.3067222406341579
  endloop
endfacet
facet normal 0 1 -0
  outer loop
    vertex -0.0417664847105936 0.01 -0.3041843643007002
    vertex -0.1216213115674417 0.01 -0.2385542545924068
    vertex -0.03621300658703885 0.01 -0.1952071683703336
  endloop
endfacet
facet normal 0 1 0
  outer loop
    vertex -0.04273431869677321 0.01 0.3011633270591386
    vertex 0.03880992098924657 0.01 0.2345544731636297
    vertex -0.03934894619999078 0.01 0.1976285065719483
  endloop
endfacet
facet normal 0 1 0
  outer loop
    vertex 0.1394435528750265 0.01 -0.1930559910900133
    vertex 0.2006310034662538 0.01 -0.2581862000231364
    vertex 0.1354050538005043 0.01 -0.3067222406341579
  endloop
endfacet
facet normal 0 1 0
  outer loop
    vertex 0.05062250381462446 0.01 -0.2409640331122799
    vertex 0.04776085304172595 0.01 -0.3295884026435505
    vertex -0.0417664847105936 0.01 -0.3041843643007002
  endloop
endfacet
facet normal 0 1 0
  outer loop
    vertex -0.03934894619999078 0.01 0.1976285065719483
    vertex -0.1190357147226766 0.01 0.236798209694296
    vertex -0.04273431869677321 0.01 0.3011633270591386
  endloop
endfacet
facet normal 0 1 -0
  outer loop
    vertex 0.2952453113745536 0.01 -0.05282274899998846
    vertex 0.2136819934155803 0.01 -0.02530244538637272
    vertex 0.2979981983670064 0.01 0.04064801183295047
  endloop
endfacet
facet normal 0 1 0
  outer loop
    vertex 0.1354050538005043 0.01 -0.3067222406341579
    vertex 0.04776085304172595 0.01 -0.3295884026435505
    vertex 0.05062250381462446 0.01 -0.2409640331122799
  endloop
endfacet
facet normal 0 1 0
  outer loop
    vertex 0.2979981983670064 0.01 0.04064801183295047
    vertex 0.2136819934155803 0.01 -0.02530244538637272
    vertex 0.2165993685200588 0.01 0.05769817352289131
  endloop
endfacet
facet normal 0 1 0
  outer loop
    vertex 0.05504359098962114 0.01 0.3220585584423747
    vertex 0.03880992098924657 0.01 0.2345544731636297
    vertex -0.04273431869677321 0.01 0.3011633270591386
  endloop
endfacet
facet normal 0 1 0
  outer loop
    vertex 0.2867021776022048 0.01 0.1393079664758321
    vertex 0.2979981983670064 0.01 0.04064801183295047
    vertex 0.2165993685200588 0.01 0.05769817352289131
  endloop
endfacet
facet normal 0 1 -0
  outer loop
    vertex 0.2165993685200588 0.01 0.05769817352289131
    vertex 0.2012011933889302 0.01 0.1317009541443259
    vertex 0.2867021776022048 0.01 0.1393079664758321
  endloop
endfacet
facet normal 0 1 0
  outer loop
    vertex 0.2131537504834726 0.01 -0.1190692296487343
    vertex 0.2237189566570842 0.01 -0.1980984080440803
    vertex 0.1394435528750265 0.01 -0.1930559910900133
  endloop
endfacet
facet normal 0 1 -0
  outer loop
    vertex 0.1394435528750265 0.01 -0.1930559910900133
    vertex 0.1304081717603514 0.01 -0.08577208626173449
    vertex 0.2131537504834726 0.01 -0.1190692296487343
  endloop
endfacet
facet normal 0 1 0
  outer loop
    vertex -0.2036783413862685 0.01 -0.1896234027792255
    vertex -0.1983867809547819 0.01 -0.2660136704243435
    vertex -0.2880379270527499 0.01 -0.2495176900955856
  endloop
endfacet
facet normal 0 1 0
  outer loop
    vertex -0.2921775177845494 0.01 -0.04895313603199775
    vertex -0.2060184013987116 0.01 -0.09608868870351372
    vertex -0.2928991320315048 0.01 -0.1475949049668231
  endloop
endfacet
facet normal 0 1 0
  outer loop
    vertex -0.2036783413862685 0.01 -0.1896234027792255
    vertex -0.2880379270527499 0.01 -0.2495176900955856
    vertex -0.2928991320315048 0.01 -0.1475949049668231
  endloop
endfacet
facet normal -0 1 0
  outer loop
    vertex -0.2928991320315048 0.01 -0.1475949049668231
    vertex -0.2060184013987116 0.01 -0.09608868870351372
    vertex -0.2036783413862685 0.01 -0.1896234027792255
  endloop
endfacet
facet normal -0 1 0
  outer loop
    vertex -0.38 0.01 -0.1000000000007782
    vertex -0.2921775177845494 0.01 -0.04895313603199775
    vertex -0.2928991320315048 0.01 -0.1475949049668231
  endloop
endfacet
facet normal 0 1 0
  outer loop
    vertex -0.38 0.01 -1.063038546078587e-12
    vertex -0.2921775177845494 0.01 -0.04895313603199775
    vertex -0.38 0.01 -0.1000000000007782
  endloop
endfacet
facet normal 0 1 0
  outer loop
    vertex -0.2076706281991416 0.01 0.100539370386325
    vertex -0.2018663049191151 0.01 0.1921889471400974
    vertex -0.1210032773444995 0.01 0.1482129758492227
  endloop
endfacet
facet normal 0 1 0
  outer loop
    vertex -0.1210032773444995 0.01 0.1482129758492227
    vertex -0.03700946184147456 0.01 0.1006386499482385
    vertex -0.1218517096324421 0.01 0.05168238333067582
  endloop
endfacet
facet normal 0 1 0
  outer loop
    vertex -0.2923391767185911 0.01 0.1505445416655233
    vertex -0.2076706281991416 0.01 0.100539370386325
    vertex -0.2934175894198945 0.01 0.05059580576345268
  endloop
endfacet
facet normal -0 1 0
  outer loop
    vertex -0.1210032773444995 0.01 0.1482129758492227
    vertex -0.03934894619999078 0.01 0.1976285065719483
    vertex -0.03700946184147456 0.01 0.1006386499482385
  endloop
endfacet
facet normal 0 1 0
  outer loop
    vertex -0.03621300658703885 0.01 -0.1952071683703336
    vertex -0.1216213115674417 0.01 -0.2385542545924068
    vertex -0.1195421953018044 0.01 -0.1450196637072408
  endloop
endfacet
facet normal -0 1 0
  outer loop
    vertex -0.38 0.01 0.09999999999919462
    vertex -0.2923391767185911 0.01 0.1505445416655233
    vertex -0.2934175894198945 0.01 0.05059580576345268
  endloop
endfacet
facet normal -0 1 0
  outer loop
    vertex -0.2923391767185911 0.01 0.1505445416655233
    vertex -0.2018663049191151 0.01 0.1921889471400974
    vertex -0.2076706281991416 0.01 0.100539370386325
  endloop
endfacet
facet normal 0 1 0
  outer loop
    vertex 0.2953131741692906 0.01 -0.1510539753625553
    vertex 0.2131537504834726 0.01 -0.1190692296487343
    vertex 0.2952453113745536 0.01 -0.05282274899998846
  endloop
endfacet
facet normal 0 1 0
  outer loop
    vertex -0.2069763772530859 0.01 0.001385486259673385
    vertex -0.2060184013987116 0.01 -0.09608868870351372
    vertex -0.2921775177845494 0.01 -0.04895313603199775
  endloop
endfacet
facet normal 0 1 0
  outer loop
    vertex -0.03540686998863538 0.01 -0.09512648207036045
    vertex -0.03621300658703885 0.01 -0.1952071683703336
    vertex -0.1195421953018044 0.01 -0.1450196637072408
  endloop
endfacet
facet normal 0 1 0
  outer loop
    vertex -0.04273431869677321 0.01 0.3011633270591386
    vertex -0.1190357147226766 0.01 0.236798209694296
    vertex -0.1431783570102349 0.01 0.3192089527159169
  endloop
endfacet
facet normal 0 1 0
  outer loop
    vertex -0.2851575432875015 0.01 0.2521320569437988
    vertex -0.2018663049191151 0.01 0.1921889471400974
    vertex -0.2923391767185911 0.01 0.1505445416655233
  endloop
endfacet
facet normal 0 1 0
  outer loop
    vertex -0.2880379270527499 0.01 -0.2495176900955856
    vertex -0.1983867809547819 0.01 -0.2660136704243435
    vertex -0.235570102813273 0.01 -0.3279609394857982
  endloop
endfacet
facet normal 0 1 0
  outer loop
    vertex 0.04729760016108486 0.01 -0.1432691687009069
    vertex -0.03621300658703885 0.01 -0.1952071683703336
    vertex -0.03540686998863538 0.01 -0.09512648207036045
  endloop
endfacet
facet normal -0 1 0
  outer loop
    vertex -0.1218517096324421 0.01 0.05168238333067582
    vertex -0.03700946184147456 0.01 0.1006386499482385
    vertex -0.03622634102887083 0.01 0.003242579318975647
  endloop
endfacet
facet normal 0 1 0
  outer loop
    vertex -0.38 0.01 0.2999999999997424
    vertex -0.2851575432875015 0.01 0.2521320569437988
    vertex -0.38 0.01 0.1999999999994631
  endloop
endfacet
facet normal 0 1 0
  outer loop
    vertex 0.04729760016108486 0.01 -0.1432691687009069
    vertex 0.05062250381462446 0.01 -0.2409640331122799
    vertex -0.03621300658703885 0.01 -0.1952071683703336
  endloop
endfacet
facet normal 0 1 0
  outer loop
    vertex -0.2851575432875015 0.01 0.2521320569437988
    vertex -0.2923391767185911 0.01 0.1505445416655233
    vertex -0.38 0.01 0.1999999999994631
  endloop
endfacet
facet normal 0 1 -0
  outer loop
    vertex 0.38 0.01 -0.3000000000002088
    vertex 0.2882748506391353 0.01 -0.2526639834668082
    vertex 0.38 0.01 -0.2000000000004825
  endloop
endfacet
facet normal 0 1 0
  outer loop
    vertex -0.2076706281991416 0.01 0.100539370386325
    vertex -0.2069763772530859 0.01 0.001385486259673385
    vertex -0.2934175894198945 0.01 0.05059580576345268
  endloop
endfacet
facet normal 0 1 0
  outer loop
    vertex 0.38 0.01 -0.1000000000007782
    vertex 0.2953131741692906 0.01 -0.1510539753625553
    vertex 0.2952453113745536 0.01 -0.05282274899998846
  endloop
endfacet
facet normal 0 1 -0
  outer loop
    vertex 0.04816807665685185 0.01 0.0531756368834711
    vertex 0.04591281325182317 0.01 0.1481043497920079
    vertex 0.1298262743015669 0.01 0.09925117831977781
  endloop
endfacet
facet normal -0 1 0
  outer loop
    vertex 0.04591281325182317 0.01 0.1481043497920079
    vertex 0.1321960498460151 0.01 0.2007925887661505
    vertex 0.1298262743015669 0.01 0.09925117831977781
  endloop
endfacet
facet normal 0 1 0
  outer loop
    vertex -0.1209710477601535 0.01 -0.04694071015435869
    vertex -0.2060184013987116 0.01 -0.09608868870351372
    vertex -0.2069763772530859 0.01 0.001385486259673385
  endloop
endfacet
facet normal 0 1 0
  outer loop
    vertex -0.03540686998863538 0.01 -0.09512648207036045
    vertex -0.1195421953018044 0.01 -0.1450196637072408
    vertex -0.1209710477601535 0.01 -0.04694071015435869
  endloop
endfacet
facet normal -0 1 0
  outer loop
    vertex -0.2076706281991416 0.01 0.100539370386325
    vertex -0.1210032773444995 0.01 0.1482129758492227
    vertex -0.1218517096324421 0.01 0.05168238333067582
  endloop
endfacet
facet normal 0 1 0
  outer loop
    vertex 0.129039367158248 0.01 0.008197663029511915
    vertex 0.2136819934155803 0.01 -0.02530244538637272
    vertex 0.1304081717603514 0.01 -0.08577208626173449
  endloop
endfacet
facet normal 0 1 0
  outer loop
    vertex 0.2882748506391353 0.01 -0.2526639834668082
    vertex 0.2953131741692906 0.01 -0.1510539753625553
    vertex 0.38 0.01 -0.2000000000004825
  endloop
endfacet
facet normal 0 1 0
  outer loop
    vertex -0.38 0.01 -0.1000000000007782
    vertex -0.2928991320315048 0.01 -0.1475949049668231
    vertex -0.38 0.01 -0.2000000000004825
  endloop
endfacet
facet normal 0 1 -0
  outer loop
    vertex 0.38 0.01 0.09999999999919462
    vertex 0.2867021776022048 0.01 0.1393079664758321
    vertex 0.38 0.01 0.1999999999994631
  endloop
endfacet
facet normal 0 1 0
  outer loop
    vertex -0.2934175894198945 0.01 0.05059580576345268
    vertex -0.2921775177845494 0.01 -0.04895313603199775
    vertex -0.38 0.01 -1.063038546078587e-12
  endloop
endfacet
facet normal 0 1 0
  outer loop
    vertex -0.1218517096324421 0.01 0.05168238333067582
    vertex -0.1209710477601535 0.01 -0.04694071015435869
    vertex -0.2069763772530859 0.01 0.001385486259673385
  endloop
endfacet
facet normal 0 1 0
  outer loop
    vertex -0.2076706281991416 0.01 0.100539370386325
    vertex -0.1218517096324421 0.01 0.05168238333067582
    vertex -0.2069763772530859 0.01 0.001385486259673385
  endloop
endfacet
facet normal 0 1 -0
  outer loop
    vertex -0.03622634102887083 0.01 0.003242579318975647
    vertex -0.03700946184147456 0.01 0.1006386499482385
    vertex 0.04816807665685185 0.01 0.0531756368834711
  endloop
endfacet
facet normal 0 1 -0
  outer loop
    vertex -0.03700946184147456 0.01 0.1006386499482385
    vertex -0.03934894619999078 0.01 0.1976285065719483
    vertex 0.04591281325182317 0.01 0.1481043497920079
  endloop
endfacet
facet normal 0 1 0
  outer loop
    vertex 0.04816807665685185 0.01 0.0531756368834711
    vertex -0.03700946184147456 0.01 0.1006386499482385
    vertex 0.04591281325182317 0.01 0.1481043497920079
  endloop
endfacet
facet normal 0 1 0
  outer loop
    vertex -0.38 0.01 0.09999999999919462
    vertex -0.2934175894198945 0.01 0.05059580576345268
    vertex -0.38 0.01 -1.063038546078587e-12
  endloop
endfacet
facet normal 0 1 0
  outer loop
    vertex 0.04699013707613686 0.01 -0.04520382742100854
    vertex 0.04729760016108486 0.01 -0.1432691687009069
    vertex -0.03540686998863538 0.01 -0.09512648207036045
  endloop
endfacet
facet normal 0 1 0
  outer loop
    vertex -0.03622634102887083 0.01 0.003242579318975647
    vertex -0.03540686998863538 0.01 -0.09512648207036045
    vertex -0.1209710477601535 0.01 -0.04694071015435869
  endloop
endfacet
facet normal 0 1 0
  outer loop
    vertex -0.38 0.01 0.1999999999994631
    vertex -0.2923391767185911 0.01 0.1505445416655233
    vertex -0.38 0.01 0.09999999999919462
  endloop
endfacet
facet normal 0 1 0
  outer loop
    vertex -0.0417664847105936 0.01 -0.3041843643007002
    vertex -0.1438417343356874 0.01 -0.3245375236106247
    vertex -0.1216213115674417 0.01 -0.2385542545924068
  endloop
endfacet
facet normal -0 1 0
  outer loop
    vertex 0.04816807665685185 0.01 0.0531756368834711
    vertex 0.1298262743015669 0.01 0.09925117831977781
    vertex 0.129039367158248 0.01 0.008197663029511915
  endloop
endfacet
facet normal 0 1 -0
  outer loop
    vertex 0.38 0.01 -0.2000000000004825
    vertex 0.2953131741692906 0.01 -0.1510539753625553
    vertex 0.38 0.01 -0.1000000000007782
  endloop
endfacet
facet normal 0 1 0
  outer loop
    vertex -0.2069763772530859 0.01 0.001385486259673385
    vertex -0.2921775177845494 0.01 -0.04895313603199775
    vertex -0.2934175894198945 0.01 0.05059580576345268
  endloop
endfacet
facet normal -0 1 0
  outer loop
    vertex -0.03622634102887083 0.01 0.003242579318975647
    vertex 0.04816807665685185 0.01 0.0531756368834711
    vertex 0.04699013707613686 0.01 -0.04520382742100854
  endloop
endfacet
facet normal 0 1 0
  outer loop
    vertex -0.1195421953018044 0.01 -0.1450196637072408
    vertex -0.2060184013987116 0.01 -0.09608868870351372
    vertex -0.1209710477601535 0.01 -0.04694071015435869
  endloop
endfacet
facet normal 0 1 -0
  outer loop
    vertex 0.38 0.01 -0.1000000000007782
    vertex 0.2952453113745536 0.01 -0.05282274899998846
    vertex 0.38 0.01 -1.063038546078587e-12
  endloop
endfacet
facet normal 0 1 0
  outer loop
    vertex -0.1218517096324421 0.01 0.05168238333067582
    vertex -0.03622634102887083 0.01 0.003242579318975647
    vertex -0.1209710477601535 0.01 -0.04694071015435869
  endloop
endfacet
facet normal 0 1 0
  outer loop
    vertex 0.04816807665685185 0.01 0.0531756368834711
    vertex 0.129039367158248 0.01 0.008197663029511915
    vertex 0.04699013707613686 0.01 -0.04520382742100854
  endloop
endfacet
facet normal 0 1 -0
  outer loop
    vertex -0.1216213115674417 0.01 -0.2385542545924068
    vertex -0.2036783413862685 0.01 -0.1896234027792255
    vertex -0.1195421953018044 0.01 -0.1450196637072408
  endloop
endfacet
facet normal 0 1 0
  outer loop
    vertex 0.04729760016108486 0.01 -0.1432691687009069
    vertex 0.1394435528750265 0.01 -0.1930559910900133
    vertex 0.05062250381462446 0.01 -0.2409640331122799
  endloop
endfacet
facet normal 0 1 0
  outer loop
    vertex -0.03622634102887083 0.01 0.003242579318975647
    vertex 0.04699013707613686 0.01 -0.04520382742100854
    vertex -0.03540686998863538 0.01 -0.09512648207036045
  endloop
endfacet
facet normal 0 1 0
  outer loop
    vertex 0.1298262743015669 0.01 0.09925117831977781
    vertex 0.2165993685200588 0.01 0.05769817352289131
    vertex 0.129039367158248 0.01 0.008197663029511915
  endloop
endfacet
facet normal 0 1 0
  outer loop
    vertex -0.09499999999927453 0.01 -0.4
    vertex -0.0417664847105936 0.01 -0.3041843643007002
    vertex 9.69946345463768e-13 0.01 -0.4
  endloop
endfacet
facet normal 0 1 0
  outer loop
    vertex 0.09500000000069952 0.01 0.4
    vertex 0.05504359098962114 0.01 0.3220585584423747
    vertex 9.69946345463768e-13 0.01 0.4
  endloop
endfacet
facet normal 0 1 0
  outer loop
    vertex 9.69946345463768e-13 0.01 0.4
    vertex -0.04273431869677321 0.01 0.3011633270591386
    vertex -0.09499999999927453 0.01 0.4
  endloop
endfacet
facet normal 0 1 0
  outer loop
    vertex -0.09499999999927453 0.01 0.4
    vertex -0.1431783570102349 0.01 0.3192089527159169
    vertex -0.1899999999995236 0.01 0.4
  endloop
endfacet
facet normal 0 1 0
  outer loop
    vertex 0.190000000000423 0.01 0.4
    vertex 0.1439889343462376 0.01 0.3260781861868035
    vertex 0.09500000000069952 0.01 0.4
  endloop
endfacet
facet normal 0 1 0
  outer loop
    vertex 0.09500000000069952 0.01 -0.4
    vertex 0.1354050538005043 0.01 -0.3067222406341579
    vertex 0.190000000000423 0.01 -0.4
  endloop
endfacet
facet normal 0 1 -0
  outer loop
    vertex -0.2036783413862685 0.01 -0.1896234027792255
    vertex -0.2060184013987116 0.01 -0.09608868870351372
    vertex -0.1195421953018044 0.01 -0.1450196637072408
  endloop
endfacet
facet normal 0 1 0
  outer loop
    vertex -0.2849999999997564 0.01 -0.4
    vertex -0.235570102813273 0.01 -0.3279609394857982
    vertex -0.1899999999995236 0.01 -0.4
  endloop
endfacet
facet normal 0 1 0
  outer loop
    vertex 0.2850000000001898 0.01 0.4
    vertex 0.2360582556304779 0.01 0.3262863204809116
    vertex 0.190000000000423 0.01 0.4
  endloop
endfacet
facet normal 0 1 0
  outer loop
    vertex 0.05504359098962114 0.01 0.3220585584423747
    vertex -0.04273431869677321 0.01 0.3011633270591386
    vertex 9.69946345463768e-13 0.01 0.4
  endloop
endfacet
facet normal 0 1 0
  outer loop
    vertex -0.09499999999927453 0.01 0.4
    vertex -0.04273431869677321 0.01 0.3011633270591386
    vertex -0.1431783570102349 0.01 0.3192089527159169
  endloop
endfacet
facet normal 0 1 0
  outer loop
    vertex 0.09500000000069952 0.01 0.4
    vertex 0.1439889343462376 0.01 0.3260781861868035
    vertex 0.05504359098962114 0.01 0.3220585584423747
  endloop
endfacet
facet normal 0 1 0
  outer loop
    vertex 0.2360582556304779 0.01 0.3262863204809116
    vertex 0.1439889343462376 0.01 0.3260781861868035
    vertex 0.190000000000423 0.01 0.4
  endloop
endfacet
facet normal 0 1 0
  outer loop
    vertex -0.38 0.01 -0.2000000000004825
    vertex -0.2880379270527499 0.01 -0.2495176900955856
    vertex -0.38 0.01 -0.3000000000002088
  endloop
endfacet
facet normal 0 1 -0
  outer loop
    vertex 0.38 0.01 0.1999999999994631
    vertex 0.2865248819459493 0.01 0.2514055164333019
    vertex 0.38 0.01 0.2999999999997424
  endloop
endfacet
facet normal 0 1 0
  outer loop
    vertex -0.1899999999995236 0.01 0.4
    vertex -0.233794230471431 0.01 0.3279064957314023
    vertex -0.2849999999997564 0.01 0.4
  endloop
endfacet
facet normal 0 1 0
  outer loop
    vertex 0.2865248819459493 0.01 0.2514055164333019
    vertex 0.1900000000004236 0.01 0.264367250208753
    vertex 0.2360582556304779 0.01 0.3262863204809116
  endloop
endfacet
facet normal -0 1 0
  outer loop
    vertex 0.1304081717603514 0.01 -0.08577208626173449
    vertex 0.2136819934155803 0.01 -0.02530244538637272
    vertex 0.2131537504834726 0.01 -0.1190692296487343
  endloop
endfacet
facet normal -0 1 0
  outer loop
    vertex -0.2018663049191151 0.01 0.1921889471400974
    vertex -0.1190357147226766 0.01 0.236798209694296
    vertex -0.1210032773444995 0.01 0.1482129758492227
  endloop
endfacet
facet normal 0 1 0
  outer loop
    vertex 0.1354050538005043 0.01 -0.3067222406341579
    vertex 0.2339383945346437 0.01 -0.3261275735734384
    vertex 0.190000000000423 0.01 -0.4
  endloop
endfacet
facet normal 0 1 0
  outer loop
    vertex 0.2953131741692906 0.01 -0.1510539753625553
    vertex 0.2237189566570842 0.01 -0.1980984080440803
    vertex 0.2131537504834726 0.01 -0.1190692296487343
  endloop
endfacet
facet normal 0 1 0
  outer loop
    vertex 0.38 0.01 0.09999999999919462
    vertex 0.2979981983670064 0.01 0.04064801183295047
    vertex 0.2867021776022048 0.01 0.1393079664758321
  endloop
endfacet
facet normal 0 1 0
  outer loop
    vertex -0.2928991320315048 0.01 -0.1475949049668231
    vertex -0.2880379270527499 0.01 -0.2495176900955856
    vertex -0.38 0.01 -0.2000000000004825
  endloop
endfacet
facet normal 0 1 -0
  outer loop
    vertex 0.2867021776022048 0.01 0.1393079664758321
    vertex 0.2865248819459493 0.01 0.2514055164333019
    vertex 0.38 0.01 0.1999999999994631
  endloop
endfacet
facet normal 0 1 -0
  outer loop
    vertex 0.04591281325182317 0.01 0.1481043497920079
    vertex 0.03880992098924657 0.01 0.2345544731636297
    vertex 0.1321960498460151 0.01 0.2007925887661505
  endloop
endfacet
facet normal 0 1 -0
  outer loop
    vertex -0.09499999999927453 0.01 -0.4
    vertex -0.1438417343356874 0.01 -0.3245375236106247
    vertex -0.0417664847105936 0.01 -0.3041843643007002
  endloop
endfacet
facet normal 0 1 0
  outer loop
    vertex 0.2952453113745536 0.01 -0.05282274899998846
    vertex 0.2979981983670064 0.01 0.04064801183295047
    vertex 0.38 0.01 -1.063038546078587e-12
  endloop
endfacet
facet normal -0 1 0
  outer loop
    vertex -0.235570102813273 0.01 -0.3279609394857982
    vertex -0.1438417343356874 0.01 -0.3245375236106247
    vertex -0.1899999999995236 0.01 -0.4
  endloop
endfacet
facet normal 0 1 0
  outer loop
    vertex -0.0417664847105936 0.01 -0.3041843643007002
    vertex 0.04776085304172595 0.01 -0.3295884026435505
    vertex 9.69946345463768e-13 0.01 -0.4
  endloop
endfacet
facet normal 0 1 -0
  outer loop
    vertex 0.09500000000069952 0.01 -0.4
    vertex 0.04776085304172595 0.01 -0.3295884026435505
    vertex 0.1354050538005043 0.01 -0.3067222406341579
  endloop
endfacet
facet normal 0 1 0
  outer loop
    vertex 0.190000000000423 0.01 -0.4
    vertex 0.2339383945346437 0.01 -0.3261275735734384
    vertex 0.2850000000001898 0.01 -0.4
  endloop
endfacet
facet normal 0 1 -0
  outer loop
    vertex 0.2204710346080891 0.01 0.1997523020903651
    vertex 0.1900000000004236 0.01 0.264367250208753
    vertex 0.2865248819459493 0.01 0.2514055164333019
  endloop
endfacet
facet normal 0 1 0
  outer loop
    vertex -0.1431783570102349 0.01 0.3192089527159169
    vertex -0.233794230471431 0.01 0.3279064957314023
    vertex -0.1899999999995236 0.01 0.4
  endloop
endfacet
facet normal -0 1 0
  outer loop
    vertex 0.04729760016108486 0.01 -0.1432691687009069
    vertex 0.1304081717603514 0.01 -0.08577208626173449
    vertex 0.1394435528750265 0.01 -0.1930559910900133
  endloop
endfacet
facet normal 0 1 0
  outer loop
    vertex 0.129039367158248 0.01 0.008197663029511915
    vertex 0.1304081717603514 0.01 -0.08577208626173449
    vertex 0.04699013707613686 0.01 -0.04520382742100854
  endloop
endfacet
facet normal -0 1 0
  outer loop
    vertex -0.2851575432875015 0.01 0.2521320569437988
    vertex -0.1894051055023887 0.01 0.2667360555945358
    vertex -0.2018663049191151 0.01 0.1921889471400974
  endloop
endfacet
facet normal 0 1 0
  outer loop
    vertex -0.38 0.01 0.4
    vertex -0.31032932851374 0.01 0.3302114695853484
    vertex -0.38 0.01 0.2999999999997424
  endloop
endfacet
facet normal 0 1 0
  outer loop
    vertex -0.2849999999997564 0.01 0.4
    vertex -0.31032932851374 0.01 0.3302114695853484
    vertex -0.38 0.01 0.4
  endloop
endfacet
facet normal 0 1 0
  outer loop
    vertex 0.1321960498460151 0.01 0.2007925887661505
    vertex 0.2012011933889302 0.01 0.1317009541443259
    vertex 0.1298262743015669 0.01 0.09925117831977781
  endloop
endfacet
facet normal 0 1 0
  outer loop
    vertex -0.38 0.01 -0.3000000000002088
    vertex -0.3122046770808057 0.01 -0.3319693858737144
    vertex -0.38 0.01 -0.4
  endloop
endfacet
facet normal 0 1 -0
  outer loop
    vertex 0.38 0.01 0.2999999999997424
    vertex 0.3121276368340609 0.01 0.3319954345438485
    vertex 0.38 0.01 0.4
  endloop
endfacet
facet normal 0 1 0
  outer loop
    vertex -0.233794230471431 0.01 0.3279064957314023
    vertex -0.1894051055023887 0.01 0.2667360555945358
    vertex -0.2851575432875015 0.01 0.2521320569437988
  endloop
endfacet
facet normal 0 1 0
  outer loop
    vertex -0.1899999999995236 0.01 -0.4
    vertex -0.1438417343356874 0.01 -0.3245375236106247
    vertex -0.09499999999927453 0.01 -0.4
  endloop
endfacet
facet normal 0 1 -0
  outer loop
    vertex 0.38 0.01 -0.4
    vertex 0.3123371963384682 0.01 -0.3322916414616208
    vertex 0.38 0.01 -0.3000000000002088
  endloop
endfacet
facet normal 0 1 0
  outer loop
    vertex -0.38 0.01 -0.4
    vertex -0.3122046770808057 0.01 -0.3319693858737144
    vertex -0.2849999999997564 0.01 -0.4
  endloop
endfacet
facet normal 0 1 0
  outer loop
    vertex 0.38 0.01 0.4
    vertex 0.3121276368340609 0.01 0.3319954345438485
    vertex 0.2850000000001898 0.01 0.4
  endloop
endfacet
facet normal 0 1 0
  outer loop
    vertex 0.2850000000001898 0.01 -0.4
    vertex 0.3123371963384682 0.01 -0.3322916414616208
    vertex 0.38 0.01 -0.4
  endloop
endfacet
facet normal 0 1 0
  outer loop
    vertex 9.69946345463768e-13 0.01 -0.4
    vertex 0.04776085304172595 0.01 -0.3295884026435505
    vertex 0.09500000000069952 0.01 -0.4
  endloop
endfacet
facet normal 0 1 0
  outer loop
    vertex -0.1210032773444995 0.01 0.1482129758492227
    vertex -0.1190357147226766 0.01 0.236798209694296
    vertex -0.03934894619999078 0.01 0.1976285065719483
  endloop
endfacet
facet normal 0 1 -0
  outer loop
    vertex 0.2339383945346437 0.01 -0.3261275735734384
    vertex 0.2006310034662538 0.01 -0.2581862000231364
    vertex 0.2882748506391353 0.01 -0.2526639834668082
  endloop
endfacet
facet normal 0 1 -0
  outer loop
    vertex 0.2882748506391353 0.01 -0.2526639834668082
    vertex 0.2237189566570842 0.01 -0.1980984080440803
    vertex 0.2953131741692906 0.01 -0.1510539753625553
  endloop
endfacet
facet normal 0 1 -0
  outer loop
    vertex 0.38 0.01 -1.063038546078587e-12
    vertex 0.2979981983670064 0.01 0.04064801183295047
    vertex 0.38 0.01 0.09999999999919462
  endloop
endfacet
facet normal 0 1 0
  outer loop
    vertex 0.2204710346080891 0.01 0.1997523020903651
    vertex 0.2012011933889302 0.01 0.1317009541443259
    vertex 0.1321960498460151 0.01 0.2007925887661505
  endloop
endfacet
facet normal 0 1 0
  outer loop
    vertex 0.04699013707613686 0.01 -0.04520382742100854
    vertex 0.1304081717603514 0.01 -0.08577208626173449
    vertex 0.04729760016108486 0.01 -0.1432691687009069
  endloop
endfacet
facet normal 0 1 0
  outer loop
    vertex 0.2867021776022048 0.01 0.1393079664758321
    vertex 0.2204710346080891 0.01 0.1997523020903651
    vertex 0.2865248819459493 0.01 0.2514055164333019
  endloop
endfacet
facet normal -0 1 0
  outer loop
    vertex -0.03934894619999078 0.01 0.1976285065719483
    vertex 0.03880992098924657 0.01 0.2345544731636297
    vertex 0.04591281325182317 0.01 0.1481043497920079
  endloop
endfacet
facet normal 0 1 0
  outer loop
    vertex 0.2882748506391353 0.01 -0.2526639834668082
    vertex 0.2006310034662538 0.01 -0.2581862000231364
    vertex 0.2237189566570842 0.01 -0.1980984080440803
  endloop
endfacet
facet normal 0 1 0
  outer loop
    vertex 0.2131537504834726 0.01 -0.1190692296487343
    vertex 0.2136819934155803 0.01 -0.02530244538637272
    vertex 0.2952453113745536 0.01 -0.05282274899998846
  endloop
endfacet
facet normal 0 1 0
  outer loop
    vertex -0.2880379270527499 0.01 -0.2495176900955856
    vertex -0.3122046770808057 0.01 -0.3319693858737144
    vertex -0.38 0.01 -0.3000000000002088
  endloop
endfacet
facet normal 0 1 0
  outer loop
    vertex 0.2865248819459493 0.01 0.2514055164333019
    vertex 0.3121276368340609 0.01 0.3319954345438485
    vertex 0.38 0.01 0.2999999999997424
  endloop
endfacet
facet normal 0 1 0
  outer loop
    vertex -0.2018663049191151 0.01 0.1921889471400974
    vertex -0.1894051055023887 0.01 0.2667360555945358
    vertex -0.1190357147226766 0.01 0.236798209694296
  endloop
endfacet
facet normal 0 1 0
  outer loop
    vertex 0.38 0.01 -0.3000000000002088
    vertex 0.3123371963384682 0.01 -0.3322916414616208
    vertex 0.2882748506391353 0.01 -0.2526639834668082
  endloop
endfacet
facet normal -0 1 0
  outer loop
    vertex -0.38 0.01 0.2999999999997424
    vertex -0.31032932851374 0.01 0.3302114695853484
    vertex -0.2851575432875015 0.01 0.2521320569437988
  endloop
endfacet
facet normal -0 1 0
  outer loop
    vertex 0.03880992098924657 0.01 0.2345544731636297
    vertex 0.1119261465821946 0.01 0.2696743635736145
    vertex 0.1321960498460151 0.01 0.2007925887661505
  endloop
endfacet
facet normal 0 1 0
  outer loop
    vertex -0.235570102813273 0.01 -0.3279609394857982
    vertex -0.3122046770808057 0.01 -0.3319693858737144
    vertex -0.2880379270527499 0.01 -0.2495176900955856
  endloop
endfacet
facet normal -0 1 0
  outer loop
    vertex 0.2360582556304779 0.01 0.3262863204809116
    vertex 0.3121276368340609 0.01 0.3319954345438485
    vertex 0.2865248819459493 0.01 0.2514055164333019
  endloop
endfacet
facet normal 0 1 0
  outer loop
    vertex 0.2165993685200588 0.01 0.05769817352289131
    vertex 0.2136819934155803 0.01 -0.02530244538637272
    vertex 0.129039367158248 0.01 0.008197663029511915
  endloop
endfacet
facet normal 0 1 0
  outer loop
    vertex 0.2237189566570842 0.01 -0.1980984080440803
    vertex 0.2006310034662538 0.01 -0.2581862000231364
    vertex 0.1394435528750265 0.01 -0.1930559910900133
  endloop
endfacet
facet normal 0 1 0
  outer loop
    vertex 0.2867021776022048 0.01 0.1393079664758321
    vertex 0.2012011933889302 0.01 0.1317009541443259
    vertex 0.2204710346080891 0.01 0.1997523020903651
  endloop
endfacet
facet normal 0 1 0
  outer loop
    vertex -0.233794230471431 0.01 0.3279064957314023
    vertex -0.31032932851374 0.01 0.3302114695853484
    vertex -0.2849999999997564 0.01 0.4
  endloop
endfacet
facet normal -0 1 0
  outer loop
    vertex 0.1298262743015669 0.01 0.09925117831977781
    vertex 0.2012011933889302 0.01 0.1317009541443259
    vertex 0.2165993685200588 0.01 0.05769817352289131
  endloop
endfacet
facet normal 0 1 0
  outer loop
    vertex -0.1216213115674417 0.01 -0.2385542545924068
    vertex -0.1983867809547819 0.01 -0.2660136704243435
    vertex -0.2036783413862685 0.01 -0.1896234027792255
  endloop
endfacet
facet normal 0 1 -0
  outer loop
    vertex -0.2849999999997564 0.01 -0.4
    vertex -0.3122046770808057 0.01 -0.3319693858737144
    vertex -0.235570102813273 0.01 -0.3279609394857982
  endloop
endfacet
facet normal 0 1 0
  outer loop
    vertex 0.2850000000001898 0.01 0.4
    vertex 0.3121276368340609 0.01 0.3319954345438485
    vertex 0.2360582556304779 0.01 0.3262863204809116
  endloop
endfacet
facet normal 0 1 0
  outer loop
    vertex -0.235570102813273 0.01 -0.3279609394857982
    vertex -0.1983867809547819 0.01 -0.2660136704243435
    vertex -0.1438417343356874 0.01 -0.3245375236106247
  endloop
endfacet
facet normal 0 1 0
  outer loop
    vertex 0.1439889343462376 0.01 0.3260781861868035
    vertex 0.1119261465821946 0.01 0.2696743635736145
    vertex 0.05504359098962114 0.01 0.3220585584423747
  endloop
endfacet
facet normal 0 1 0
  outer loop
    vertex 0.2360582556304779 0.01 0.3262863204809116
    vertex 0.1900000000004236 0.01 0.264367250208753
    vertex 0.1439889343462376 0.01 0.3260781861868035
  endloop
endfacet
facet normal -0 1 0
  outer loop
    vertex 0.1354050538005043 0.01 -0.3067222406341579
    vertex 0.2006310034662538 0.01 -0.2581862000231364
    vertex 0.2339383945346437 0.01 -0.3261275735734384
  endloop
endfacet
facet normal 0 1 0
  outer loop
    vertex 0.2882748506391353 0.01 -0.2526639834668082
    vertex 0.3123371963384682 0.01 -0.3322916414616208
    vertex 0.2339383945346437 0.01 -0.3261275735734384
  endloop
endfacet
facet normal 0 1 -0
  outer loop
    vertex -0.2851575432875015 0.01 0.2521320569437988
    vertex -0.31032932851374 0.01 0.3302114695853484
    vertex -0.233794230471431 0.01 0.3279064957314023
  endloop
endfacet
facet normal -0 1 0
  outer loop
    vertex 0.1321960498460151 0.01 0.2007925887661505
    vertex 0.1900000000004236 0.01 0.264367250208753
    vertex 0.2204710346080891 0.01 0.1997523020903651
  endloop
endfacet
facet normal 0 1 -0
  outer loop
    vertex 0.1321960498460151 0.01 0.2007925887661505
    vertex 0.1119261465821946 0.01 0.2696743635736145
    vertex 0.1900000000004236 0.01 0.264367250208753
  endloop
endfacet
facet normal 0 1 0
  outer loop
    vertex 0.2339383945346437 0.01 -0.3261275735734384
    vertex 0.3123371963384682 0.01 -0.3322916414616208
    vertex 0.2850000000001898 0.01 -0.4
  endloop
endfacet
facet normal 0 1 0
  outer loop
    vertex -0.1431783570102349 0.01 0.3192089527159169
    vertex -0.1894051055023887 0.01 0.2667360555945358
    vertex -0.233794230471431 0.01 0.3279064957314023
  endloop
endfacet
facet normal 0 1 -0
  outer loop
    vertex -0.1438417343356874 0.01 -0.3245375236106247
    vertex -0.1983867809547819 0.01 -0.2660136704243435
    vertex -0.1216213115674417 0.01 -0.2385542545924068
  endloop
endfacet
facet normal 0 1 0
  outer loop
    vertex -0.1190357147226766 0.01 0.236798209694296
    vertex -0.1894051055023887 0.01 0.2667360555945358
    vertex -0.1431783570102349 0.01 0.3192089527159169
  endloop
endfacet
facet normal 0 1 0
  outer loop
    vertex 0.1900000000004236 0.01 0.264367250208753
    vertex 0.1119261465821946 0.01 0.2696743635736145
    vertex 0.1439889343462376 0.01 0.3260781861868035
  endloop
endfacet
facet normal 0 1 0
  outer loop
    vertex 0.05504359098962114 0.01 0.3220585584423747
    vertex 0.1119261465821946 0.01 0.2696743635736145
    vertex 0.03880992098924657 0.01 0.2345544731636297
  endloop
endfacet
facet normal -1 0 0
  outer loop
    vertex -0.38 -0.1908282199702837 -0.2404375694314797
    vertex -0.38 -0.1575203697836216 -0.1567088043383415
    vertex -0.38 -0.07909254140586409 -0.2412323279211677
  endloop
endfacet
facet normal -1 0 0
  outer loop
    vertex -0.38 -0.1559033880828901 0.2018368641690473
    vertex -0.38 -0.227724142643231 0.2417630479660147
    vertex -0.38 -0.1476285291820636 0.3083579756538249
  endloop
endfacet
facet normal -1 0 0
  outer loop
    vertex -0.38 -0.07909254140586409 -0.2412323279211677
    vertex -0.38 -0.1575203697836216 -0.1567088043383415
    vertex -0.38 -0.07302668086160448 -0.1387182283367944
  endloop
endfacet
facet normal -1 0 0
  outer loop
    vertex -0.38 -0.2395693599055173 -0.3153664820181591
    vertex -0.38 -0.3000627142707565 -0.242224469324722
    vertex -0.38 -0.1908282199702837 -0.2404375694314797
  endloop
endfacet
facet normal -1 0 0
  outer loop
    vertex -0.38 -0.1908282199702837 -0.2404375694314797
    vertex -0.38 -0.07909254140586409 -0.2412323279211677
    vertex -0.38 -0.1404449986947253 -0.3153031030136345
  endloop
endfacet
facet normal -1 0 0
  outer loop
    vertex -0.38 -0.1559033880828901 0.2018368641690473
    vertex -0.38 -0.1476285291820636 0.3083579756538249
    vertex -0.38 -0.07295497756517512 0.2480101666247697
  endloop
endfacet
facet normal -1 -0 0
  outer loop
    vertex -0.38 -0.1476285291820636 0.3083579756538249
    vertex -0.38 -0.227724142643231 0.2417630479660147
    vertex -0.38 -0.2467068712388628 0.3190646417033705
  endloop
endfacet
facet normal -1 0 0
  outer loop
    vertex -0.38 -0.3000627142707565 -0.242224469324722
    vertex -0.38 -0.2338045932109622 -0.1698837693551178
    vertex -0.38 -0.1908282199702837 -0.2404375694314797
  endloop
endfacet
facet normal -1 -0 0
  outer loop
    vertex -0.38 -0.2491697517503155 0.152523586184064
    vertex -0.38 -0.3288201284417162 0.1499999999993288
    vertex -0.38 -0.3085661041121761 0.2423219442904914
  endloop
endfacet
facet normal -1 0 0
  outer loop
    vertex -0.38 -0.2201851690122535 -0.08703126415906637
    vertex -0.38 -0.2422175894255068 -2.874711579892164e-11
    vertex -0.38 -0.1654610883166035 0.0003773385545151053
  endloop
endfacet
facet normal -1 0 0
  outer loop
    vertex -0.38 -0.304387687055113 0.06092371978496181
    vertex -0.38 -0.3288201284417162 0.1499999999993288
    vertex -0.38 -0.2491697517503155 0.152523586184064
  endloop
endfacet
facet normal -1 0 0
  outer loop
    vertex -0.38 -0.3085661041121761 0.2423219442904914
    vertex -0.38 -0.227724142643231 0.2417630479660147
    vertex -0.38 -0.2491697517503155 0.152523586184064
  endloop
endfacet
facet normal -1 -0 0
  outer loop
    vertex -0.38 -0.07660254042401585 0.04999999999906579
    vertex -0.38 -0.1654610883166035 0.0003773385545151053
    vertex -0.38 -0.1605080151676915 0.1038067690915292
  endloop
endfacet
facet normal -1 0 0
  outer loop
    vertex -0.38 -0.1605080151676915 0.1038067690915292
    vertex -0.38 -0.1559033880828901 0.2018368641690473
    vertex -0.38 -0.07660254042425543 0.149999999999329
  endloop
endfacet
facet normal -1 0 0
  outer loop
    vertex -0.38 -0.07660254042425543 0.149999999999329
    vertex -0.38 -0.07295497756517512 0.2480101666247697
    vertex -0.38 0.01 0.1999999999994631
  endloop
endfacet
facet normal -1 0 0
  outer loop
    vertex -0.38 -0.1559033880828901 0.2018368641690473
    vertex -0.38 -0.07295497756517512 0.2480101666247697
    vertex -0.38 -0.07660254042425543 0.149999999999329
  endloop
endfacet
facet normal -1 0 -0
  outer loop
    vertex -0.38 -0.07660254042401585 0.04999999999906579
    vertex -0.38 -0.07324747210290757 -0.04442020465022145
    vertex -0.38 -0.1654610883166035 0.0003773385545151053
  endloop
endfacet
facet normal -1 0 0
  outer loop
    vertex -0.38 0.01 -1.063038546078587e-12
    vertex -0.38 -0.07660254042401585 0.04999999999906579
    vertex -0.38 0.01 0.09999999999919462
  endloop
endfacet
facet normal -1 -0 0
  outer loop
    vertex -0.38 -0.1899999999994743 0.4
    vertex -0.38 -0.2467068712388628 0.3190646417033705
    vertex -0.38 -0.2899999999997344 0.4
  endloop
endfacet
facet normal -1 0 0
  outer loop
    vertex -0.38 -0.2899999999997344 -0.4
    vertex -0.38 -0.2395693599055173 -0.3153664820181591
    vertex -0.38 -0.1899999999994743 -0.4
  endloop
endfacet
facet normal -1 0 0
  outer loop
    vertex -0.38 -0.39 0.09999999999919462
    vertex -0.38 -0.304387687055113 0.06092371978496181
    vertex -0.38 -0.39 -1.063038546078587e-12
  endloop
endfacet
facet normal -1 0 0
  outer loop
    vertex -0.38 -0.1899999999994743 -0.4
    vertex -0.38 -0.2395693599055173 -0.3153664820181591
    vertex -0.38 -0.1404449986947253 -0.3153031030136345
  endloop
endfacet
facet normal -1 0 0
  outer loop
    vertex -0.38 -0.07660254042401585 0.04999999999906579
    vertex -0.38 -0.1605080151676915 0.1038067690915292
    vertex -0.38 -0.07660254042425543 0.149999999999329
  endloop
endfacet
facet normal -1 0 0
  outer loop
    vertex -0.38 -0.2395693599055173 -0.3153664820181591
    vertex -0.38 -0.1908282199702837 -0.2404375694314797
    vertex -0.38 -0.1404449986947253 -0.3153031030136345
  endloop
endfacet
facet normal -1 -0 0
  outer loop
    vertex -0.38 0.01 0.09999999999919462
    vertex -0.38 -0.07660254042401585 0.04999999999906579
    vertex -0.38 -0.07660254042425543 0.149999999999329
  endloop
endfacet
facet normal -1 0 0
  outer loop
    vertex -0.38 0.01 0.09999999999919462
    vertex -0.38 -0.07660254042425543 0.149999999999329
    vertex -0.38 0.01 0.1999999999994631
  endloop
endfacet
facet normal -1 0 0
  outer loop
    vertex -0.38 -0.1899999999994743 -0.4
    vertex -0.38 -0.1404449986947253 -0.3153031030136345
    vertex -0.38 -0.08999999999976739 -0.4
  endloop
endfacet
facet normal -1 0 0
  outer loop
    vertex -0.38 -0.39 -0.1000000000007782
    vertex -0.38 -0.3070400919737684 -0.1446103085554026
    vertex -0.38 -0.39 -0.2000000000004825
  endloop
endfacet
facet normal -1 0 0
  outer loop
    vertex -0.38 0.01 -0.2000000000004825
    vertex -0.38 -0.07302668086160448 -0.1387182283367944
    vertex -0.38 0.01 -0.1000000000007782
  endloop
endfacet
facet normal -1 0 0
  outer loop
    vertex -0.38 0.01 0.1999999999994631
    vertex -0.38 -0.07295497756517512 0.2480101666247697
    vertex -0.38 0.01 0.2999999999997424
  endloop
endfacet
facet normal -1 -0 0
  outer loop
    vertex -0.38 0.01 -1.063038546078587e-12
    vertex -0.38 -0.07324747210290757 -0.04442020465022145
    vertex -0.38 -0.07660254042401585 0.04999999999906579
  endloop
endfacet
facet normal -1 0 0
  outer loop
    vertex -0.38 -0.07302668086160448 -0.1387182283367944
    vertex -0.38 -0.07324747210290757 -0.04442020465022145
    vertex -0.38 0.01 -0.1000000000007782
  endloop
endfacet
facet normal -1 0 0
  outer loop
    vertex -0.38 -0.39 -0.1000000000007782
    vertex -0.38 -0.3043808949759983 -0.04885950161113539
    vertex -0.38 -0.3070400919737684 -0.1446103085554026
  endloop
endfacet
facet normal -1 0 -0
  outer loop
    vertex -0.38 -0.304387687055113 0.06092371978496181
    vertex -0.38 -0.3043808949759983 -0.04885950161113539
    vertex -0.38 -0.39 -1.063038546078587e-12
  endloop
endfacet
facet normal -1 0 0
  outer loop
    vertex -0.38 0.01 -0.1000000000007782
    vertex -0.38 -0.07324747210290757 -0.04442020465022145
    vertex -0.38 0.01 -1.063038546078587e-12
  endloop
endfacet
facet normal -1 0 0
  outer loop
    vertex -0.38 -0.39 -1.063038546078587e-12
    vertex -0.38 -0.3043808949759983 -0.04885950161113539
    vertex -0.38 -0.39 -0.1000000000007782
  endloop
endfacet
facet normal -1 0 -0
  outer loop
    vertex -0.38 -0.3043808949759983 -0.04885950161113539
    vertex -0.38 -0.2201851690122535 -0.08703126415906637
    vertex -0.38 -0.3070400919737684 -0.1446103085554026
  endloop
endfacet
facet normal -1 0 0
  outer loop
    vertex -0.38 -0.1605080151676915 0.1038067690915292
    vertex -0.38 -0.2491697517503155 0.152523586184064
    vertex -0.38 -0.1559033880828901 0.2018368641690473
  endloop
endfacet
facet normal -1 0 -0
  outer loop
    vertex -0.38 -0.2491697517503155 0.152523586184064
    vertex -0.38 -0.227090507172428 0.06356460068869574
    vertex -0.38 -0.304387687055113 0.06092371978496181
  endloop
endfacet
facet normal -1 0 0
  outer loop
    vertex -0.38 -0.39 -0.2000000000004825
    vertex -0.38 -0.3000627142707565 -0.242224469324722
    vertex -0.38 -0.39 -0.3000000000002088
  endloop
endfacet
facet normal -1 0 0
  outer loop
    vertex -0.38 0.01 -0.3000000000002088
    vertex -0.38 -0.07909254140586409 -0.2412323279211677
    vertex -0.38 0.01 -0.2000000000004825
  endloop
endfacet
facet normal -1 -0 0
  outer loop
    vertex -0.38 -0.08999999999976739 0.4
    vertex -0.38 -0.1476285291820636 0.3083579756538249
    vertex -0.38 -0.1899999999994743 0.4
  endloop
endfacet
facet normal -1 0 -0
  outer loop
    vertex -0.38 -0.1654610883166035 0.0003773385545151053
    vertex -0.38 -0.1412226952398357 -0.08549358706232302
    vertex -0.38 -0.2201851690122535 -0.08703126415906637
  endloop
endfacet
facet normal -1 0 -0
  outer loop
    vertex -0.38 -0.3070400919737684 -0.1446103085554026
    vertex -0.38 -0.3000627142707565 -0.242224469324722
    vertex -0.38 -0.39 -0.2000000000004825
  endloop
endfacet
facet normal -1 -0 0
  outer loop
    vertex -0.38 0.01 -0.2000000000004825
    vertex -0.38 -0.07909254140586409 -0.2412323279211677
    vertex -0.38 -0.07302668086160448 -0.1387182283367944
  endloop
endfacet
facet normal -1 0 -0
  outer loop
    vertex -0.38 -0.1899999999994743 0.4
    vertex -0.38 -0.1476285291820636 0.3083579756538249
    vertex -0.38 -0.2467068712388628 0.3190646417033705
  endloop
endfacet
facet normal -1 0 0
  outer loop
    vertex -0.38 -0.39 0.2999999999997424
    vertex -0.38 -0.3085661041121761 0.2423219442904914
    vertex -0.38 -0.39 0.1999999999994631
  endloop
endfacet
facet normal -1 0 0
  outer loop
    vertex -0.38 -0.39 0.09999999999919462
    vertex -0.38 -0.3288201284417162 0.1499999999993288
    vertex -0.38 -0.304387687055113 0.06092371978496181
  endloop
endfacet
facet normal -1 0 0
  outer loop
    vertex -0.38 -0.3043808949759983 -0.04885950161113539
    vertex -0.38 -0.2422175894255068 -2.874711579892164e-11
    vertex -0.38 -0.2201851690122535 -0.08703126415906637
  endloop
endfacet
facet normal -1 0 0
  outer loop
    vertex -0.38 -0.39 -0.4
    vertex -0.38 -0.3167949199917551 -0.3267949188035648
    vertex -0.38 -0.2899999999997344 -0.4
  endloop
endfacet
facet normal -1 0 0
  outer loop
    vertex -0.38 0.01 -0.4
    vertex -0.38 -0.06320508076116194 -0.3267949192388317
    vertex -0.38 0.01 -0.3000000000002088
  endloop
endfacet
facet normal -1 0 0
  outer loop
    vertex -0.38 -0.08999999999976739 -0.4
    vertex -0.38 -0.06320508076116194 -0.3267949192388317
    vertex -0.38 0.01 -0.4
  endloop
endfacet
facet normal -1 -0 0
  outer loop
    vertex -0.38 0.01 0.4
    vertex -0.38 -0.06320508074925395 0.3267949192506149
    vertex -0.38 -0.08999999999976739 0.4
  endloop
endfacet
facet normal -1 0 0
  outer loop
    vertex -0.38 0.01 0.2999999999997424
    vertex -0.38 -0.06320508074925395 0.3267949192506149
    vertex -0.38 0.01 0.4
  endloop
endfacet
facet normal -1 0 0
  outer loop
    vertex -0.38 -0.39 -0.3000000000002088
    vertex -0.38 -0.3167949199917551 -0.3267949188035648
    vertex -0.38 -0.39 -0.4
  endloop
endfacet
facet normal -1 0 0
  outer loop
    vertex -0.38 -0.1654610883166035 0.0003773385545151053
    vertex -0.38 -0.227090507172428 0.06356460068869574
    vertex -0.38 -0.1605080151676915 0.1038067690915292
  endloop
endfacet
facet normal -1 -0 0
  outer loop
    vertex -0.38 -0.2899999999997344 0.4
    vertex -0.38 -0.3173040734848273 0.3273040734848297
    vertex -0.38 -0.39 0.4
  endloop
endfacet
facet normal -1 0 0
  outer loop
    vertex -0.38 -0.39 0.4
    vertex -0.38 -0.3173040734848273 0.3273040734848297
    vertex -0.38 -0.39 0.2999999999997424
  endloop
endfacet
facet normal -1 0 0
  outer loop
    vertex -0.38 -0.3070400919737684 -0.1446103085554026
    vertex -0.38 -0.2338045932109622 -0.1698837693551178
    vertex -0.38 -0.3000627142707565 -0.242224469324722
  endloop
endfacet
facet normal -1 0 0
  outer loop
    vertex -0.38 -0.3085661041121761 0.2423219442904914
    vertex -0.38 -0.3288201284417162 0.1499999999993288
    vertex -0.38 -0.39 0.1999999999994631
  endloop
endfacet
facet normal -1 0 0
  outer loop
    vertex -0.38 -0.07302668086160448 -0.1387182283367944
    vertex -0.38 -0.1412226952398357 -0.08549358706232302
    vertex -0.38 -0.07324747210290757 -0.04442020465022145
  endloop
endfacet
facet normal -1 0 0
  outer loop
    vertex -0.38 -0.2422175894255068 -2.874711579892164e-11
    vertex -0.38 -0.227090507172428 0.06356460068869574
    vertex -0.38 -0.1654610883166035 0.0003773385545151053
  endloop
endfacet
facet normal -1 0 0
  outer loop
    vertex -0.38 -0.2491697517503155 0.152523586184064
    vertex -0.38 -0.227724142643231 0.2417630479660147
    vertex -0.38 -0.1559033880828901 0.2018368641690473
  endloop
endfacet
facet normal -1 0 -0
  outer loop
    vertex -0.38 -0.08999999999976739 0.4
    vertex -0.38 -0.06320508074925395 0.3267949192506149
    vertex -0.38 -0.1476285291820636 0.3083579756538249
  endloop
endfacet
facet normal -1 -0 0
  outer loop
    vertex -0.38 0.01 -0.3000000000002088
    vertex -0.38 -0.06320508076116194 -0.3267949192388317
    vertex -0.38 -0.07909254140586409 -0.2412323279211677
  endloop
endfacet
facet normal -1 0 0
  outer loop
    vertex -0.38 -0.3000627142707565 -0.242224469324722
    vertex -0.38 -0.3167949199917551 -0.3267949188035648
    vertex -0.38 -0.39 -0.3000000000002088
  endloop
endfacet
facet normal -1 0 0
  outer loop
    vertex -0.38 -0.39 0.1999999999994631
    vertex -0.38 -0.3288201284417162 0.1499999999993288
    vertex -0.38 -0.39 0.09999999999919462
  endloop
endfacet
facet normal -1 0 0
  outer loop
    vertex -0.38 -0.304387687055113 0.06092371978496181
    vertex -0.38 -0.2422175894255068 -2.874711579892164e-11
    vertex -0.38 -0.3043808949759983 -0.04885950161113539
  endloop
endfacet
facet normal -1 -0 0
  outer loop
    vertex -0.38 -0.07324747210290757 -0.04442020465022145
    vertex -0.38 -0.1412226952398357 -0.08549358706232302
    vertex -0.38 -0.1654610883166035 0.0003773385545151053
  endloop
endfacet
facet normal -1 0 0
  outer loop
    vertex -0.38 -0.2467068712388628 0.3190646417033705
    vertex -0.38 -0.3173040734848273 0.3273040734848297
    vertex -0.38 -0.2899999999997344 0.4
  endloop
endfacet
facet normal -1 0 0
  outer loop
    vertex -0.38 -0.2899999999997344 -0.4
    vertex -0.38 -0.3167949199917551 -0.3267949188035648
    vertex -0.38 -0.2395693599055173 -0.3153664820181591
  endloop
endfacet
facet normal -1 0 0
  outer loop
    vertex -0.38 -0.1404449986947253 -0.3153031030136345
    vertex -0.38 -0.06320508076116194 -0.3267949192388317
    vertex -0.38 -0.08999999999976739 -0.4
  endloop
endfacet
facet normal -1 0 0
  outer loop
    vertex -0.38 -0.07295497756517512 0.2480101666247697
    vertex -0.38 -0.06320508074925395 0.3267949192506149
    vertex -0.38 0.01 0.2999999999997424
  endloop
endfacet
facet normal -1 -0 0
  outer loop
    vertex -0.38 -0.1605080151676915 0.1038067690915292
    vertex -0.38 -0.227090507172428 0.06356460068869574
    vertex -0.38 -0.2491697517503155 0.152523586184064
  endloop
endfacet
facet normal -1 0 0
  outer loop
    vertex -0.38 -0.2201851690122535 -0.08703126415906637
    vertex -0.38 -0.2338045932109622 -0.1698837693551178
    vertex -0.38 -0.3070400919737684 -0.1446103085554026
  endloop
endfacet
facet normal -1 0 0
  outer loop
    vertex -0.38 -0.1575203697836216 -0.1567088043383415
    vertex -0.38 -0.1412226952398357 -0.08549358706232302
    vertex -0.38 -0.07302668086160448 -0.1387182283367944
  endloop
endfacet
facet normal -1 -0 0
  outer loop
    vertex -0.38 -0.2395693599055173 -0.3153664820181591
    vertex -0.38 -0.3167949199917551 -0.3267949188035648
    vertex -0.38 -0.3000627142707565 -0.242224469324722
  endloop
endfacet
facet normal -1 0 0
  outer loop
    vertex -0.38 -0.1476285291820636 0.3083579756538249
    vertex -0.38 -0.06320508074925395 0.3267949192506149
    vertex -0.38 -0.07295497756517512 0.2480101666247697
  endloop
endfacet
facet normal -1 0 -0
  outer loop
    vertex -0.38 -0.07909254140586409 -0.2412323279211677
    vertex -0.38 -0.06320508076116194 -0.3267949192388317
    vertex -0.38 -0.1404449986947253 -0.3153031030136345
  endloop
endfacet
facet normal -1 0 -0
  outer loop
    vertex -0.38 -0.2467068712388628 0.3190646417033705
    vertex -0.38 -0.227724142643231 0.2417630479660147
    vertex -0.38 -0.3085661041121761 0.2423219442904914
  endloop
endfacet
facet normal -1 0 0
  outer loop
    vertex -0.38 -0.3085661041121761 0.2423219442904914
    vertex -0.38 -0.3173040734848273 0.3273040734848297
    vertex -0.38 -0.2467068712388628 0.3190646417033705
  endloop
endfacet
facet normal -1 0 0
  outer loop
    vertex -0.38 -0.39 0.2999999999997424
    vertex -0.38 -0.3173040734848273 0.3273040734848297
    vertex -0.38 -0.3085661041121761 0.2423219442904914
  endloop
endfacet
facet normal -1 -0 0
  outer loop
    vertex -0.38 -0.1575203697836216 -0.1567088043383415
    vertex -0.38 -0.2338045932109622 -0.1698837693551178
    vertex -0.38 -0.2201851690122535 -0.08703126415906637
  endloop
endfacet
facet normal -1 0 0
  outer loop
    vertex -0.38 -0.1908282199702837 -0.2404375694314797
    vertex -0.38 -0.2338045932109622 -0.1698837693551178
    vertex -0.38 -0.1575203697836216 -0.1567088043383415
  endloop
endfacet
facet normal -1 0 0
  outer loop
    vertex -0.38 -0.304387687055113 0.06092371978496181
    vertex -0.38 -0.227090507172428 0.06356460068869574
    vertex -0.38 -0.2422175894255068 -2.874711579892164e-11
  endloop
endfacet
facet normal -1 0 0
  outer loop
    vertex -0.38 -0.2201851690122535 -0.08703126415906637
    vertex -0.38 -0.1412226952398357 -0.08549358706232302
    vertex -0.38 -0.1575203697836216 -0.1567088043383415
  endloop
endfacet
facet normal 0.244235 -0.969269 -0.0294526
  outer loop
    vertex 0.08490032857884507 -0.7603942955921489 -0.2108922540460718
    vertex 0.04522327278587491 -0.7672994243283898 -0.3126691739880196
    vertex 0.1385600971375619 -0.7438376739145076 -0.3107890878308907
  endloop
endfacet
facet normal 0.871603 -0.489454 0.0272611
  outer loop
    vertex 0.3372923162715198 -0.5650254078246728 0.2138864181571104
    vertex 0.3521160190577983 -0.5328786517394682 0.3171103091435246
    vertex 0.3060008513753391 -0.6153075208633029 0.3115684960659465
  endloop
endfacet
facet normal 0.871558 -0.489534 -0.0272477
  outer loop
    vertex 0.3059854520133167 -0.6153284339718498 -0.3114899354964618
    vertex 0.3520996115293921 -0.5329190804646152 -0.3170318648940139
    vertex 0.3371880240701379 -0.5652262435358245 -0.2135686452332596
  endloop
endfacet
facet normal -0.25666 -0.966018 -0.0305696
  outer loop
    vertex -0.1432993739533717 -0.7419450090917212 -0.3112818673503257
    vertex -0.04959995127792038 -0.7667490475545067 -0.3141518938330367
    vertex -0.09487367536537032 -0.7579660116405676 -0.2115866352365063
  endloop
endfacet
facet normal 0.820855 -0.570315 -0.0306184
  outer loop
    vertex 0.3060008513753391 -0.6153075208633029 0.3115684960659465
    vertex 0.2849447398873126 -0.6414090197478042 0.2332510171723942
    vertex 0.3372923162715198 -0.5650254078246728 0.2138864181571104
  endloop
endfacet
facet normal 0.82172 -0.569135 0.0293618
  outer loop
    vertex 0.3371880240701379 -0.5652262435358245 -0.2135686452332596
    vertex 0.2856359159546312 -0.6406234696048215 -0.2322944256424171
    vertex 0.3059854520133167 -0.6153284339718498 -0.3114899354964618
  endloop
endfacet
facet normal 0.344166 -0.938451 0.0293332
  outer loop
    vertex 0.1385600971375619 -0.7438376739145076 -0.3107890878308907
    vertex 0.1701130634551554 -0.729796329647485 -0.2317777501383165
    vertex 0.08490032857884507 -0.7603942955921489 -0.2108922540460718
  endloop
endfacet
facet normal -0.135755 -0.990742 7.61043e-05
  outer loop
    vertex -0.008267548625586421 -0.7699100520382733 0.1493629482700172
    vertex -0.09427564151472199 -0.758119686266556 0.2171262498280814
    vertex -0.09420284359508631 -0.7581383221814861 0.1043771733320071
  endloop
endfacet
facet normal -0.356011 -0.934482 -7.54058e-05
  outer loop
    vertex -0.09420284359508631 -0.7581383221814861 0.1043771733320071
    vertex -0.09427564151472199 -0.758119686266556 0.2171262498280814
    vertex -0.1745977877002053 -0.7275138701300942 0.150725372400444
  endloop
endfacet
facet normal -0.371534 -0.92789 0.0313562
  outer loop
    vertex -0.09487367536537032 -0.7579660116405676 -0.2115866352365063
    vertex -0.179960897765579 -0.7246850389177963 -0.2349220563754087
    vertex -0.1432993739533717 -0.7419450090917212 -0.3112818673503257
  endloop
endfacet
facet normal -0.120591 -0.992195 0.0317349
  outer loop
    vertex -0.04959995127792038 -0.7667490475545067 -0.3141518938330367
    vertex -0.002813308440061534 -0.7699895857725855 -0.2376816052173649
    vertex -0.09487367536537032 -0.7579660116405676 -0.2115866352365063
  endloop
endfacet
facet normal 0.684291 -0.729209 -0.000387303
  outer loop
    vertex 0.2317729921829517 -0.6911333261108132 -0.2984910618792346
    vertex 0.2856359159546312 -0.6406234696048215 -0.2322944256424171
    vertex 0.2320994257080724 -0.6908817983627176 -0.1953184634003543
  endloop
endfacet
facet normal -0.120001 -0.992564 0.0203896
  outer loop
    vertex -0.008267548625586421 -0.7699100520382733 0.1493629482700172
    vertex 0.006671282775204262 -0.7699414349424569 0.2357558675102637
    vertex -0.09427564151472199 -0.758119686266556 0.2171262498280814
  endloop
endfacet
facet normal 0.531536 -0.847035 0.000383257
  outer loop
    vertex 0.2320994257080724 -0.6908817983627176 -0.1953184634003543
    vertex 0.1701130634551554 -0.729796329647485 -0.2317777501383165
    vertex 0.2317729921829517 -0.6911333261108132 -0.2984910618792346
  endloop
endfacet
facet normal 0.684148 -0.729343 -0.00113109
  outer loop
    vertex 0.232356172165659 -0.6906835699810062 0.197603412855349
    vertex 0.2849447398873126 -0.6414090197478042 0.2332510171723942
    vertex 0.2333412595132242 -0.6899197502812747 0.3009192275566994
  endloop
endfacet
facet normal 0.942763 -0.331924 -0.0320173
  outer loop
    vertex 0.370687905734208 -0.4736090697376005 0.2495177818389753
    vertex 0.3521160190577983 -0.5328786517394682 0.3171103091435246
    vertex 0.3372923162715198 -0.5650254078246728 0.2138864181571104
  endloop
endfacet
facet normal 0.942704 -0.332076 0.0321737
  outer loop
    vertex 0.3371880240701379 -0.5652262435358245 -0.2135686452332596
    vertex 0.3520996115293921 -0.5329190804646152 -0.3170318648940139
    vertex 0.3706915668617433 -0.4735928361618727 -0.2494584021568039
  endloop
endfacet
facet normal 0.10011 -0.99457 0.02845
  outer loop
    vertex 0.08490032857884507 -0.7603942955921489 -0.2108922540460718
    vertex -0.002813308440061534 -0.7699895857725855 -0.2376816052173649
    vertex 0.04522327278587491 -0.7672994243283898 -0.3126691739880196
  endloop
endfacet
facet normal -0.553123 -0.833075 0.0064436
  outer loop
    vertex -0.2346806942564779 -0.6888728354054572 -0.3020471122758529
    vertex -0.179960897765579 -0.7246850389177963 -0.2349220563754087
    vertex -0.2405319790071671 -0.6841842400178768 -0.1981501248129943
  endloop
endfacet
facet normal -0.694202 -0.71975 -0.00661579
  outer loop
    vertex -0.2405319790071671 -0.6841842400178768 -0.1981501248129943
    vertex -0.2875620552636136 -0.6384110794078365 -0.243016422336868
    vertex -0.2346806942564779 -0.6888728354054572 -0.3020471122758529
  endloop
endfacet
facet normal -0.550651 -0.834715 -0.00587176
  outer loop
    vertex -0.2399533006142708 -0.6846564330272078 0.1987387123209341
    vertex -0.1784452830376426 -0.7254955751744211 0.2361335014193868
    vertex -0.2347099548875499 -0.6888498570799129 0.3031466357875836
  endloop
endfacet
facet normal -0.927864 -0.370942 0.0383483
  outer loop
    vertex -0.3496600998242166 -0.5387878173471164 -0.3190226761994605
    vertex -0.3320971903293514 -0.5746928698552021 -0.2413840731888029
    vertex -0.3678260346237011 -0.4854149267829925 -0.2422861657390004
  endloop
endfacet
facet normal 0.536202 -0.844089 0.00112786
  outer loop
    vertex 0.2333412595132242 -0.6899197502812747 0.3009192275566994
    vertex 0.1729783342057802 -0.728346709597409 0.2397119927977018
    vertex 0.232356172165659 -0.6906835699810062 0.197603412855349
  endloop
endfacet
facet normal -0.927677 -0.371427 -0.038164
  outer loop
    vertex -0.3677401030327253 -0.4857455827779048 0.2433420817437354
    vertex -0.3320838937857836 -0.5747167764120855 0.2425264108157056
    vertex -0.3497873534345336 -0.5384884082252372 0.3202670194565181
  endloop
endfacet
facet normal -0.693491 -0.720441 0.00589129
  outer loop
    vertex -0.2347099548875499 -0.6888498570799129 0.3031466357875836
    vertex -0.2873188824438286 -0.6386922994208495 0.2440355919053125
    vertex -0.2399533006142708 -0.6846564330272078 0.1987387123209341
  endloop
endfacet
facet normal 0.710345 -0.702606 -0.0418867
  outer loop
    vertex 0.3059854520133167 -0.6153284339718498 -0.3114899354964618
    vertex 0.2856359159546312 -0.6406234696048215 -0.2322944256424171
    vertex 0.2317729921829517 -0.6911333261108132 -0.2984910618792346
  endloop
endfacet
facet normal 0.712816 -0.700111 0.041687
  outer loop
    vertex 0.2333412595132242 -0.6899197502812747 0.3009192275566994
    vertex 0.2849447398873126 -0.6414090197478042 0.2332510171723942
    vertex 0.3060008513753391 -0.6153075208633029 0.3115684960659465
  endloop
endfacet
facet normal -0.927477 -0.371592 -0.0413152
  outer loop
    vertex -0.3320971903293514 -0.5746928698552021 -0.2413840731888029
    vertex -0.3480635466845002 -0.542485302470129 -0.1726356012062304
    vertex -0.3678260346237011 -0.4854149267829925 -0.2422861657390004
  endloop
endfacet
facet normal 0.496107 -0.867145 -0.0440163
  outer loop
    vertex 0.2317729921829517 -0.6911333261108132 -0.2984910618792346
    vertex 0.1701130634551554 -0.729796329647485 -0.2317777501383165
    vertex 0.1385600971375619 -0.7438376739145076 -0.3107890878308907
  endloop
endfacet
facet normal 0.837571 -0.546286 0.0067919
  outer loop
    vertex 0.3371880240701379 -0.5652262435358245 -0.2135686452332596
    vertex 0.3403959107100181 -0.5589101061863896 -0.1011433628691872
    vertex 0.2935418343625358 -0.6313155433847509 -0.1468479436705172
  endloop
endfacet
facet normal 0.93978 -0.341695 -0.00761853
  outer loop
    vertex 0.3701299378204071 -0.4760455061526258 -0.1498377726047797
    vertex 0.3403959107100181 -0.5589101061863896 -0.1011433628691872
    vertex 0.3371880240701379 -0.5652262435358245 -0.2135686452332596
  endloop
endfacet
facet normal -0.927294 -0.372006 0.0416928
  outer loop
    vertex -0.3677401030327253 -0.4857455827779048 0.2433420817437354
    vertex -0.3481728612435687 -0.5422355368942045 0.1745052163420715
    vertex -0.3320838937857836 -0.5747167764120855 0.2425264108157056
  endloop
endfacet
facet normal 0.941233 -0.337758 -3.09985e-05
  outer loop
    vertex 0.3701238728591785 -0.4760715907818757 -0.04977672987149162
    vertex 0.3403959107100181 -0.5589101061863896 -0.1011433628691872
    vertex 0.3701299378204071 -0.4760455061526258 -0.1498377726047797
  endloop
endfacet
facet normal 0.993483 -0.113978 3.05051e-05
  outer loop
    vertex 0.38 -0.39 -0.1000000000007782
    vertex 0.3701238728591785 -0.4760715907818757 -0.04977672987149162
    vertex 0.3701299378204071 -0.4760455061526258 -0.1498377726047797
  endloop
endfacet
facet normal 0.838577 -0.544722 -0.00819708
  outer loop
    vertex 0.3411651326283371 -0.5573509852934518 0.1000931435555291
    vertex 0.3372923162715198 -0.5650254078246728 0.2138864181571104
    vertex 0.2937465372502212 -0.6310663225203895 0.1476997068102399
  endloop
endfacet
facet normal 0.993481 -0.113995 0
  outer loop
    vertex 0.38 -0.39 -1.063038546078587e-12
    vertex 0.3701238728591785 -0.4760715907818757 -0.04977672987149162
    vertex 0.38 -0.39 -0.1000000000007782
  endloop
endfacet
facet normal 0.942108 -0.33531 0.000458451
  outer loop
    vertex 0.3702257821439154 -0.4756321799087591 0.1499717068705955
    vertex 0.3411651326283371 -0.5573509852934518 0.1000931435555291
    vertex 0.3701349519283159 -0.4760239348148135 0.05009737836231293
  endloop
endfacet
facet normal 0.940395 -0.339962 0.00907758
  outer loop
    vertex 0.3702257821439154 -0.4756321799087591 0.1499717068705955
    vertex 0.3372923162715198 -0.5650254078246728 0.2138864181571104
    vertex 0.3411651326283371 -0.5573509852934518 0.1000931435555291
  endloop
endfacet
facet normal 0.505932 -0.862573 -0.000633931
  outer loop
    vertex 0.2327402663410316 -0.690386365242342 0.09974531038619983
    vertex 0.232356172165659 -0.6906835699810062 0.197603412855349
    vertex 0.1488377196941185 -0.7396388611070787 0.1547778668261127
  endloop
endfacet
facet normal 0.993519 -0.113669 -0.000457686
  outer loop
    vertex 0.38 -0.39 0.09999999999919462
    vertex 0.3702257821439154 -0.4756321799087591 0.1499717068705955
    vertex 0.3701349519283159 -0.4760239348148135 0.05009737836231293
  endloop
endfacet
facet normal -0.993748 -0.111628 -0.0019554
  outer loop
    vertex -0.3703367417305239 -0.4751510289099269 0.05008770103077265
    vertex -0.3707057333764371 -0.4735299900744512 0.1450717212818839
    vertex -0.38 -0.39 0.09999999999919462
  endloop
endfacet
facet normal 0.519119 -0.854702 -7.50857e-05
  outer loop
    vertex 0.232792251282111 -0.6903460799527878 0.0005850000690548751
    vertex 0.2327402663410316 -0.690386365242342 0.09974531038619983
    vertex 0.1592281348061197 -0.7350310146728323 0.05036888675856133
  endloop
endfacet
facet normal -0.993835 -0.110828 0.00291268
  outer loop
    vertex -0.3709282103568773 -0.4725364329338513 -0.14514777162632
    vertex -0.3703756897775103 -0.4749814592827957 -0.04965604458931983
    vertex -0.38 -0.39 -0.1000000000007782
  endloop
endfacet
facet normal 0.938784 -0.344493 -0.00318888
  outer loop
    vertex 0.3701299378204071 -0.4760455061526258 -0.1498377726047797
    vertex 0.3371880240701379 -0.5652262435358245 -0.2135686452332596
    vertex 0.3706915668617433 -0.4735928361618727 -0.2494584021568039
  endloop
endfacet
facet normal -0.992691 -0.119637 -0.0158409
  outer loop
    vertex -0.38 -0.39 -0.2000000000004825
    vertex -0.3678260346237011 -0.4854149267829925 -0.2422861657390004
    vertex -0.3709282103568773 -0.4725364329338513 -0.14514777162632
  endloop
endfacet
facet normal 0.938952 -0.344038 0.0026331
  outer loop
    vertex 0.370687905734208 -0.4736090697376005 0.2495177818389753
    vertex 0.3372923162715198 -0.5650254078246728 0.2138864181571104
    vertex 0.3702257821439154 -0.4756321799087591 0.1499717068705955
  endloop
endfacet
facet normal 0.841825 -0.53975 0.000234022
  outer loop
    vertex 0.3411651326283371 -0.5573509852934518 0.1000931435555291
    vertex 0.2945267775304793 -0.6301124264121112 0.05028573938392827
    vertex 0.3410745735444433 -0.5575354746955883 0.0003450574677299478
  endloop
endfacet
facet normal 0.512585 -0.858536 0.0131211
  outer loop
    vertex 0.2327402663410316 -0.690386365242342 0.09974531038619983
    vertex 0.1488377196941185 -0.7396388611070787 0.1547778668261127
    vertex 0.1592281348061197 -0.7350310146728323 0.05036888675856133
  endloop
endfacet
facet normal 0.698322 -0.715784 7.52986e-05
  outer loop
    vertex 0.2945267775304793 -0.6301124264121112 0.05028573938392827
    vertex 0.2327402663410316 -0.690386365242342 0.09974531038619983
    vertex 0.232792251282111 -0.6903460799527878 0.0005850000690548751
  endloop
endfacet
facet normal 0.697705 -0.716384 -0.00142668
  outer loop
    vertex 0.2937465372502212 -0.6310663225203895 0.1476997068102399
    vertex 0.2327402663410316 -0.690386365242342 0.09974531038619983
    vertex 0.2945267775304793 -0.6301124264121112 0.05028573938392827
  endloop
endfacet
facet normal 0.841446 -0.540339 0.00144849
  outer loop
    vertex 0.3411651326283371 -0.5573509852934518 0.1000931435555291
    vertex 0.2937465372502212 -0.6310663225203895 0.1476997068102399
    vertex 0.2945267775304793 -0.6301124264121112 0.05028573938392827
  endloop
endfacet
facet normal 0.941973 -0.335688 -0.000234324
  outer loop
    vertex 0.3411651326283371 -0.5573509852934518 0.1000931435555291
    vertex 0.3410745735444433 -0.5575354746955883 0.0003450574677299478
    vertex 0.3701349519283159 -0.4760239348148135 0.05009737836231293
  endloop
endfacet
facet normal 0.841692 -0.539957 -0.000190922
  outer loop
    vertex 0.2945267775304793 -0.6301124264121112 0.05028573938392827
    vertex 0.294420958922995 -0.6302421672955523 -0.04929505468878431
    vertex 0.3410745735444433 -0.5575354746955883 0.0003450574677299478
  endloop
endfacet
facet normal -0.355525 -0.934666 0.000890031
  outer loop
    vertex -0.1738957739248592 -0.7278761012724551 0.05074913502219286
    vertex -0.09420284359508631 -0.7581383221814861 0.1043771733320071
    vertex -0.1745977877002053 -0.7275138701300942 0.150725372400444
  endloop
endfacet
facet normal -0.354735 -0.934966 0.00135465
  outer loop
    vertex -0.1737882072602577 -0.7279314412972929 -0.1469265138691522
    vertex -0.09487367536537032 -0.7579660116405676 -0.2115866352365063
    vertex -0.09354655978538101 -0.758305635515288 -0.09846739443788805
  endloop
endfacet
facet normal 0.698274 -0.715831 0.00019062
  outer loop
    vertex 0.2945267775304793 -0.6301124264121112 0.05028573938392827
    vertex 0.232792251282111 -0.6903460799527878 0.0005850000690548751
    vertex 0.294420958922995 -0.6302421672955523 -0.04929505468878431
  endloop
endfacet
facet normal 0.993699 -0.112058 -0.00233566
  outer loop
    vertex 0.370687905734208 -0.4736090697376005 0.2495177818389753
    vertex 0.3702257821439154 -0.4756321799087591 0.1499717068705955
    vertex 0.38 -0.39 0.1999999999994631
  endloop
endfacet
facet normal -0.992623 -0.120312 0.0150002
  outer loop
    vertex -0.38 -0.39 0.1999999999994631
    vertex -0.3707057333764371 -0.4735299900744512 0.1450717212818839
    vertex -0.3677401030327253 -0.4857455827779048 0.2433420817437354
  endloop
endfacet
facet normal 0.993667 -0.112327 0.00283646
  outer loop
    vertex 0.3701299378204071 -0.4760455061526258 -0.1498377726047797
    vertex 0.3706915668617433 -0.4735928361618727 -0.2494584021568039
    vertex 0.38 -0.39 -0.2000000000004825
  endloop
endfacet
facet normal 0.696904 -0.717164 0.000557256
  outer loop
    vertex 0.2937465372502212 -0.6310663225203895 0.1476997068102399
    vertex 0.232356172165659 -0.6906835699810062 0.197603412855349
    vertex 0.2327402663410316 -0.690386365242342 0.09974531038619983
  endloop
endfacet
facet normal 0.993855 -0.110692 0
  outer loop
    vertex 0.38 -0.39 0.2999999999997424
    vertex 0.370687905734208 -0.4736090697376005 0.2495177818389753
    vertex 0.38 -0.39 0.1999999999994631
  endloop
endfacet
facet normal -0.991901 -0.12701 0
  outer loop
    vertex -0.38 -0.39 0.1999999999994631
    vertex -0.3677401030327253 -0.4857455827779048 0.2433420817437354
    vertex -0.38 -0.39 0.2999999999997424
  endloop
endfacet
facet normal -0.354166 -0.935183 0.000276822
  outer loop
    vertex -0.1740020620423115 -0.7278213764773087 -0.04870192633383891
    vertex -0.1737882072602577 -0.7279314412972929 -0.1469265138691522
    vertex -0.09354655978538101 -0.758305635515288 -0.09846739443788805
  endloop
endfacet
facet normal -0.993635 -0.112646 0.000196492
  outer loop
    vertex -0.38 -0.39 -1.063038546078587e-12
    vertex -0.3703756897775103 -0.4749814592827957 -0.04965604458931983
    vertex -0.3703367417305239 -0.4751510289099269 0.05008770103077265
  endloop
endfacet
facet normal -0.991958 -0.126564 0
  outer loop
    vertex -0.38 -0.39 -0.3000000000002088
    vertex -0.3678260346237011 -0.4854149267829925 -0.2422861657390004
    vertex -0.38 -0.39 -0.2000000000004825
  endloop
endfacet
facet normal 0.698126 -0.715975 -0.000166238
  outer loop
    vertex 0.232792251282111 -0.6903460799527878 0.0005850000690548751
    vertex 0.2326769383749111 -0.6904354212613384 -0.09889151315836442
    vertex 0.294420958922995 -0.6302421672955523 -0.04929505468878431
  endloop
endfacet
facet normal -0.552072 -0.833765 0.00727118
  outer loop
    vertex -0.2405319790071671 -0.6841842400178768 -0.1981501248129943
    vertex -0.1737882072602577 -0.7279314412972929 -0.1469265138691522
    vertex -0.245645190967139 -0.6799283362396953 -0.09836384349175564
  endloop
endfacet
facet normal 0.519758 -0.854313 0.00084187
  outer loop
    vertex 0.2326769383749111 -0.6904354212613384 -0.09889151315836442
    vertex 0.1601678353422951 -0.7345957987581442 -0.1459273365268989
    vertex 0.2320994257080724 -0.6908817983627176 -0.1953184634003543
  endloop
endfacet
facet normal -0.555619 -0.831437 -0.000278033
  outer loop
    vertex -0.245645190967139 -0.6799283362396953 -0.09836384349175564
    vertex -0.1737882072602577 -0.7279314412972929 -0.1469265138691522
    vertex -0.1740020620423115 -0.7278213764773087 -0.04870192633383891
  endloop
endfacet
facet normal 0.993485 -0.11396 0
  outer loop
    vertex 0.38 -0.39 -0.1000000000007782
    vertex 0.3701299378204071 -0.4760455061526258 -0.1498377726047797
    vertex 0.38 -0.39 -0.2000000000004825
  endloop
endfacet
facet normal -0.994014 -0.109255 0
  outer loop
    vertex -0.38 -0.39 -0.2000000000004825
    vertex -0.3709282103568773 -0.4725364329338513 -0.14514777162632
    vertex -0.38 -0.39 -0.1000000000007782
  endloop
endfacet
facet normal 0.993485 -0.113963 -5.58288e-05
  outer loop
    vertex 0.3701349519283159 -0.4760239348148135 0.05009737836231293
    vertex 0.3701238728591785 -0.4760715907818757 -0.04977672987149162
    vertex 0.38 -0.39 -1.063038546078587e-12
  endloop
endfacet
facet normal 0.318451 -0.94791 0.0074749
  outer loop
    vertex 0.07735902159515334 -0.7620424462045166 -0.0986176926385125
    vertex 0.08490032857884507 -0.7603942955921489 -0.2108922540460718
    vertex 0.1601678353422951 -0.7345957987581442 -0.1459273365268989
  endloop
endfacet
facet normal 0.993489 -0.113931 0
  outer loop
    vertex 0.38 -0.39 0.09999999999919462
    vertex 0.3701349519283159 -0.4760239348148135 0.05009737836231293
    vertex 0.38 -0.39 -1.063038546078587e-12
  endloop
endfacet
facet normal -0.993622 -0.11276 0
  outer loop
    vertex -0.38 -0.39 -1.063038546078587e-12
    vertex -0.3703367417305239 -0.4751510289099269 0.05008770103077265
    vertex -0.38 -0.39 0.09999999999919462
  endloop
endfacet
facet normal -0.726946 -0.686648 -0.00796424
  outer loop
    vertex -0.3057780084622813 -0.6156098613554847 -0.154970948243385
    vertex -0.2405319790071671 -0.6841842400178768 -0.1981501248129943
    vertex -0.245645190967139 -0.6799283362396953 -0.09836384349175564
  endloop
endfacet
facet normal -0.555786 -0.831325 -0.000890589
  outer loop
    vertex -0.1738957739248592 -0.7278761012724551 0.05074913502219286
    vertex -0.1745977877002053 -0.7275138701300942 0.150725372400444
    vertex -0.2454614119108049 -0.680083945199927 0.1005801640786605
  endloop
endfacet
facet normal 0.0960262 -0.995345 -0.00816139
  outer loop
    vertex 0.07735902159515334 -0.7620424462045166 -0.0986176926385125
    vertex -0.008376228403240368 -0.769907671412064 -0.1481453360313865
    vertex 0.08490032857884507 -0.7603942955921489 -0.2108922540460718
  endloop
endfacet
facet normal 0.993857 -0.11067 0
  outer loop
    vertex 0.38 -0.39 -0.2000000000004825
    vertex 0.3706915668617433 -0.4735928361618727 -0.2494584021568039
    vertex 0.38 -0.39 -0.3000000000002088
  endloop
endfacet
facet normal 0.518965 -0.854796 0.000166122
  outer loop
    vertex 0.232792251282111 -0.6903460799527878 0.0005850000690548751
    vertex 0.1591394210375454 -0.7350719412989628 -0.04905187692686952
    vertex 0.2326769383749111 -0.6904354212613384 -0.09889151315836442
  endloop
endfacet
facet normal 0.313928 -0.949446 -0.00133391
  outer loop
    vertex 0.07735902159515334 -0.7620424462045166 -0.0986176926385125
    vertex 0.1601678353422951 -0.7345957987581442 -0.1459273365268989
    vertex 0.1591394210375454 -0.7350719412989628 -0.04905187692686952
  endloop
endfacet
facet normal 0.696405 -0.717649 -0.000848732
  outer loop
    vertex 0.2326769383749111 -0.6904354212613384 -0.09889151315836442
    vertex 0.2320994257080724 -0.6908817983627176 -0.1953184634003543
    vertex 0.2935418343625358 -0.6313155433847509 -0.1468479436705172
  endloop
endfacet
facet normal -0.3545 -0.935055 -0.000851703
  outer loop
    vertex -0.09344495957882175 -0.7583314262037824 0.0009288500703852343
    vertex -0.09420284359508631 -0.7581383221814861 0.1043771733320071
    vertex -0.1738957739248592 -0.7278761012724551 0.05074913502219286
  endloop
endfacet
facet normal 0.307313 -0.95154 -0.0114112
  outer loop
    vertex 0.1488377196941185 -0.7396388611070787 0.1547778668261127
    vertex 0.07757786191721631 -0.761996875444342 0.1000458005371102
    vertex 0.1592281348061197 -0.7350310146728323 0.05036888675856133
  endloop
endfacet
facet normal 0.313405 -0.949619 0.000111258
  outer loop
    vertex 0.1592281348061197 -0.7350310146728323 0.05036888675856133
    vertex 0.07747271551482367 -0.7620187876314303 0.0007320479811471214
    vertex 0.1591394210375454 -0.7350719412989628 -0.04905187692686952
  endloop
endfacet
facet normal 0.993549 -0.113406 0
  outer loop
    vertex 0.38 -0.39 0.1999999999994631
    vertex 0.3702257821439154 -0.4756321799087591 0.1499717068705955
    vertex 0.38 -0.39 0.09999999999919462
  endloop
endfacet
facet normal -0.993867 -0.110586 0
  outer loop
    vertex -0.38 -0.39 0.09999999999919462
    vertex -0.3707057333764371 -0.4735299900744512 0.1450717212818839
    vertex -0.38 -0.39 0.1999999999994631
  endloop
endfacet
facet normal -0.993648 -0.112533 0
  outer loop
    vertex -0.38 -0.39 -0.1000000000007782
    vertex -0.3703756897775103 -0.4749814592827957 -0.04965604458931983
    vertex -0.38 -0.39 -1.063038546078587e-12
  endloop
endfacet
facet normal 0.519101 -0.854713 -0.000111354
  outer loop
    vertex 0.232792251282111 -0.6903460799527878 0.0005850000690548751
    vertex 0.1592281348061197 -0.7350310146728323 0.05036888675856133
    vertex 0.1591394210375454 -0.7350719412989628 -0.04905187692686952
  endloop
endfacet
facet normal 0.519534 -0.854449 0.00131567
  outer loop
    vertex 0.1591394210375454 -0.7350719412989628 -0.04905187692686952
    vertex 0.1601678353422951 -0.7345957987581442 -0.1459273365268989
    vertex 0.2326769383749111 -0.6904354212613384 -0.09889151315836442
  endloop
endfacet
facet normal 0.313271 -0.949664 -0.000132354
  outer loop
    vertex 0.07747271551482367 -0.7620187876314303 0.0007320479811471214
    vertex 0.07735902159515334 -0.7620424462045166 -0.0986176926385125
    vertex 0.1591394210375454 -0.7350719412989628 -0.04905187692686952
  endloop
endfacet
facet normal -0.135766 -0.99074 -0.00138174
  outer loop
    vertex -0.09487367536537032 -0.7579660116405676 -0.2115866352365063
    vertex -0.008376228403240368 -0.769907671412064 -0.1481453360313865
    vertex -0.09354655978538101 -0.758305635515288 -0.09846739443788805
  endloop
endfacet
facet normal -0.55237 -0.833562 -0.0078336
  outer loop
    vertex -0.1745977877002053 -0.7275138701300942 0.150725372400444
    vertex -0.2399533006142708 -0.6846564330272078 0.1987387123209341
    vertex -0.2454614119108049 -0.680083945199927 0.1005801640786605
  endloop
endfacet
facet normal 0.697397 -0.716683 0.00160089
  outer loop
    vertex 0.2326769383749111 -0.6904354212613384 -0.09889151315836442
    vertex 0.2935418343625358 -0.6313155433847509 -0.1468479436705172
    vertex 0.294420958922995 -0.6302421672955523 -0.04929505468878431
  endloop
endfacet
facet normal -0.135625 -0.99076 -0.00017827
  outer loop
    vertex -0.008113300703279959 -0.76991337743188 0.05049506561357842
    vertex -0.008267548625586421 -0.7699100520382733 0.1493629482700172
    vertex -0.09420284359508631 -0.7581383221814861 0.1043771733320071
  endloop
endfacet
facet normal 0.0919222 -0.995766 0.000122381
  outer loop
    vertex 0.07747271551482367 -0.7620187876314303 0.0007320479811471214
    vertex 0.07757786191721631 -0.761996875444342 0.1000458005371102
    vertex -0.008113300703279959 -0.76991337743188 0.05049506561357842
  endloop
endfacet
facet normal 0.0915931 -0.995797 0.000132316
  outer loop
    vertex 0.07747271551482367 -0.7620187876314303 0.0007320479811471214
    vertex -0.008252651358803436 -0.7699103759382599 -0.04884825168378409
    vertex 0.07735902159515334 -0.7620424462045166 -0.0986176926385125
  endloop
endfacet
facet normal 0.313533 -0.949577 -0.000122436
  outer loop
    vertex 0.1592281348061197 -0.7350310146728323 0.05036888675856133
    vertex 0.07757786191721631 -0.761996875444342 0.1000458005371102
    vertex 0.07747271551482367 -0.7620187876314303 0.0007320479811471214
  endloop
endfacet
facet normal 0.091891 -0.995769 0.000176855
  outer loop
    vertex -0.008113300703279959 -0.76991337743188 0.05049506561357842
    vertex 0.07757786191721631 -0.761996875444342 0.1000458005371102
    vertex -0.008267548625586421 -0.7699100520382733 0.1493629482700172
  endloop
endfacet
facet normal -0.134986 -0.990847 0.000860648
  outer loop
    vertex -0.008113300703279959 -0.76991337743188 0.05049506561357842
    vertex -0.09420284359508631 -0.7581383221814861 0.1043771733320071
    vertex -0.09344495957882175 -0.7583314262037824 0.0009288500703852343
  endloop
endfacet
facet normal 0.0917601 -0.995781 -0.000158799
  outer loop
    vertex 0.07747271551482367 -0.7620187876314303 0.0007320479811471214
    vertex -0.008113300703279959 -0.76991337743188 0.05049506561357842
    vertex -0.008252651358803436 -0.7699103759382599 -0.04884825168378409
  endloop
endfacet
facet normal 0.0914356 -0.995811 -0.000140916
  outer loop
    vertex -0.008252651358803436 -0.7699103759382599 -0.04884825168378409
    vertex -0.008376228403240368 -0.769907671412064 -0.1481453360313865
    vertex 0.07735902159515334 -0.7620424462045166 -0.0986176926385125
  endloop
endfacet
facet normal -0.382428 -0.923263 -0.0365413
  outer loop
    vertex -0.09835123555362253 -0.7570518144146352 -0.4
    vertex -0.1432993739533717 -0.7419450090917212 -0.3112818673503257
    vertex -0.1899999988819988 -0.719089654083565 -0.4
  endloop
endfacet
facet normal -0.382401 -0.923197 0.0384252
  outer loop
    vertex -0.1899999988819988 -0.719089654083565 0.4
    vertex -0.1438297807170697 -0.7417285802701845 0.3155589145720704
    vertex -0.09835123555362253 -0.7570518144146352 0.4
  endloop
endfacet
facet normal 0.382398 -0.923191 0.038591
  outer loop
    vertex 0.0983512387255788 -0.7570518135647122 0.4
    vertex 0.142676486804107 -0.7421979842549322 0.3161208476634394
    vertex 0.1900000012045686 -0.7190896527426287 0.4
  endloop
endfacet
facet normal 0.382441 -0.923294 -0.0356119
  outer loop
    vertex 0.1900000012045686 -0.7190896527426287 -0.4
    vertex 0.1385600971375619 -0.7438376739145076 -0.3107890878308907
    vertex 0.0983512387255788 -0.7570518135647122 -0.4
  endloop
endfacet
facet normal 0.253982 -0.966503 -0.0369397
  outer loop
    vertex 0.0983512387255788 -0.7570518135647122 0.4
    vertex 0.04896489600923403 -0.7668321097767611 0.3163356787950073
    vertex 0.142676486804107 -0.7421979842549322 0.3161208476634394
  endloop
endfacet
facet normal 0.130428 -0.990697 0.0388214
  outer loop
    vertex 1.92061072272963e-09 -0.77 0.4
    vertex 0.04896489600923403 -0.7668321097767611 0.3163356787950073
    vertex 0.0983512387255788 -0.7570518135647122 0.4
  endloop
endfacet
facet normal 0.130437 -0.990769 -0.0369074
  outer loop
    vertex 0.0983512387255788 -0.7570518135647122 -0.4
    vertex 0.04522327278587491 -0.7672994243283898 -0.3126691739880196
    vertex 1.92061072272963e-09 -0.77 -0.4
  endloop
endfacet
facet normal 0.242996 -0.969429 0.034072
  outer loop
    vertex 0.1385600971375619 -0.7438376739145076 -0.3107890878308907
    vertex 0.04522327278587491 -0.7672994243283898 -0.3126691739880196
    vertex 0.0983512387255788 -0.7570518135647122 -0.4
  endloop
endfacet
facet normal 0.941917 -0.335845 5.57647e-05
  outer loop
    vertex 0.3410745735444433 -0.5575354746955883 0.0003450574677299478
    vertex 0.3701238728591785 -0.4760715907818757 -0.04977672987149162
    vertex 0.3701349519283159 -0.4760239348148135 0.05009737836231293
  endloop
endfacet
facet normal -0.130429 -0.990706 0.0386094
  outer loop
    vertex -0.09835123555362253 -0.7570518144146352 0.4
    vertex -0.04911705495439779 -0.7668123072732719 0.3158698626959308
    vertex 1.92061072272963e-09 -0.77 0.4
  endloop
endfacet
facet normal -0.255718 -0.966021 -0.0375753
  outer loop
    vertex -0.1438297807170697 -0.7417285802701845 0.3155589145720704
    vertex -0.04911705495439779 -0.7668123072732719 0.3158698626959308
    vertex -0.09835123555362253 -0.7570518144146352 0.4
  endloop
endfacet
facet normal -0.134894 -0.99086 0.000140891
  outer loop
    vertex -0.09354655978538101 -0.758305635515288 -0.09846739443788805
    vertex -0.008376228403240368 -0.769907671412064 -0.1481453360313865
    vertex -0.008252651358803436 -0.7699103759382599 -0.04884825168378409
  endloop
endfacet
facet normal -0.130433 -0.990735 -0.0378415
  outer loop
    vertex 1.92061072272963e-09 -0.77 -0.4
    vertex -0.04959995127792038 -0.7667490475545067 -0.3141518938330367
    vertex -0.09835123555362253 -0.7570518144146352 -0.4
  endloop
endfacet
facet normal -0.254727 -0.966361 0.0354958
  outer loop
    vertex -0.09835123555362253 -0.7570518144146352 -0.4
    vertex -0.04959995127792038 -0.7667490475545067 -0.3141518938330367
    vertex -0.1432993739533717 -0.7419450090917212 -0.3112818673503257
  endloop
endfacet
facet normal -2.19934e-05 -0.999283 -0.03785
  outer loop
    vertex -0.04911705495439779 -0.7668123072732719 0.3158698626959308
    vertex 0.04896489600923403 -0.7668321097767611 0.3163356787950073
    vertex 1.92061072272963e-09 -0.77 0.4
  endloop
endfacet
facet normal -0.00633528 -0.999395 0.0341855
  outer loop
    vertex 1.92061072272963e-09 -0.77 -0.4
    vertex 0.04522327278587491 -0.7672994243283898 -0.3126691739880196
    vertex -0.04959995127792038 -0.7667490475545067 -0.3141518938330367
  endloop
endfacet
facet normal -0.134746 -0.99088 -0.000119374
  outer loop
    vertex -0.09344495957882175 -0.7583314262037824 0.0009288500703852343
    vertex -0.09354655978538101 -0.758305635515288 -0.09846739443788805
    vertex -0.008252651358803436 -0.7699103759382599 -0.04884825168378409
  endloop
endfacet
facet normal -0.729549 -0.683926 -0.00210647
  outer loop
    vertex -0.3046125403206422 -0.6171809857347333 -0.04850521038743866
    vertex -0.3057780084622813 -0.6156098613554847 -0.154970948243385
    vertex -0.245645190967139 -0.6799283362396953 -0.09836384349175564
  endloop
endfacet
facet normal -0.555431 -0.831562 -0.00015336
  outer loop
    vertex -0.1738957739248592 -0.7278761012724551 0.05074913502219286
    vertex -0.2454614119108049 -0.680083945199927 0.1005801640786605
    vertex -0.2455641421360305 -0.6799969863584714 0.001127083921718952
  endloop
endfacet
facet normal -0.354113 -0.935203 -0.000136155
  outer loop
    vertex -0.09344495957882175 -0.7583314262037824 0.0009288500703852343
    vertex -0.1738957739248592 -0.7278761012724551 0.05074913502219286
    vertex -0.1740020620423115 -0.7278213764773087 -0.04870192633383891
  endloop
endfacet
facet normal 0.254118 -0.966353 0.0398275
  outer loop
    vertex 0.04896489600923403 -0.7668321097767611 0.3163356787950073
    vertex 0.09622483080023762 -0.7576149914482075 0.2384342099245405
    vertex 0.142676486804107 -0.7421979842549322 0.3161208476634394
  endloop
endfacet
facet normal 0.941567 -0.336821 -0.0017342
  outer loop
    vertex 0.3410745735444433 -0.5575354746955883 0.0003450574677299478
    vertex 0.3403959107100181 -0.5589101061863896 -0.1011433628691872
    vertex 0.3701238728591785 -0.4760715907818757 -0.04977672987149162
  endloop
endfacet
facet normal 0.608436 -0.792929 0.0327078
  outer loop
    vertex 0.1900000012045686 -0.7190896527426287 0.4
    vertex 0.2333412595132242 -0.6899197502812747 0.3009192275566994
    vertex 0.2687005776096211 -0.6587005760921552 0.4
  endloop
endfacet
facet normal -0.498386 -0.866017 -0.0403226
  outer loop
    vertex -0.1899999988819988 -0.719089654083565 0.4
    vertex -0.2347099548875499 -0.6888498570799129 0.3031466357875836
    vertex -0.1438297807170697 -0.7417285802701845 0.3155589145720704
  endloop
endfacet
facet normal -0.608424 -0.792913 0.0332984
  outer loop
    vertex -0.2687005761538708 -0.6587005775479053 0.4
    vertex -0.2347099548875499 -0.6888498570799129 0.3031466357875836
    vertex -0.1899999988819988 -0.719089654083565 0.4
  endloop
endfacet
facet normal 0.494146 -0.86848 -0.0395287
  outer loop
    vertex 0.142676486804107 -0.7421979842549322 0.3161208476634394
    vertex 0.2333412595132242 -0.6899197502812747 0.3009192275566994
    vertex 0.1900000012045686 -0.7190896527426287 0.4
  endloop
endfacet
facet normal -0.255981 -0.966152 0.0320156
  outer loop
    vertex -0.1438297807170697 -0.7417285802701845 0.3155589145720704
    vertex -0.09427564151472199 -0.758119686266556 0.2171262498280814
    vertex -0.04911705495439779 -0.7668123072732719 0.3158698626959308
  endloop
endfacet
facet normal -0.134586 -0.990902 0.000158848
  outer loop
    vertex -0.008113300703279959 -0.76991337743188 0.05049506561357842
    vertex -0.09344495957882175 -0.7583314262037824 0.0009288500703852343
    vertex -0.008252651358803436 -0.7699103759382599 -0.04884825168378409
  endloop
endfacet
facet normal -0.555694 -0.831387 -0.000120981
  outer loop
    vertex -0.2455641421360305 -0.6799969863584714 0.001127083921718952
    vertex -0.245645190967139 -0.6799283362396953 -0.09836384349175564
    vertex -0.1740020620423115 -0.7278213764773087 -0.04870192633383891
  endloop
endfacet
facet normal -0.354251 -0.93515 0.000119459
  outer loop
    vertex -0.09344495957882175 -0.7583314262037824 0.0009288500703852343
    vertex -0.1740020620423115 -0.7278213764773087 -0.04870192633383891
    vertex -0.09354655978538101 -0.758305635515288 -0.09846739443788805
  endloop
endfacet
facet normal 0.60845 -0.792947 -0.0320058
  outer loop
    vertex 0.2687005776096211 -0.6587005760921552 -0.4
    vertex 0.2317729921829517 -0.6911333261108132 -0.2984910618792346
    vertex 0.1900000012045686 -0.7190896527426287 -0.4
  endloop
endfacet
facet normal -0.608431 -0.792923 -0.0329293
  outer loop
    vertex -0.1899999988819988 -0.719089654083565 -0.4
    vertex -0.2346806942564779 -0.6888728354054572 -0.3020471122758529
    vertex -0.2687005761538708 -0.6587005775479053 -0.4
  endloop
endfacet
facet normal -0.498837 -0.865793 0.0395408
  outer loop
    vertex -0.1432993739533717 -0.7419450090917212 -0.3112818673503257
    vertex -0.2346806942564779 -0.6888728354054572 -0.3020471122758529
    vertex -0.1899999988819988 -0.719089654083565 -0.4
  endloop
endfacet
facet normal 0.487864 -0.87203 0.0393975
  outer loop
    vertex 0.1900000012045686 -0.7190896527426287 -0.4
    vertex 0.2317729921829517 -0.6911333261108132 -0.2984910618792346
    vertex 0.1385600971375619 -0.7438376739145076 -0.3107890878308907
  endloop
endfacet
facet normal -0.55557 -0.83147 0.000136233
  outer loop
    vertex -0.1738957739248592 -0.7278761012724551 0.05074913502219286
    vertex -0.2455641421360305 -0.6799969863584714 0.001127083921718952
    vertex -0.1740020620423115 -0.7278213764773087 -0.04870192633383891
  endloop
endfacet
facet normal -0.728668 -0.684868 0.00012103
  outer loop
    vertex -0.2455641421360305 -0.6799969863584714 0.001127083921718952
    vertex -0.3046125403206422 -0.6171809857347333 -0.04850521038743866
    vertex -0.245645190967139 -0.6799283362396953 -0.09836384349175564
  endloop
endfacet
facet normal -0.792732 -0.608284 0.0395778
  outer loop
    vertex -0.3290896531399333 -0.5800000005164169 0.4
    vertex -0.3034227416266832 -0.6187676547585936 0.3182677200107246
    vertex -0.2687005761538708 -0.6587005775479053 0.4
  endloop
endfacet
facet normal 0.792842 -0.608369 0.0358948
  outer loop
    vertex 0.2687005776096211 -0.6587005760921552 0.4
    vertex 0.3060008513753391 -0.6153075208633029 0.3115684960659465
    vertex 0.3290896537906235 -0.5799999993893883 0.4
  endloop
endfacet
facet normal -0.725319 -0.688359 0.00863528
  outer loop
    vertex -0.2399533006142708 -0.6846564330272078 0.1987387123209341
    vertex -0.3050640260065015 -0.6165743587361655 0.1569137783010175
    vertex -0.2454614119108049 -0.680083945199927 0.1005801640786605
  endloop
endfacet
facet normal 0.841104 -0.540871 0.00170141
  outer loop
    vertex 0.294420958922995 -0.6302421672955523 -0.04929505468878431
    vertex 0.3403959107100181 -0.5589101061863896 -0.1011433628691872
    vertex 0.3410745735444433 -0.5575354746955883 0.0003450574677299478
  endloop
endfacet
facet normal -0.792736 -0.608288 -0.0394512
  outer loop
    vertex -0.2687005761538708 -0.6587005775479053 -0.4
    vertex -0.303409448110757 -0.6187852853597142 -0.3180001564600603
    vertex -0.3290896531399333 -0.5800000005164169 -0.4
  endloop
endfacet
facet normal 0.792843 -0.60837 -0.0358688
  outer loop
    vertex 0.3290896537906235 -0.5799999993893883 -0.4
    vertex 0.3059854520133167 -0.6153284339718498 -0.3114899354964618
    vertex 0.2687005776096211 -0.6587005760921552 -0.4
  endloop
endfacet
facet normal 0.840011 -0.542567 -0.00160011
  outer loop
    vertex 0.2935418343625358 -0.6313155433847509 -0.1468479436705172
    vertex 0.3403959107100181 -0.5589101061863896 -0.1011433628691872
    vertex 0.294420958922995 -0.6302421672955523 -0.04929505468878431
  endloop
endfacet
facet normal -0.726922 -0.68672 0.000150428
  outer loop
    vertex -0.2454614119108049 -0.680083945199927 0.1005801640786605
    vertex -0.3035251044921304 -0.6186318239944767 0.05144981803358339
    vertex -0.2455641421360305 -0.6799969863584714 0.001127083921718952
  endloop
endfacet
facet normal -0.717391 -0.695782 -0.0351791
  outer loop
    vertex -0.3034227416266832 -0.6187676547585936 0.3182677200107246
    vertex -0.2347099548875499 -0.6888498570799129 0.3031466357875836
    vertex -0.2687005761538708 -0.6587005775479053 0.4
  endloop
endfacet
facet normal 0.718592 -0.694413 -0.0376452
  outer loop
    vertex 0.2687005776096211 -0.6587005760921552 0.4
    vertex 0.2333412595132242 -0.6899197502812747 0.3009192275566994
    vertex 0.3060008513753391 -0.6153075208633029 0.3115684960659465
  endloop
endfacet
facet normal -0.727815 -0.68577 -0.00203581
  outer loop
    vertex -0.2455641421360305 -0.6799969863584714 0.001127083921718952
    vertex -0.3035251044921304 -0.6186318239944767 0.05144981803358339
    vertex -0.3046125403206422 -0.6171809857347333 -0.04850521038743866
  endloop
endfacet
facet normal -0.71752 -0.695662 0.0349175
  outer loop
    vertex -0.2687005761538708 -0.6587005775479053 -0.4
    vertex -0.2346806942564779 -0.6888728354054572 -0.3020471122758529
    vertex -0.303409448110757 -0.6187852853597142 -0.3180001564600603
  endloop
endfacet
facet normal 0.717346 -0.695641 0.0386992
  outer loop
    vertex 0.3059854520133167 -0.6153284339718498 -0.3114899354964618
    vertex 0.2317729921829517 -0.6911333261108132 -0.2984910618792346
    vertex 0.2687005776096211 -0.6587005760921552 -0.4
  endloop
endfacet
facet normal -0.727957 -0.685617 0.00275321
  outer loop
    vertex -0.3050640260065015 -0.6165743587361655 0.1569137783010175
    vertex -0.3035251044921304 -0.6186318239944767 0.05144981803358339
    vertex -0.2454614119108049 -0.680083945199927 0.1005801640786605
  endloop
endfacet
facet normal -0.360254 -0.932836 0.00581519
  outer loop
    vertex -0.09427564151472199 -0.758119686266556 0.2171262498280814
    vertex -0.1784452830376426 -0.7254955751744211 0.2361335014193868
    vertex -0.1745977877002053 -0.7275138701300942 0.150725372400444
  endloop
endfacet
facet normal 0.923175 -0.382392 -0.0390375
  outer loop
    vertex 0.3670518140747872 -0.4883512368219527 -0.4
    vertex 0.3520996115293921 -0.5329190804646152 -0.3170318648940139
    vertex 0.3290896537906235 -0.5799999993893883 -0.4
  endloop
endfacet
facet normal 0.923174 -0.382391 0.0390706
  outer loop
    vertex 0.3290896537906235 -0.5799999993893883 0.4
    vertex 0.3521160190577983 -0.5328786517394682 0.3171103091435246
    vertex 0.3670518140747872 -0.4883512368219527 0.4
  endloop
endfacet
facet normal -0.923119 -0.382369 0.0405569
  outer loop
    vertex -0.3670518139314771 -0.4883512373567934 0.4
    vertex -0.3497873534345336 -0.5384884082252372 0.3202670194565181
    vertex -0.3290896531399333 -0.5800000005164169 0.4
  endloop
endfacet
facet normal -0.923144 -0.382379 -0.0398978
  outer loop
    vertex -0.3290896531399333 -0.5800000005164169 -0.4
    vertex -0.3496600998242166 -0.5387878173471164 -0.3190226761994605
    vertex -0.3670518139314771 -0.4883512373567934 -0.4
  endloop
endfacet
facet normal 0.137273 -0.989955 -0.0338507
  outer loop
    vertex 0.04896489600923403 -0.7668321097767611 0.3163356787950073
    vertex 0.006671282775204262 -0.7699414349424569 0.2357558675102637
    vertex 0.09622483080023762 -0.7576149914482075 0.2384342099245405
  endloop
endfacet
facet normal -0.109421 -0.993292 -0.0374001
  outer loop
    vertex -0.09427564151472199 -0.758119686266556 0.2171262498280814
    vertex 0.006671282775204262 -0.7699414349424569 0.2357558675102637
    vertex -0.04911705495439779 -0.7668123072732719 0.3158698626959308
  endloop
endfacet
facet normal -0.131527 -0.991286 -0.00726489
  outer loop
    vertex -0.09487367536537032 -0.7579660116405676 -0.2115866352365063
    vertex -0.002813308440061534 -0.7699895857725855 -0.2376816052173649
    vertex -0.008376228403240368 -0.769907671412064 -0.1481453360313865
  endloop
endfacet
facet normal -0.362113 -0.932091 -0.00898602
  outer loop
    vertex -0.1737882072602577 -0.7279314412972929 -0.1469265138691522
    vertex -0.179960897765579 -0.7246850389177963 -0.2349220563754087
    vertex -0.09487367536537032 -0.7579660116405676 -0.2115866352365063
  endloop
endfacet
facet normal 0.873133 -0.486309 0.0338097
  outer loop
    vertex 0.3290896537906235 -0.5799999993893883 -0.4
    vertex 0.3520996115293921 -0.5329190804646152 -0.3170318648940139
    vertex 0.3059854520133167 -0.6153284339718498 -0.3114899354964618
  endloop
endfacet
facet normal 0.873177 -0.486227 -0.0338471
  outer loop
    vertex 0.3060008513753391 -0.6153075208633029 0.3115684960659465
    vertex 0.3521160190577983 -0.5328786517394682 0.3171103091435246
    vertex 0.3290896537906235 -0.5799999993893883 0.4
  endloop
endfacet
facet normal -0.865798 -0.499159 -0.0351283
  outer loop
    vertex -0.3290896531399333 -0.5800000005164169 0.4
    vertex -0.3497873534345336 -0.5384884082252372 0.3202670194565181
    vertex -0.3034227416266832 -0.6187676547585936 0.3182677200107246
  endloop
endfacet
facet normal -0.865399 -0.49989 0.0345764
  outer loop
    vertex -0.303409448110757 -0.6187852853597142 -0.3180001564600603
    vertex -0.3496600998242166 -0.5387878173471164 -0.3190226761994605
    vertex -0.3290896531399333 -0.5800000005164169 -0.4
  endloop
endfacet
facet normal 0.827162 -0.561754 -0.0153395
  outer loop
    vertex 0.2935418343625358 -0.6313155433847509 -0.1468479436705172
    vertex 0.2856359159546312 -0.6406234696048215 -0.2322944256424171
    vertex 0.3371880240701379 -0.5652262435358245 -0.2135686452332596
  endloop
endfacet
facet normal -0.505256 -0.861644 -0.0478195
  outer loop
    vertex -0.1432993739533717 -0.7419450090917212 -0.3112818673503257
    vertex -0.179960897765579 -0.7246850389177963 -0.2349220563754087
    vertex -0.2346806942564779 -0.6888728354054572 -0.3020471122758529
  endloop
endfacet
facet normal 0.334904 -0.94215 -0.0138744
  outer loop
    vertex 0.08490032857884507 -0.7603942955921489 -0.2108922540460718
    vertex 0.1701130634551554 -0.729796329647485 -0.2317777501383165
    vertex 0.1601678353422951 -0.7345957987581442 -0.1459273365268989
  endloop
endfacet
facet normal 0.826773 -0.562277 0.0170848
  outer loop
    vertex 0.3372923162715198 -0.5650254078246728 0.2138864181571104
    vertex 0.2849447398873126 -0.6414090197478042 0.2332510171723942
    vertex 0.2937465372502212 -0.6310663225203895 0.1476997068102399
  endloop
endfacet
facet normal 0.273701 -0.961199 -0.0344079
  outer loop
    vertex 0.09622483080023762 -0.7576149914482075 0.2384342099245405
    vertex 0.06224387593825333 -0.7648675764962654 0.1707334973925988
    vertex 0.1488377196941185 -0.7396388611070787 0.1547778668261127
  endloop
endfacet
facet normal -0.506992 -0.860773 0.0450342
  outer loop
    vertex -0.2347099548875499 -0.6888498570799129 0.3031466357875836
    vertex -0.1784452830376426 -0.7254955751744211 0.2361335014193868
    vertex -0.1438297807170697 -0.7417285802701845 0.3155589145720704
  endloop
endfacet
facet normal 0.995355 -0.0962691 0
  outer loop
    vertex 0.38 -0.39 -0.3000000000002088
    vertex 0.3729565199445598 -0.4628246814675023 -0.3266171357754326
    vertex 0.38 -0.39 -0.4
  endloop
endfacet
facet normal 0.99086 -0.130449 -0.0343516
  outer loop
    vertex 0.38 -0.39 -0.4
    vertex 0.3729565199445598 -0.4628246814675023 -0.3266171357754326
    vertex 0.3670518140747872 -0.4883512368219527 -0.4
  endloop
endfacet
facet normal 0.995359 -0.0962268 0
  outer loop
    vertex 0.38 -0.39 0.4
    vertex 0.372962698950501 -0.4627930298281226 0.3266489249585272
    vertex 0.38 -0.39 0.2999999999997424
  endloop
endfacet
facet normal -0.995359 -0.0962268 0
  outer loop
    vertex -0.38 -0.39 0.2999999999997424
    vertex -0.3729626989377775 -0.4627930298933131 0.3266489250732202
    vertex -0.38 -0.39 0.4
  endloop
endfacet
facet normal -0.995359 -0.0962269 0
  outer loop
    vertex -0.38 -0.39 -0.4
    vertex -0.3729626989374327 -0.4627930298950793 -0.3266489250773437
    vertex -0.38 -0.39 -0.3000000000002088
  endloop
endfacet
facet normal 0.990858 -0.130449 0.0343936
  outer loop
    vertex 0.3670518140747872 -0.4883512368219527 0.4
    vertex 0.372962698950501 -0.4627930298281226 0.3266489249585272
    vertex 0.38 -0.39 0.4
  endloop
endfacet
facet normal -0.990858 -0.130449 0.0343936
  outer loop
    vertex -0.38 -0.39 0.4
    vertex -0.3729626989377775 -0.4627930298933131 0.3266489250732202
    vertex -0.3670518139314771 -0.4883512373567934 0.4
  endloop
endfacet
facet normal -0.990858 -0.130449 -0.0343936
  outer loop
    vertex -0.3670518139314771 -0.4883512373567934 -0.4
    vertex -0.3729626989374327 -0.4627930298950793 -0.3266489250773437
    vertex -0.38 -0.39 -0.4
  endloop
endfacet
facet normal -0.947828 -0.31877 -0.00267778
  outer loop
    vertex -0.3709282103568773 -0.4725364329338513 -0.14514777162632
    vertex -0.3459544614244614 -0.5472116745681149 -0.09533493763544965
    vertex -0.3703756897775103 -0.4749814592827957 -0.04965604458931983
  endloop
endfacet
facet normal 0.504538 -0.862279 0.0437748
  outer loop
    vertex 0.142676486804107 -0.7421979842549322 0.3161208476634394
    vertex 0.1729783342057802 -0.728346709597409 0.2397119927977018
    vertex 0.2333412595132242 -0.6899197502812747 0.3009192275566994
  endloop
endfacet
facet normal -0.949113 -0.314729 0.0114159
  outer loop
    vertex -0.3678260346237011 -0.4854149267829925 -0.2422861657390004
    vertex -0.3480635466845002 -0.542485302470129 -0.1726356012062304
    vertex -0.3709282103568773 -0.4725364329338513 -0.14514777162632
  endloop
endfacet
facet normal -0.947259 -0.320464 0.00178929
  outer loop
    vertex -0.3703367417305239 -0.4751510289099269 0.05008770103077265
    vertex -0.3456238372616781 -0.5479372125767487 0.09713343693096305
    vertex -0.3707057333764371 -0.4735299900744512 0.1450717212818839
  endloop
endfacet
facet normal -0.945873 -0.324538 -0.000182386
  outer loop
    vertex -0.3703756897775103 -0.4749814592827957 -0.04965604458931983
    vertex -0.344567418901757 -0.5502288795173365 0.001368698153134673
    vertex -0.3703367417305239 -0.4751510289099269 0.05008770103077265
  endloop
endfacet
facet normal -0.864971 -0.500542 -0.0358144
  outer loop
    vertex -0.303409448110757 -0.6187852853597142 -0.3180001564600603
    vertex -0.3320971903293514 -0.5746928698552021 -0.2413840731888029
    vertex -0.3496600998242166 -0.5387878173471164 -0.3190226761994605
  endloop
endfacet
facet normal -0.946635 -0.322287 0.00352227
  outer loop
    vertex -0.3703756897775103 -0.4749814592827957 -0.04965604458931983
    vertex -0.3459544614244614 -0.5472116745681149 -0.09533493763544965
    vertex -0.344567418901757 -0.5502288795173365 0.001368698153134673
  endloop
endfacet
facet normal -0.859926 -0.510413 -0.00259047
  outer loop
    vertex -0.3050640260065015 -0.6165743587361655 0.1569137783010175
    vertex -0.3456238372616781 -0.5479372125767487 0.09713343693096305
    vertex -0.3035251044921304 -0.6186318239944767 0.05144981803358339
  endloop
endfacet
facet normal -0.946371 -0.32307 -0.00270868
  outer loop
    vertex -0.3703367417305239 -0.4751510289099269 0.05008770103077265
    vertex -0.344567418901757 -0.5502288795173365 0.001368698153134673
    vertex -0.3456238372616781 -0.5479372125767487 0.09713343693096305
  endloop
endfacet
facet normal -0.858392 -0.512987 0.00280661
  outer loop
    vertex -0.3456238372616781 -0.5479372125767487 0.09713343693096305
    vertex -0.344567418901757 -0.5502288795173365 0.001368698153134673
    vertex -0.3035251044921304 -0.6186318239944767 0.05144981803358339
  endloop
endfacet
facet normal -0.858096 -0.513486 0.00188223
  outer loop
    vertex -0.3035251044921304 -0.6186318239944767 0.05144981803358339
    vertex -0.344567418901757 -0.5502288795173365 0.001368698153134673
    vertex -0.3046125403206422 -0.6171809857347333 -0.04850521038743866
  endloop
endfacet
facet normal 0.283474 -0.958715 0.0225583
  outer loop
    vertex 0.1488377196941185 -0.7396388611070787 0.1547778668261127
    vertex 0.06224387593825333 -0.7648675764962654 0.1707334973925988
    vertex 0.07757786191721631 -0.761996875444342 0.1000458005371102
  endloop
endfacet
facet normal -0.861512 -0.507734 0.0019382
  outer loop
    vertex -0.3046125403206422 -0.6171809857347333 -0.04850521038743866
    vertex -0.3459544614244614 -0.5472116745681149 -0.09533493763544965
    vertex -0.3057780084622813 -0.6156098613554847 -0.154970948243385
  endloop
endfacet
facet normal -0.859885 -0.510475 -0.00359356
  outer loop
    vertex -0.344567418901757 -0.5502288795173365 0.001368698153134673
    vertex -0.3459544614244614 -0.5472116745681149 -0.09533493763544965
    vertex -0.3046125403206422 -0.6171809857347333 -0.04850521038743866
  endloop
endfacet
facet normal -0.709674 -0.703699 -0.0341964
  outer loop
    vertex -0.2346806942564779 -0.6888728354054572 -0.3020471122758529
    vertex -0.2875620552636136 -0.6384110794078365 -0.243016422336868
    vertex -0.303409448110757 -0.6187852853597142 -0.3180001564600603
  endloop
endfacet
facet normal -0.864993 -0.500472 0.0362478
  outer loop
    vertex -0.3497873534345336 -0.5384884082252372 0.3202670194565181
    vertex -0.3320838937857836 -0.5747167764120855 0.2425264108157056
    vertex -0.3034227416266832 -0.6187676547585936 0.3182677200107246
  endloop
endfacet
facet normal -0.00518722 -0.999219 -0.0391697
  outer loop
    vertex 0.04522327278587491 -0.7672994243283898 -0.3126691739880196
    vertex -0.002813308440061534 -0.7699895857725855 -0.2376816052173649
    vertex -0.04959995127792038 -0.7667490475545067 -0.3141518938330367
  endloop
endfacet
facet normal -0.709848 -0.703493 0.0348306
  outer loop
    vertex -0.3034227416266832 -0.6187676547585936 0.3182677200107246
    vertex -0.2873188824438286 -0.6386922994208495 0.2440355919053125
    vertex -0.2347099548875499 -0.6888498570799129 0.3031466357875836
  endloop
endfacet
facet normal -0.948794 -0.315716 -0.0106124
  outer loop
    vertex -0.3707057333764371 -0.4735299900744512 0.1450717212818839
    vertex -0.3481728612435687 -0.5422355368942045 0.1745052163420715
    vertex -0.3677401030327253 -0.4857455827779048 0.2433420817437354
  endloop
endfacet
facet normal -0.000385829 -0.999248 0.0387604
  outer loop
    vertex -0.04911705495439779 -0.7668123072732719 0.3158698626959308
    vertex 0.006671282775204262 -0.7699414349424569 0.2357558675102637
    vertex 0.04896489600923403 -0.7668321097767611 0.3163356787950073
  endloop
endfacet
facet normal 0.10647 -0.994287 0.00752468
  outer loop
    vertex -0.008376228403240368 -0.769907671412064 -0.1481453360313865
    vertex -0.002813308440061534 -0.7699895857725855 -0.2376816052173649
    vertex 0.08490032857884507 -0.7603942955921489 -0.2108922540460718
  endloop
endfacet
facet normal -0.713384 -0.699964 0.0336765
  outer loop
    vertex -0.3057780084622813 -0.6156098613554847 -0.154970948243385
    vertex -0.2875620552636136 -0.6384110794078365 -0.243016422336868
    vertex -0.2405319790071671 -0.6841842400178768 -0.1981501248129943
  endloop
endfacet
facet normal 0.355872 -0.93425 0.0230617
  outer loop
    vertex 0.1488377196941185 -0.7396388611070787 0.1547778668261127
    vertex 0.1729783342057802 -0.728346709597409 0.2397119927977018
    vertex 0.09622483080023762 -0.7576149914482075 0.2384342099245405
  endloop
endfacet
facet normal -0.367123 -0.929688 -0.030009
  outer loop
    vertex -0.1438297807170697 -0.7417285802701845 0.3155589145720704
    vertex -0.1784452830376426 -0.7254955751744211 0.2361335014193868
    vertex -0.09427564151472199 -0.758119686266556 0.2171262498280814
  endloop
endfacet
facet normal -0.552461 -0.833501 0.00800369
  outer loop
    vertex -0.2405319790071671 -0.6841842400178768 -0.1981501248129943
    vertex -0.179960897765579 -0.7246850389177963 -0.2349220563754087
    vertex -0.1737882072602577 -0.7279314412972929 -0.1469265138691522
  endloop
endfacet
facet normal -0.712105 -0.701298 -0.0329982
  outer loop
    vertex -0.2399533006142708 -0.6846564330272078 0.1987387123209341
    vertex -0.2873188824438286 -0.6386922994208495 0.2440355919053125
    vertex -0.3050640260065015 -0.6165743587361655 0.1569137783010175
  endloop
endfacet
facet normal -0.55098 -0.834503 -0.00510043
  outer loop
    vertex -0.1745977877002053 -0.7275138701300942 0.150725372400444
    vertex -0.1784452830376426 -0.7254955751744211 0.2361335014193868
    vertex -0.2399533006142708 -0.6846564330272078 0.1987387123209341
  endloop
endfacet
facet normal 0.518195 -0.854599 -0.0336648
  outer loop
    vertex 0.232356172165659 -0.6906835699810062 0.197603412855349
    vertex 0.1729783342057802 -0.728346709597409 0.2397119927977018
    vertex 0.1488377196941185 -0.7396388611070787 0.1547778668261127
  endloop
endfacet
facet normal -0.81971 -0.57238 -0.0213621
  outer loop
    vertex -0.3320971903293514 -0.5746928698552021 -0.2413840731888029
    vertex -0.2875620552636136 -0.6384110794078365 -0.243016422336868
    vertex -0.3057780084622813 -0.6156098613554847 -0.154970948243385
  endloop
endfacet
facet normal 0.525989 -0.850386 0.0133916
  outer loop
    vertex 0.1601678353422951 -0.7345957987581442 -0.1459273365268989
    vertex 0.1701130634551554 -0.729796329647485 -0.2317777501383165
    vertex 0.2320994257080724 -0.6908817983627176 -0.1953184634003543
  endloop
endfacet
facet normal 0.689849 -0.723797 0.0150171
  outer loop
    vertex 0.2320994257080724 -0.6908817983627176 -0.1953184634003543
    vertex 0.2856359159546312 -0.6406234696048215 -0.2322944256424171
    vertex 0.2935418343625358 -0.6313155433847509 -0.1468479436705172
  endloop
endfacet
facet normal -0.819388 -0.572837 0.0214664
  outer loop
    vertex -0.3050640260065015 -0.6165743587361655 0.1569137783010175
    vertex -0.2873188824438286 -0.6386922994208495 0.2440355919053125
    vertex -0.3320838937857836 -0.5747167764120855 0.2425264108157056
  endloop
endfacet
facet normal 0.135136 -0.990089 0.038237
  outer loop
    vertex 0.006671282775204262 -0.7699414349424569 0.2357558675102637
    vertex 0.06224387593825333 -0.7648675764962654 0.1707334973925988
    vertex 0.09622483080023762 -0.7576149914482075 0.2384342099245405
  endloop
endfacet
facet normal 0.689607 -0.723994 -0.016578
  outer loop
    vertex 0.2937465372502212 -0.6310663225203895 0.1476997068102399
    vertex 0.2849447398873126 -0.6414090197478042 0.2332510171723942
    vertex 0.232356172165659 -0.6906835699810062 0.197603412855349
  endloop
endfacet
facet normal 0.356569 -0.933853 -0.0278811
  outer loop
    vertex 0.09622483080023762 -0.7576149914482075 0.2384342099245405
    vertex 0.1729783342057802 -0.728346709597409 0.2397119927977018
    vertex 0.142676486804107 -0.7421979842549322 0.3161208476634394
  endloop
endfacet
facet normal -0.956478 -0.290797 -0.0242479
  outer loop
    vertex -0.3670518139314771 -0.4883512373567934 0.4
    vertex -0.3729626989377775 -0.4627930298933131 0.3266489250732202
    vertex -0.3497873534345336 -0.5384884082252372 0.3202670194565181
  endloop
endfacet
facet normal 0.959065 -0.282397 -0.0211125
  outer loop
    vertex 0.3521160190577983 -0.5328786517394682 0.3171103091435246
    vertex 0.372962698950501 -0.4627930298281226 0.3266489249585272
    vertex 0.3670518140747872 -0.4883512368219527 0.4
  endloop
endfacet
facet normal -0.956461 -0.290848 0.0242673
  outer loop
    vertex -0.3496600998242166 -0.5387878173471164 -0.3190226761994605
    vertex -0.3729626989374327 -0.4627930298950793 -0.3266489250773437
    vertex -0.3670518139314771 -0.4883512373567934 -0.4
  endloop
endfacet
facet normal 0.959041 -0.282482 0.0210941
  outer loop
    vertex 0.3670518140747872 -0.4883512368219527 -0.4
    vertex 0.3729565199445598 -0.4628246814675023 -0.3266171357754326
    vertex 0.3520996115293921 -0.5329190804646152 -0.3170318648940139
  endloop
endfacet
facet normal 0.994703 -0.101683 -0.0150774
  outer loop
    vertex 0.38 -0.39 0.2999999999997424
    vertex 0.372962698950501 -0.4627930298281226 0.3266489249585272
    vertex 0.370687905734208 -0.4736090697376005 0.2495177818389753
  endloop
endfacet
facet normal -0.993621 -0.107972 -0.0325428
  outer loop
    vertex -0.3677401030327253 -0.4857455827779048 0.2433420817437354
    vertex -0.3729626989377775 -0.4627930298933131 0.3266489250732202
    vertex -0.38 -0.39 0.2999999999997424
  endloop
endfacet
facet normal 0.994703 -0.101691 0.0150071
  outer loop
    vertex 0.3706915668617433 -0.4735928361618727 -0.2494584021568039
    vertex 0.3729565199445598 -0.4628246814675023 -0.3266171357754326
    vertex 0.38 -0.39 -0.3000000000002088
  endloop
endfacet
facet normal -0.993686 -0.107647 0.0316377
  outer loop
    vertex -0.38 -0.39 -0.3000000000002088
    vertex -0.3729626989374327 -0.4627930298950793 -0.3266489250773437
    vertex -0.3678260346237011 -0.4854149267829925 -0.2422861657390004
  endloop
endfacet
facet normal -0.868428 -0.494897 0.0301648
  outer loop
    vertex -0.3057780084622813 -0.6156098613554847 -0.154970948243385
    vertex -0.3480635466845002 -0.542485302470129 -0.1726356012062304
    vertex -0.3320971903293514 -0.5746928698552021 -0.2413840731888029
  endloop
endfacet
facet normal -0.867857 -0.495816 -0.0314873
  outer loop
    vertex -0.3320838937857836 -0.5747167764120855 0.2425264108157056
    vertex -0.3481728612435687 -0.5422355368942045 0.1745052163420715
    vertex -0.3050640260065015 -0.6165743587361655 0.1569137783010175
  endloop
endfacet
facet normal -0.864153 -0.503156 0.00860894
  outer loop
    vertex -0.3050640260065015 -0.6165743587361655 0.1569137783010175
    vertex -0.3481728612435687 -0.5422355368942045 0.1745052163420715
    vertex -0.3456238372616781 -0.5479372125767487 0.09713343693096305
  endloop
endfacet
facet normal 0.0783866 -0.996647 -0.0234708
  outer loop
    vertex 0.07757786191721631 -0.761996875444342 0.1000458005371102
    vertex 0.06224387593825333 -0.7648675764962654 0.1707334973925988
    vertex -0.008267548625586421 -0.7699100520382733 0.1493629482700172
  endloop
endfacet
facet normal 0.0753624 -0.997066 -0.0133937
  outer loop
    vertex -0.008267548625586421 -0.7699100520382733 0.1493629482700172
    vertex 0.06224387593825333 -0.7648675764962654 0.1707334973925988
    vertex 0.006671282775204262 -0.7699414349424569 0.2357558675102637
  endloop
endfacet
facet normal -0.864917 -0.501865 -0.00708684
  outer loop
    vertex -0.3459544614244614 -0.5472116745681149 -0.09533493763544965
    vertex -0.3480635466845002 -0.542485302470129 -0.1726356012062304
    vertex -0.3057780084622813 -0.6156098613554847 -0.154970948243385
  endloop
endfacet
facet normal -0.955472 -0.29432 0.0211908
  outer loop
    vertex -0.3497873534345336 -0.5384884082252372 0.3202670194565181
    vertex -0.3729626989377775 -0.4627930298933131 0.3266489250732202
    vertex -0.3677401030327253 -0.4857455827779048 0.2433420817437354
  endloop
endfacet
facet normal 0.957984 -0.286572 0.0119324
  outer loop
    vertex 0.370687905734208 -0.4736090697376005 0.2495177818389753
    vertex 0.372962698950501 -0.4627930298281226 0.3266489249585272
    vertex 0.3521160190577983 -0.5328786517394682 0.3171103091435246
  endloop
endfacet
facet normal 0.957956 -0.28667 -0.0118869
  outer loop
    vertex 0.3520996115293921 -0.5329190804646152 -0.3170318648940139
    vertex 0.3729565199445598 -0.4628246814675023 -0.3266171357754326
    vertex 0.3706915668617433 -0.4735928361618727 -0.2494584021568039
  endloop
endfacet
facet normal -0.955262 -0.295018 -0.0209453
  outer loop
    vertex -0.3678260346237011 -0.4854149267829925 -0.2422861657390004
    vertex -0.3729626989374327 -0.4627930298950793 -0.3266489250773437
    vertex -0.3496600998242166 -0.5387878173471164 -0.3190226761994605
  endloop
endfacet
facet normal -0.819143 -0.573123 0.0231155
  outer loop
    vertex -0.303409448110757 -0.6187852853597142 -0.3180001564600603
    vertex -0.2875620552636136 -0.6384110794078365 -0.243016422336868
    vertex -0.3320971903293514 -0.5746928698552021 -0.2413840731888029
  endloop
endfacet
facet normal -0.818846 -0.573523 -0.0237006
  outer loop
    vertex -0.3320838937857836 -0.5747167764120855 0.2425264108157056
    vertex -0.2873188824438286 -0.6386922994208495 0.2440355919053125
    vertex -0.3034227416266832 -0.6187676547585936 0.3182677200107246
  endloop
endfacet
facet normal -0.949698 -0.313094 0.00676832
  outer loop
    vertex -0.3709282103568773 -0.4725364329338513 -0.14514777162632
    vertex -0.3480635466845002 -0.542485302470129 -0.1726356012062304
    vertex -0.3459544614244614 -0.5472116745681149 -0.09533493763544965
  endloop
endfacet
facet normal -0.949143 -0.314743 -0.0080756
  outer loop
    vertex -0.3456238372616781 -0.5479372125767487 0.09713343693096305
    vertex -0.3481728612435687 -0.5422355368942045 0.1745052163420715
    vertex -0.3707057333764371 -0.4735299900744512 0.1450717212818839
  endloop
endfacet
facet normal 0 0 1
  outer loop
    vertex -0.1457148780610767 -0.4920655165984681 0.4
    vertex -0.268700576471665 -0.5012994233324444 0.4
    vertex -0.2062453520992625 -0.57685412810356 0.4
  endloop
endfacet
facet normal 0 0 1
  outer loop
    vertex -0.1364315375240422 -0.0815574457972304 0.4
    vertex -0.1308016649621604 -0.1888255663326343 0.4
    vertex -0.04665950661874721 -0.1375664337976648 0.4
  endloop
endfacet
facet normal -0 0 1
  outer loop
    vertex -0.3290896531399333 -0.5800000005164169 0.4
    vertex -0.2687005761538708 -0.6587005775479053 0.4
    vertex -0.2062453520992625 -0.57685412810356 0.4
  endloop
endfacet
facet normal 0 0 1
  outer loop
    vertex -0.268700576471665 -0.5012994233324444 0.4
    vertex -0.3290896531399333 -0.5800000005164169 0.4
    vertex -0.2062453520992625 -0.57685412810356 0.4
  endloop
endfacet
facet normal 0 0 1
  outer loop
    vertex -0.268700576471665 -0.5012994233324444 0.4
    vertex -0.1457148780610767 -0.4920655165984681 0.4
    vertex -0.2103085370877326 -0.4317145809931758 0.4
  endloop
endfacet
facet normal 0 -0 1
  outer loop
    vertex 0.03797815512958752 -0.1890604409975604 0.4
    vertex 0.0439621738804418 -0.07846781777537508 0.4
    vertex -0.04665950661874721 -0.1375664337976648 0.4
  endloop
endfacet
facet normal -0 0 1
  outer loop
    vertex -0.1308016649621604 -0.1888255663326343 0.4
    vertex -0.04716416623715778 -0.2383769891768484 0.4
    vertex -0.04665950661874721 -0.1375664337976648 0.4
  endloop
endfacet
facet normal 0 -0 1
  outer loop
    vertex -0.2103085370877326 -0.4317145809931758 0.4
    vertex -0.2088754307811289 -0.3421219364061294 0.4
    vertex -0.2990534093187724 -0.4211982925558742 0.4
  endloop
endfacet
facet normal 0 0 1
  outer loop
    vertex 0.0439621738804418 -0.07846781777537508 0.4
    vertex 0.03797815512958752 -0.1890604409975604 0.4
    vertex 0.1235184533005315 -0.1483639855445204 0.4
  endloop
endfacet
facet normal 0 0 1
  outer loop
    vertex -0.2088754307811289 -0.3421219364061294 0.4
    vertex -0.2975154916570752 -0.3262487234338792 0.4
    vertex -0.2990534093187724 -0.4211982925558742 0.4
  endloop
endfacet
facet normal 0 0 1
  outer loop
    vertex 0.2156470997348928 -0.4023192231924653 0.4
    vertex 0.2703746859443479 -0.4984841398092452 0.4
    vertex 0.3057081495658676 -0.4233203303033489 0.4
  endloop
endfacet
facet normal -0 0 1
  outer loop
    vertex -0.2921421035232845 -0.1494229952293478 0.4
    vertex -0.2231410926039538 -0.2414697446260395 0.4
    vertex -0.2040295102446603 -0.1465131571077395 0.4
  endloop
endfacet
facet normal 0 0 1
  outer loop
    vertex 0.2703746859443479 -0.4984841398092452 0.4
    vertex 0.2156470997348928 -0.4023192231924653 0.4
    vertex 0.1912149300271147 -0.4994238371896457 0.4
  endloop
endfacet
facet normal 0 0 1
  outer loop
    vertex -0.2231410926039538 -0.2414697446260395 0.4
    vertex -0.2921421035232845 -0.1494229952293478 0.4
    vertex -0.3145597375568627 -0.2394282926576951 0.4
  endloop
endfacet
facet normal 0 -0 1
  outer loop
    vertex 0.1106997601465624 -0.6545858651457209 0.4
    vertex 0.114119447967731 -0.5435109197836075 0.4
    vertex 0.03250322730811879 -0.5866446440568702 0.4
  endloop
endfacet
facet normal 0 0 1
  outer loop
    vertex -0.1308016649621604 -0.1888255663326343 0.4
    vertex -0.1364315375240422 -0.0815574457972304 0.4
    vertex -0.2040295102446603 -0.1465131571077395 0.4
  endloop
endfacet
facet normal 0 0 1
  outer loop
    vertex -0.04716416623715778 -0.2383769891768484 0.4
    vertex 0.03797815512958752 -0.1890604409975604 0.4
    vertex -0.04665950661874721 -0.1375664337976648 0.4
  endloop
endfacet
facet normal 0 -0 1
  outer loop
    vertex -0.2975154916570752 -0.3262487234338792 0.4
    vertex -0.2231410926039538 -0.2414697446260395 0.4
    vertex -0.3145597375568627 -0.2394282926576951 0.4
  endloop
endfacet
facet normal 0 0 1
  outer loop
    vertex -0.2231410926039538 -0.2414697446260395 0.4
    vertex -0.2975154916570752 -0.3262487234338792 0.4
    vertex -0.2088754307811289 -0.3421219364061294 0.4
  endloop
endfacet
facet normal 0 0 1
  outer loop
    vertex 0.114119447967731 -0.5435109197836075 0.4
    vertex 0.1106997601465624 -0.6545858651457209 0.4
    vertex 0.1879188132330738 -0.6062179211658851 0.4
  endloop
endfacet
facet normal 0 0 1
  outer loop
    vertex 0.1912149300271147 -0.4994238371896457 0.4
    vertex 0.1879188132330738 -0.6062179211658851 0.4
    vertex 0.2561469516578507 -0.5734515310921215 0.4
  endloop
endfacet
facet normal 0 -0 1
  outer loop
    vertex 0.1900000012045686 -0.7190896527426287 0.4
    vertex 0.2687005776096211 -0.6587005760921552 0.4
    vertex 0.1879188132330738 -0.6062179211658851 0.4
  endloop
endfacet
facet normal -0 0 1
  outer loop
    vertex 0.1106997601465624 -0.6545858651457209 0.4
    vertex 0.1900000012045686 -0.7190896527426287 0.4
    vertex 0.1879188132330738 -0.6062179211658851 0.4
  endloop
endfacet
facet normal -0 0 1
  outer loop
    vertex -0.1364315375240422 -0.0815574457972304 0.4
    vertex -0.04665950661874721 -0.1375664337976648 0.4
    vertex -0.04701841003699382 -0.05368748325470737 0.4
  endloop
endfacet
facet normal -0 0 1
  outer loop
    vertex 0.114119447967731 -0.5435109197836075 0.4
    vertex 0.1879188132330738 -0.6062179211658851 0.4
    vertex 0.1912149300271147 -0.4994238371896457 0.4
  endloop
endfacet
facet normal 0 0 1
  outer loop
    vertex -0.1364315375240422 -0.0815574457972304 0.4
    vertex -0.2376311526098606 -0.0712900335534456 0.4
    vertex -0.2040295102446603 -0.1465131571077395 0.4
  endloop
endfacet
facet normal 0 0 1
  outer loop
    vertex 1.92061072272963e-09 -0.77 0.4
    vertex 0.0983512387255788 -0.7570518135647122 0.4
    vertex 0.02387336826375611 -0.6806612678704531 0.4
  endloop
endfacet
facet normal 0 -0 1
  outer loop
    vertex 0.0983512387255788 -0.7570518135647122 0.4
    vertex 0.1106997601465624 -0.6545858651457209 0.4
    vertex 0.02387336826375611 -0.6806612678704531 0.4
  endloop
endfacet
facet normal 0 0 1
  outer loop
    vertex 0.2081272832220972 -0.2900022163622592 0.4
    vertex 0.2053681973776486 -0.1973835417518745 0.4
    vertex 0.1216169190528154 -0.2412759750352815 0.4
  endloop
endfacet
facet normal 0 0 1
  outer loop
    vertex 0.1216169190528154 -0.2412759750352815 0.4
    vertex 0.2053681973776486 -0.1973835417518745 0.4
    vertex 0.1235184533005315 -0.1483639855445204 0.4
  endloop
endfacet
facet normal -0 0 1
  outer loop
    vertex 0.03797815512958752 -0.1890604409975604 0.4
    vertex 0.1216169190528154 -0.2412759750352815 0.4
    vertex 0.1235184533005315 -0.1483639855445204 0.4
  endloop
endfacet
facet normal 0 -0 1
  outer loop
    vertex 0.123556952951154 -0.3418469146209227 0.4
    vertex 0.2081272832220972 -0.2900022163622592 0.4
    vertex 0.1216169190528154 -0.2412759750352815 0.4
  endloop
endfacet
facet normal 0 -0 1
  outer loop
    vertex 0.2081272832220972 -0.2900022163622592 0.4
    vertex 0.2942727395927076 -0.2412517736243845 0.4
    vertex 0.2053681973776486 -0.1973835417518745 0.4
  endloop
endfacet
facet normal 0 0 1
  outer loop
    vertex 0.2954671480753102 -0.3374470516930808 0.4
    vertex 0.2942727395927076 -0.2412517736243845 0.4
    vertex 0.2081272832220972 -0.2900022163622592 0.4
  endloop
endfacet
facet normal -0 0 1
  outer loop
    vertex -0.04716416623715778 -0.2383769891768484 0.4
    vertex 0.0369448142784693 -0.2908622749649048 0.4
    vertex 0.03797815512958752 -0.1890604409975604 0.4
  endloop
endfacet
facet normal 0 0 1
  outer loop
    vertex 0.38 -0.2900000000002738 0.4
    vertex 0.2942727395927076 -0.2412517736243845 0.4
    vertex 0.2954671480753102 -0.3374470516930808 0.4
  endloop
endfacet
facet normal 0 0 1
  outer loop
    vertex -0.38 -0.08999999999976739 0.4
    vertex -0.38 -0.1899999999994743 0.4
    vertex -0.2921421035232845 -0.1494229952293478 0.4
  endloop
endfacet
facet normal 0 -0 1
  outer loop
    vertex 0.38 -0.39 0.4
    vertex 0.38 -0.2900000000002738 0.4
    vertex 0.2954671480753102 -0.3374470516930808 0.4
  endloop
endfacet
facet normal 0 -0 1
  outer loop
    vertex 0.38 -0.2900000000002738 0.4
    vertex 0.38 -0.1900000000005532 0.4
    vertex 0.2942727395927076 -0.2412517736243845 0.4
  endloop
endfacet
facet normal -0 0 1
  outer loop
    vertex 0.0369448142784693 -0.2908622749649048 0.4
    vertex 0.123556952951154 -0.3418469146209227 0.4
    vertex 0.1216169190528154 -0.2412759750352815 0.4
  endloop
endfacet
facet normal 0 0 1
  outer loop
    vertex -0.0484584294604779 -0.3399082278972366 0.4
    vertex 0.0369448142784693 -0.2908622749649048 0.4
    vertex -0.04716416623715778 -0.2383769891768484 0.4
  endloop
endfacet
facet normal 0 0 1
  outer loop
    vertex -0.1313149156465194 -0.290016751443439 0.4
    vertex -0.04716416623715778 -0.2383769891768484 0.4
    vertex -0.1308016649621604 -0.1888255663326343 0.4
  endloop
endfacet
facet normal 0 -0 1
  outer loop
    vertex 0.037127565417643 -0.3894580917459339 0.4
    vertex 0.123556952951154 -0.3418469146209227 0.4
    vertex 0.0369448142784693 -0.2908622749649048 0.4
  endloop
endfacet
facet normal 0 0 1
  outer loop
    vertex 0.2954671480753102 -0.3374470516930808 0.4
    vertex 0.2081272832220972 -0.2900022163622592 0.4
    vertex 0.2156470997348928 -0.4023192231924653 0.4
  endloop
endfacet
facet normal 0 0 1
  outer loop
    vertex 0.03797815512958752 -0.1890604409975604 0.4
    vertex 0.0369448142784693 -0.2908622749649048 0.4
    vertex 0.1216169190528154 -0.2412759750352815 0.4
  endloop
endfacet
facet normal 0 0 1
  outer loop
    vertex -0.38 -0.2899999999997344 0.4
    vertex -0.38 -0.39 0.4
    vertex -0.2975154916570752 -0.3262487234338792 0.4
  endloop
endfacet
facet normal 0 0 1
  outer loop
    vertex 0.037127565417643 -0.3894580917459339 0.4
    vertex 0.0369448142784693 -0.2908622749649048 0.4
    vertex -0.0484584294604779 -0.3399082278972366 0.4
  endloop
endfacet
facet normal 0 0 1
  outer loop
    vertex 0.2156470997348928 -0.4023192231924653 0.4
    vertex 0.2081272832220972 -0.2900022163622592 0.4
    vertex 0.123556952951154 -0.3418469146209227 0.4
  endloop
endfacet
facet normal 0 -0 1
  outer loop
    vertex 0.3290896537906235 -0.5799999993893883 0.4
    vertex 0.3670518140747872 -0.4883512368219527 0.4
    vertex 0.2703746859443479 -0.4984841398092452 0.4
  endloop
endfacet
facet normal 0 -0 1
  outer loop
    vertex -0.0484584294604779 -0.3399082278972366 0.4
    vertex -0.04716416623715778 -0.2383769891768484 0.4
    vertex -0.1313149156465194 -0.290016751443439 0.4
  endloop
endfacet
facet normal 0 0 1
  outer loop
    vertex 0.0983512387255788 -0.7570518135647122 0.4
    vertex 0.1900000012045686 -0.7190896527426287 0.4
    vertex 0.1106997601465624 -0.6545858651457209 0.4
  endloop
endfacet
facet normal 0 -0 1
  outer loop
    vertex -0.04870532461757787 -0.4386306108898188 0.4
    vertex -0.0484584294604779 -0.3399082278972366 0.4
    vertex -0.134226919292822 -0.389105323832065 0.4
  endloop
endfacet
facet normal -0 0 1
  outer loop
    vertex -0.1899999988819988 -0.719089654083565 0.4
    vertex -0.09835123555362253 -0.7570518144146352 0.4
    vertex -0.1112994220076284 -0.6587005770273197 0.4
  endloop
endfacet
facet normal 0 0 1
  outer loop
    vertex -0.0484584294604779 -0.3399082278972366 0.4
    vertex -0.1313149156465194 -0.290016751443439 0.4
    vertex -0.134226919292822 -0.389105323832065 0.4
  endloop
endfacet
facet normal 0 0 1
  outer loop
    vertex 0.1224868075032245 -0.4385392531858248 0.4
    vertex 0.03685318784498205 -0.4880313619808666 0.4
    vertex 0.114119447967731 -0.5435109197836075 0.4
  endloop
endfacet
facet normal 0 -0 1
  outer loop
    vertex -0.1313149156465194 -0.290016751443439 0.4
    vertex -0.1308016649621604 -0.1888255663326343 0.4
    vertex -0.2231410926039538 -0.2414697446260395 0.4
  endloop
endfacet
facet normal 0 0 1
  outer loop
    vertex -0.3670518139314771 -0.4883512373567934 0.4
    vertex -0.3290896531399333 -0.5800000005164169 0.4
    vertex -0.268700576471665 -0.5012994233324444 0.4
  endloop
endfacet
facet normal 0 0 1
  outer loop
    vertex -0.04783906239049866 -0.5356222997670216 0.4
    vertex -0.04870532461757787 -0.4386306108898188 0.4
    vertex -0.1457148780610767 -0.4920655165984681 0.4
  endloop
endfacet
facet normal 0 0 1
  outer loop
    vertex 0.114119447967731 -0.5435109197836075 0.4
    vertex 0.03685318784498205 -0.4880313619808666 0.4
    vertex 0.03250322730811879 -0.5866446440568702 0.4
  endloop
endfacet
facet normal 0 0 1
  outer loop
    vertex 0.03685318784498205 -0.4880313619808666 0.4
    vertex -0.04783906239049866 -0.5356222997670216 0.4
    vertex 0.03250322730811879 -0.5866446440568702 0.4
  endloop
endfacet
facet normal 0 0 1
  outer loop
    vertex 0.03685318784498205 -0.4880313619808666 0.4
    vertex -0.04870532461757787 -0.4386306108898188 0.4
    vertex -0.04783906239049866 -0.5356222997670216 0.4
  endloop
endfacet
facet normal 0 0 1
  outer loop
    vertex 0.2156470997348928 -0.4023192231924653 0.4
    vertex 0.123556952951154 -0.3418469146209227 0.4
    vertex 0.1224868075032245 -0.4385392531858248 0.4
  endloop
endfacet
facet normal 0 0 1
  outer loop
    vertex 0.1224868075032245 -0.4385392531858248 0.4
    vertex 0.037127565417643 -0.3894580917459339 0.4
    vertex 0.03685318784498205 -0.4880313619808666 0.4
  endloop
endfacet
facet normal 0 -0 1
  outer loop
    vertex 0.1224868075032245 -0.4385392531858248 0.4
    vertex 0.123556952951154 -0.3418469146209227 0.4
    vertex 0.037127565417643 -0.3894580917459339 0.4
  endloop
endfacet
facet normal 0 0 1
  outer loop
    vertex 0.037127565417643 -0.3894580917459339 0.4
    vertex -0.04870532461757787 -0.4386306108898188 0.4
    vertex 0.03685318784498205 -0.4880313619808666 0.4
  endloop
endfacet
facet normal -0 0 1
  outer loop
    vertex 0.2053681973776486 -0.1973835417518745 0.4
    vertex 0.2942727395927076 -0.2412517736243845 0.4
    vertex 0.2852246517565284 -0.1377054869290668 0.4
  endloop
endfacet
facet normal 0 0 1
  outer loop
    vertex 0.037127565417643 -0.3894580917459339 0.4
    vertex -0.0484584294604779 -0.3399082278972366 0.4
    vertex -0.04870532461757787 -0.4386306108898188 0.4
  endloop
endfacet
facet normal 0 0 1
  outer loop
    vertex -0.1457148780610767 -0.4920655165984681 0.4
    vertex -0.04870532461757787 -0.4386306108898188 0.4
    vertex -0.134226919292822 -0.389105323832065 0.4
  endloop
endfacet
facet normal 0 0 1
  outer loop
    vertex 0.09500000000069952 0.01 0.4
    vertex 9.69946345463768e-13 0.01 0.4
    vertex 0.0439621738804418 -0.07846781777537508 0.4
  endloop
endfacet
facet normal 0 0 1
  outer loop
    vertex -0.09499999999927453 0.01 0.4
    vertex -0.1899999999995236 0.01 0.4
    vertex -0.1364315375240422 -0.0815574457972304 0.4
  endloop
endfacet
facet normal 0 -0 1
  outer loop
    vertex 0.2053681973776486 -0.1973835417518745 0.4
    vertex 0.2852246517565284 -0.1377054869290668 0.4
    vertex 0.1962596033823778 -0.122171763018754 0.4
  endloop
endfacet
facet normal 0 0 1
  outer loop
    vertex 0.2850000000001898 0.01 0.4
    vertex 0.190000000000423 0.01 0.4
    vertex 0.2358760250204002 -0.0616317413501707 0.4
  endloop
endfacet
facet normal -0 0 1
  outer loop
    vertex 0.0439621738804418 -0.07846781777537508 0.4
    vertex 0.1235184533005315 -0.1483639855445204 0.4
    vertex 0.1444593474972672 -0.06292126271216725 0.4
  endloop
endfacet
facet normal 0 -0 1
  outer loop
    vertex 0.38 -0.1900000000005532 0.4
    vertex 0.38 -0.09000000000027936 0.4
    vertex 0.2852246517565284 -0.1377054869290668 0.4
  endloop
endfacet
facet normal 0 0 1
  outer loop
    vertex 0.2852246517565284 -0.1377054869290668 0.4
    vertex 0.2358760250204002 -0.0616317413501707 0.4
    vertex 0.1962596033823778 -0.122171763018754 0.4
  endloop
endfacet
facet normal 0 -0 1
  outer loop
    vertex -0.04665950661874721 -0.1375664337976648 0.4
    vertex 0.0439621738804418 -0.07846781777537508 0.4
    vertex -0.04701841003699382 -0.05368748325470737 0.4
  endloop
endfacet
facet normal 0 0 1
  outer loop
    vertex 0.1106997601465624 -0.6545858651457209 0.4
    vertex 0.03250322730811879 -0.5866446440568702 0.4
    vertex 0.02387336826375611 -0.6806612678704531 0.4
  endloop
endfacet
facet normal 0 0 1
  outer loop
    vertex -0.1364315375240422 -0.0815574457972304 0.4
    vertex -0.1899999999995236 0.01 0.4
    vertex -0.2376311526098606 -0.0712900335534456 0.4
  endloop
endfacet
facet normal 0 0 1
  outer loop
    vertex -0.2921421035232845 -0.1494229952293478 0.4
    vertex -0.38 -0.1899999999994743 0.4
    vertex -0.3145597375568627 -0.2394282926576951 0.4
  endloop
endfacet
facet normal 0 -0 1
  outer loop
    vertex 0.2942727395927076 -0.2412517736243845 0.4
    vertex 0.38 -0.1900000000005532 0.4
    vertex 0.2852246517565284 -0.1377054869290668 0.4
  endloop
endfacet
facet normal -0 0 1
  outer loop
    vertex -0.38 -0.2899999999997344 0.4
    vertex -0.2975154916570752 -0.3262487234338792 0.4
    vertex -0.3145597375568627 -0.2394282926576951 0.4
  endloop
endfacet
facet normal 0 0 1
  outer loop
    vertex -0.1899999999995236 0.01 0.4
    vertex -0.2849999999997564 0.01 0.4
    vertex -0.2376311526098606 -0.0712900335534456 0.4
  endloop
endfacet
facet normal 0 0 1
  outer loop
    vertex 0.09500000000069952 0.01 0.4
    vertex 0.0439621738804418 -0.07846781777537508 0.4
    vertex 0.1444593474972672 -0.06292126271216725 0.4
  endloop
endfacet
facet normal 0 0 1
  outer loop
    vertex 0.2954671480753102 -0.3374470516930808 0.4
    vertex 0.2156470997348928 -0.4023192231924653 0.4
    vertex 0.3057081495658676 -0.4233203303033489 0.4
  endloop
endfacet
facet normal 0 0 1
  outer loop
    vertex 0.2358760250204002 -0.0616317413501707 0.4
    vertex 0.190000000000423 0.01 0.4
    vertex 0.1444593474972672 -0.06292126271216725 0.4
  endloop
endfacet
facet normal 0 0 1
  outer loop
    vertex -0.1313149156465194 -0.290016751443439 0.4
    vertex -0.2231410926039538 -0.2414697446260395 0.4
    vertex -0.2088754307811289 -0.3421219364061294 0.4
  endloop
endfacet
facet normal 0 0 1
  outer loop
    vertex 0.2156470997348928 -0.4023192231924653 0.4
    vertex 0.1224868075032245 -0.4385392531858248 0.4
    vertex 0.1912149300271147 -0.4994238371896457 0.4
  endloop
endfacet
facet normal 0 0 1
  outer loop
    vertex 0.2703746859443479 -0.4984841398092452 0.4
    vertex 0.1912149300271147 -0.4994238371896457 0.4
    vertex 0.2561469516578507 -0.5734515310921215 0.4
  endloop
endfacet
facet normal 0 0 1
  outer loop
    vertex -0.1112994220076284 -0.6587005770273197 0.4
    vertex -0.1221376288597216 -0.5886935781528219 0.4
    vertex -0.1806719896523123 -0.6469947364245379 0.4
  endloop
endfacet
facet normal 0 0 1
  outer loop
    vertex -0.2062453520992625 -0.57685412810356 0.4
    vertex -0.2687005761538708 -0.6587005775479053 0.4
    vertex -0.1806719896523123 -0.6469947364245379 0.4
  endloop
endfacet
facet normal 0 0 1
  outer loop
    vertex -0.1457148780610767 -0.4920655165984681 0.4
    vertex -0.2062453520992625 -0.57685412810356 0.4
    vertex -0.1221376288597216 -0.5886935781528219 0.4
  endloop
endfacet
facet normal 0 0 1
  outer loop
    vertex 0.0439621738804418 -0.07846781777537508 0.4
    vertex 9.69946345463768e-13 0.01 0.4
    vertex -0.04701841003699382 -0.05368748325470737 0.4
  endloop
endfacet
facet normal 0 0 1
  outer loop
    vertex -0.09499999999927453 0.01 0.4
    vertex -0.1364315375240422 -0.0815574457972304 0.4
    vertex -0.04701841003699382 -0.05368748325470737 0.4
  endloop
endfacet
facet normal 0 -0 1
  outer loop
    vertex 0.38 -0.09000000000027936 0.4
    vertex 0.38 0.01 0.4
    vertex 0.312044454737493 -0.05781162158676821 0.4
  endloop
endfacet
facet normal 0 0 1
  outer loop
    vertex -0.38 0.01 0.4
    vertex -0.38 -0.08999999999976739 0.4
    vertex -0.3117310351917121 -0.05973051656773798 0.4
  endloop
endfacet
facet normal 0 0 1
  outer loop
    vertex 0.38 0.01 0.4
    vertex 0.2850000000001898 0.01 0.4
    vertex 0.312044454737493 -0.05781162158676821 0.4
  endloop
endfacet
facet normal 0 -0 1
  outer loop
    vertex -0.1112994220076284 -0.6587005770273197 0.4
    vertex -0.04070477543269477 -0.6196061389797294 0.4
    vertex -0.1221376288597216 -0.5886935781528219 0.4
  endloop
endfacet
facet normal 0 0 1
  outer loop
    vertex -0.2849999999997564 0.01 0.4
    vertex -0.38 0.01 0.4
    vertex -0.3117310351917121 -0.05973051656773798 0.4
  endloop
endfacet
facet normal 0 0 1
  outer loop
    vertex -0.1221376288597216 -0.5886935781528219 0.4
    vertex -0.2062453520992625 -0.57685412810356 0.4
    vertex -0.1806719896523123 -0.6469947364245379 0.4
  endloop
endfacet
facet normal 0 0 1
  outer loop
    vertex 0.190000000000423 0.01 0.4
    vertex 0.09500000000069952 0.01 0.4
    vertex 0.1444593474972672 -0.06292126271216725 0.4
  endloop
endfacet
facet normal 0 0 1
  outer loop
    vertex -0.38 -0.1899999999994743 0.4
    vertex -0.38 -0.2899999999997344 0.4
    vertex -0.3145597375568627 -0.2394282926576951 0.4
  endloop
endfacet
facet normal 0 -0 1
  outer loop
    vertex 0.3670518140747872 -0.4883512368219527 0.4
    vertex 0.38 -0.39 0.4
    vertex 0.3057081495658676 -0.4233203303033489 0.4
  endloop
endfacet
facet normal 0 0 1
  outer loop
    vertex 0.2703746859443479 -0.4984841398092452 0.4
    vertex 0.3670518140747872 -0.4883512368219527 0.4
    vertex 0.3057081495658676 -0.4233203303033489 0.4
  endloop
endfacet
facet normal 0 -0 1
  outer loop
    vertex -0.1457148780610767 -0.4920655165984681 0.4
    vertex -0.134226919292822 -0.389105323832065 0.4
    vertex -0.2103085370877326 -0.4317145809931758 0.4
  endloop
endfacet
facet normal 0 0 1
  outer loop
    vertex -0.2103085370877326 -0.4317145809931758 0.4
    vertex -0.134226919292822 -0.389105323832065 0.4
    vertex -0.2088754307811289 -0.3421219364061294 0.4
  endloop
endfacet
facet normal 0 0 1
  outer loop
    vertex -0.38 -0.39 0.4
    vertex -0.3670518139314771 -0.4883512373567934 0.4
    vertex -0.2990534093187724 -0.4211982925558742 0.4
  endloop
endfacet
facet normal 0 -0 1
  outer loop
    vertex -0.134226919292822 -0.389105323832065 0.4
    vertex -0.1313149156465194 -0.290016751443439 0.4
    vertex -0.2088754307811289 -0.3421219364061294 0.4
  endloop
endfacet
facet normal -0 0 1
  outer loop
    vertex -0.3670518139314771 -0.4883512373567934 0.4
    vertex -0.268700576471665 -0.5012994233324444 0.4
    vertex -0.2990534093187724 -0.4211982925558742 0.4
  endloop
endfacet
facet normal 0 0 1
  outer loop
    vertex -0.2376311526098606 -0.0712900335534456 0.4
    vertex -0.2921421035232845 -0.1494229952293478 0.4
    vertex -0.2040295102446603 -0.1465131571077395 0.4
  endloop
endfacet
facet normal 0 0 1
  outer loop
    vertex -0.2231410926039538 -0.2414697446260395 0.4
    vertex -0.1308016649621604 -0.1888255663326343 0.4
    vertex -0.2040295102446603 -0.1465131571077395 0.4
  endloop
endfacet
facet normal 0 0 1
  outer loop
    vertex 0.38 -0.39 0.4
    vertex 0.2954671480753102 -0.3374470516930808 0.4
    vertex 0.3057081495658676 -0.4233203303033489 0.4
  endloop
endfacet
facet normal 0 0 1
  outer loop
    vertex -0.2975154916570752 -0.3262487234338792 0.4
    vertex -0.38 -0.39 0.4
    vertex -0.2990534093187724 -0.4211982925558742 0.4
  endloop
endfacet
facet normal 0 0 1
  outer loop
    vertex 0.2852246517565284 -0.1377054869290668 0.4
    vertex 0.38 -0.09000000000027936 0.4
    vertex 0.312044454737493 -0.05781162158676821 0.4
  endloop
endfacet
facet normal 0 -0 1
  outer loop
    vertex -0.268700576471665 -0.5012994233324444 0.4
    vertex -0.2103085370877326 -0.4317145809931758 0.4
    vertex -0.2990534093187724 -0.4211982925558742 0.4
  endloop
endfacet
facet normal 0 0 1
  outer loop
    vertex 0.03250322730811879 -0.5866446440568702 0.4
    vertex -0.04783906239049866 -0.5356222997670216 0.4
    vertex -0.04070477543269477 -0.6196061389797294 0.4
  endloop
endfacet
facet normal 0 0 1
  outer loop
    vertex 0.1224868075032245 -0.4385392531858248 0.4
    vertex 0.114119447967731 -0.5435109197836075 0.4
    vertex 0.1912149300271147 -0.4994238371896457 0.4
  endloop
endfacet
facet normal -0 0 1
  outer loop
    vertex -0.38 -0.08999999999976739 0.4
    vertex -0.2921421035232845 -0.1494229952293478 0.4
    vertex -0.3117310351917121 -0.05973051656773798 0.4
  endloop
endfacet
facet normal -0 0 1
  outer loop
    vertex -0.09835123555362253 -0.7570518144146352 0.4
    vertex 1.92061072272963e-09 -0.77 0.4
    vertex -0.04782517242250824 -0.6989255002317885 0.4
  endloop
endfacet
facet normal 0 -0 1
  outer loop
    vertex 0.2687005776096211 -0.6587005760921552 0.4
    vertex 0.3290896537906235 -0.5799999993893883 0.4
    vertex 0.2561469516578507 -0.5734515310921215 0.4
  endloop
endfacet
facet normal -0 0 1
  outer loop
    vertex -0.2687005761538708 -0.6587005775479053 0.4
    vertex -0.1899999988819988 -0.719089654083565 0.4
    vertex -0.1806719896523123 -0.6469947364245379 0.4
  endloop
endfacet
facet normal -0 0 1
  outer loop
    vertex 0.2358760250204002 -0.0616317413501707 0.4
    vertex 0.2852246517565284 -0.1377054869290668 0.4
    vertex 0.312044454737493 -0.05781162158676821 0.4
  endloop
endfacet
facet normal 0 0 1
  outer loop
    vertex -0.04070477543269477 -0.6196061389797294 0.4
    vertex -0.04783906239049866 -0.5356222997670216 0.4
    vertex -0.1221376288597216 -0.5886935781528219 0.4
  endloop
endfacet
facet normal 0 0 1
  outer loop
    vertex 9.69946345463768e-13 0.01 0.4
    vertex -0.09499999999927453 0.01 0.4
    vertex -0.04701841003699382 -0.05368748325470737 0.4
  endloop
endfacet
facet normal 0 -0 1
  outer loop
    vertex 0.02387336826375611 -0.6806612678704531 0.4
    vertex 0.03250322730811879 -0.5866446440568702 0.4
    vertex -0.04070477543269477 -0.6196061389797294 0.4
  endloop
endfacet
facet normal -0 0 1
  outer loop
    vertex 0.1235184533005315 -0.1483639855445204 0.4
    vertex 0.2053681973776486 -0.1973835417518745 0.4
    vertex 0.1962596033823778 -0.122171763018754 0.4
  endloop
endfacet
facet normal 0 0 1
  outer loop
    vertex 0.2358760250204002 -0.0616317413501707 0.4
    vertex 0.1444593474972672 -0.06292126271216725 0.4
    vertex 0.1962596033823778 -0.122171763018754 0.4
  endloop
endfacet
facet normal 0 0 1
  outer loop
    vertex -0.04783906239049866 -0.5356222997670216 0.4
    vertex -0.1457148780610767 -0.4920655165984681 0.4
    vertex -0.1221376288597216 -0.5886935781528219 0.4
  endloop
endfacet
facet normal 0 0 1
  outer loop
    vertex 0.2850000000001898 0.01 0.4
    vertex 0.2358760250204002 -0.0616317413501707 0.4
    vertex 0.312044454737493 -0.05781162158676821 0.4
  endloop
endfacet
facet normal -0 0 1
  outer loop
    vertex 0.1879188132330738 -0.6062179211658851 0.4
    vertex 0.2687005776096211 -0.6587005760921552 0.4
    vertex 0.2561469516578507 -0.5734515310921215 0.4
  endloop
endfacet
facet normal 0 0 1
  outer loop
    vertex -0.1112994220076284 -0.6587005770273197 0.4
    vertex -0.09835123555362253 -0.7570518144146352 0.4
    vertex -0.04782517242250824 -0.6989255002317885 0.4
  endloop
endfacet
facet normal 0 0 1
  outer loop
    vertex 0.3290896537906235 -0.5799999993893883 0.4
    vertex 0.2703746859443479 -0.4984841398092452 0.4
    vertex 0.2561469516578507 -0.5734515310921215 0.4
  endloop
endfacet
facet normal 0 0 1
  outer loop
    vertex -0.1899999988819988 -0.719089654083565 0.4
    vertex -0.1112994220076284 -0.6587005770273197 0.4
    vertex -0.1806719896523123 -0.6469947364245379 0.4
  endloop
endfacet
facet normal 0 -0 1
  outer loop
    vertex 1.92061072272963e-09 -0.77 0.4
    vertex 0.02387336826375611 -0.6806612678704531 0.4
    vertex -0.04782517242250824 -0.6989255002317885 0.4
  endloop
endfacet
facet normal 0 -0 1
  outer loop
    vertex -0.2921421035232845 -0.1494229952293478 0.4
    vertex -0.2376311526098606 -0.0712900335534456 0.4
    vertex -0.3117310351917121 -0.05973051656773798 0.4
  endloop
endfacet
facet normal 0 0 1
  outer loop
    vertex -0.2376311526098606 -0.0712900335534456 0.4
    vertex -0.2849999999997564 0.01 0.4
    vertex -0.3117310351917121 -0.05973051656773798 0.4
  endloop
endfacet
facet normal 0 0 1
  outer loop
    vertex 0.1444593474972672 -0.06292126271216725 0.4
    vertex 0.1235184533005315 -0.1483639855445204 0.4
    vertex 0.1962596033823778 -0.122171763018754 0.4
  endloop
endfacet
facet normal 0 0 1
  outer loop
    vertex 0.02387336826375611 -0.6806612678704531 0.4
    vertex -0.04070477543269477 -0.6196061389797294 0.4
    vertex -0.04782517242250824 -0.6989255002317885 0.4
  endloop
endfacet
facet normal 0 0 1
  outer loop
    vertex -0.04070477543269477 -0.6196061389797294 0.4
    vertex -0.1112994220076284 -0.6587005770273197 0.4
    vertex -0.04782517242250824 -0.6989255002317885 0.4
  endloop
endfacet
endsolid Created by Gmsh
