solid Created by Gmsh
facet normal -0 0 1
  outer loop
    vertex -0.02123149882481912 -0.6045247835121934 -0.4000000000000001
    vertex 0.03796216193062182 -0.6883512372116316 -0.4000000000000001
    vertex 0.09708727762361616 -0.6039414293916627 -0.4000000000000001
  endloop
endfacet
facet normal 0 0 1
  outer loop
    vertex 0.04581227980745127 -0.5300857950132467 -0.4000000000000001
    vertex -0.02123149882481912 -0.6045247835121934 -0.4000000000000001
    vertex 0.09708727762361616 -0.6039414293916627 -0.4000000000000001
  endloop
endfacet
facet normal 0 -0 1
  outer loop
    vertex -0.1893882362539842 0.5153654662807923 -0.4000000000000001
    vertex -0.1763249507939177 0.6204819376318588 -0.4000000000000001
    vertex -0.2466905147551469 0.5806845565072556 -0.4000000000000001
  endloop
endfacet
facet normal 0 0 1
  outer loop
    vertex -0.1121461369987876 0.5476198125512892 -0.4000000000000001
    vertex -0.1763249507939177 0.6204819376318588 -0.4000000000000001
    vertex -0.1893882362539842 0.5153654662807923 -0.4000000000000001
  endloop
endfacet
facet normal 0 0 1
  outer loop
    vertex -0.1112994220187118 -0.668700577017504 -0.4000000000000001
    vertex -0.1294467735725189 -0.5619831642757922 -0.4000000000000001
    vertex -0.1863699375283977 -0.6411479771864722 -0.4000000000000001
  endloop
endfacet
facet normal 0 0 1
  outer loop
    vertex 0.2188494474654475 0.1677929624076712 -0.4000000000000001
    vertex 0.2311368560525492 0.05839385197388441 -0.4000000000000001
    vertex 0.3023965220389501 0.1376978023964803 -0.4000000000000001
  endloop
endfacet
facet normal 0 0 1
  outer loop
    vertex 0.3023965220389501 0.1376978023964803 -0.4000000000000001
    vertex 0.2311368560525492 0.05839385197388441 -0.4000000000000001
    vertex 0.3160983268682319 0.05144755787691395 -0.4000000000000001
  endloop
endfacet
facet normal 0 0 1
  outer loop
    vertex -0.1294467735725189 -0.5619831642757922 -0.4000000000000001
    vertex -0.2324029169783175 -0.5772659130365159 -0.4000000000000001
    vertex -0.1863699375283977 -0.6411479771864722 -0.4000000000000001
  endloop
endfacet
facet normal 0 -0 1
  outer loop
    vertex -0.1112994220187118 -0.668700577017504 -0.4000000000000001
    vertex -0.02123149882481912 -0.6045247835121934 -0.4000000000000001
    vertex -0.1294467735725189 -0.5619831642757922 -0.4000000000000001
  endloop
endfacet
facet normal 0 0 1
  outer loop
    vertex -0.2148982840568366 0.4129012416343483 -0.4000000000000001
    vertex -0.2699491553186695 0.5088748031548275 -0.4000000000000001
    vertex -0.3054145971473215 0.4335076789813123 -0.4000000000000001
  endloop
endfacet
facet normal -0 0 1
  outer loop
    vertex -0.2699491553186695 0.5088748031548275 -0.4000000000000001
    vertex -0.2148982840568366 0.4129012416343483 -0.4000000000000001
    vertex -0.1893882362539842 0.5153654662807923 -0.4000000000000001
  endloop
endfacet
facet normal -0 0 1
  outer loop
    vertex 0.2248988494384526 0.3434037957949738 -0.4000000000000001
    vertex 0.2933974596213283 0.2499999999996027 -0.4000000000000001
    vertex 0.3129267940552383 0.3454106698314895 -0.4000000000000001
  endloop
endfacet
facet normal 0 0 1
  outer loop
    vertex 0.2933974596213283 0.2499999999996027 -0.4000000000000001
    vertex 0.2248988494384526 0.3434037957949738 -0.4000000000000001
    vertex 0.2015120833029378 0.2526560915716861 -0.4000000000000001
  endloop
endfacet
facet normal 0 0 1
  outer loop
    vertex 0.2065522469139163 -0.2936235067096471 -0.4000000000000001
    vertex 0.1403469359087652 -0.1990782080889773 -0.4000000000000001
    vertex 0.1180913162821845 -0.2952310086979921 -0.4000000000000001
  endloop
endfacet
facet normal 0 0 1
  outer loop
    vertex 0.1403469359087652 -0.1990782080889773 -0.4000000000000001
    vertex 0.2065522469139163 -0.2936235067096471 -0.4000000000000001
    vertex 0.2299531690543568 -0.1999724661035019 -0.4000000000000001
  endloop
endfacet
facet normal 0 0 1
  outer loop
    vertex 0.2311368560525492 0.05839385197388441 -0.4000000000000001
    vertex 0.2869582562496601 -0.03885386498392648 -0.4000000000000001
    vertex 0.3160983268682319 0.05144755787691395 -0.4000000000000001
  endloop
endfacet
facet normal 0 -0 1
  outer loop
    vertex 0.1430829367598225 0.4966159207596829 -0.4000000000000001
    vertex 0.2241897898274912 0.5722898019014664 -0.4000000000000001
    vertex 0.1278174157018675 0.588737828116875 -0.4000000000000001
  endloop
endfacet
facet normal 0 0 1
  outer loop
    vertex 0.2869582562496601 -0.03885386498392648 -0.4000000000000001
    vertex 0.2311368560525492 0.05839385197388441 -0.4000000000000001
    vertex 0.2066825479389859 -0.02784956093896496 -0.4000000000000001
  endloop
endfacet
facet normal 0 0 1
  outer loop
    vertex 0.03796216193062182 -0.6883512372116316 -0.4000000000000001
    vertex -0.02123149882481912 -0.6045247835121934 -0.4000000000000001
    vertex -0.03858399851430203 -0.7017256824303814 -0.4000000000000001
  endloop
endfacet
facet normal 0 0 1
  outer loop
    vertex 0.1225680241561816 -0.496845644605838 -0.4000000000000001
    vertex 0.04581227980745127 -0.5300857950132467 -0.4000000000000001
    vertex 0.09708727762361616 -0.6039414293916627 -0.4000000000000001
  endloop
endfacet
facet normal 0 0 1
  outer loop
    vertex 0.1225680241561816 -0.496845644605838 -0.4000000000000001
    vertex 0.09708727762361616 -0.6039414293916627 -0.4000000000000001
    vertex 0.1818103730701827 -0.5575036484793945 -0.4000000000000001
  endloop
endfacet
facet normal 0 -0 1
  outer loop
    vertex 0.2188494474654475 0.1677929624076712 -0.4000000000000001
    vertex 0.2933974596213283 0.2499999999996027 -0.4000000000000001
    vertex 0.2015120833029378 0.2526560915716861 -0.4000000000000001
  endloop
endfacet
facet normal 0 0 1
  outer loop
    vertex 0.2933974596213283 0.2499999999996027 -0.4000000000000001
    vertex 0.2188494474654475 0.1677929624076712 -0.4000000000000001
    vertex 0.3023965220389501 0.1376978023964803 -0.4000000000000001
  endloop
endfacet
facet normal 0 0 1
  outer loop
    vertex -0.2324029169783175 -0.5772659130365159 -0.4000000000000001
    vertex -0.1294467735725189 -0.5619831642757922 -0.4000000000000001
    vertex -0.2052373392640259 -0.4902060300166358 -0.4000000000000001
  endloop
endfacet
facet normal 0 0 1
  outer loop
    vertex 0.2102566324081865 -0.1092413809855133 -0.4000000000000001
    vertex 0.1403469359087652 -0.1990782080889773 -0.4000000000000001
    vertex 0.2299531690543568 -0.1999724661035019 -0.4000000000000001
  endloop
endfacet
facet normal 0 0 1
  outer loop
    vertex 0.2241897898274912 0.5722898019014664 -0.4000000000000001
    vertex 0.1430829367598225 0.4966159207596829 -0.4000000000000001
    vertex 0.2244881269819111 0.4913119027934937 -0.4000000000000001
  endloop
endfacet
facet normal 0 -0 1
  outer loop
    vertex 0.1403469359087652 -0.1990782080889773 -0.4000000000000001
    vertex 0.2102566324081865 -0.1092413809855133 -0.4000000000000001
    vertex 0.1258206838730129 -0.09414554704756319 -0.4000000000000001
  endloop
endfacet
facet normal 0 -0 1
  outer loop
    vertex 0.1437693036558728 -0.3873341985638095 -0.4000000000000001
    vertex 0.2065522469139163 -0.2936235067096471 -0.4000000000000001
    vertex 0.1180913162821845 -0.2952310086979921 -0.4000000000000001
  endloop
endfacet
facet normal 0 0 1
  outer loop
    vertex -0.2036453765907561 -0.3956594266291451 -0.4000000000000001
    vertex -0.206056798900319 -0.298348149069558 -0.4000000000000001
    vertex -0.2955230170877393 -0.3448279147266388 -0.4000000000000001
  endloop
endfacet
facet normal 0 0 1
  outer loop
    vertex -0.02123149882481912 -0.6045247835121934 -0.4000000000000001
    vertex -0.1112994220187118 -0.668700577017504 -0.4000000000000001
    vertex -0.03858399851430203 -0.7017256824303814 -0.4000000000000001
  endloop
endfacet
facet normal 0 0 1
  outer loop
    vertex 0.2065522469139163 -0.2936235067096471 -0.4000000000000001
    vertex 0.1437693036558728 -0.3873341985638095 -0.4000000000000001
    vertex 0.2249876732965273 -0.3775069890103713 -0.4000000000000001
  endloop
endfacet
facet normal 0 0 1
  outer loop
    vertex 0.134443473866392 0.00686679690817725 -0.4000000000000001
    vertex 0.1258206838730129 -0.09414554704756319 -0.4000000000000001
    vertex 0.2066825479389859 -0.02784956093896496 -0.4000000000000001
  endloop
endfacet
facet normal 0 0 1
  outer loop
    vertex 0.2731631164595494 -0.5195031510226624 -0.4000000000000001
    vertex 0.2077934111437328 -0.4614310325721521 -0.4000000000000001
    vertex 0.1818103730701827 -0.5575036484793945 -0.4000000000000001
  endloop
endfacet
facet normal 0 -0 1
  outer loop
    vertex -0.2883512369295334 -0.4379621606078743 -0.4000000000000001
    vertex -0.2036453765907561 -0.3956594266291451 -0.4000000000000001
    vertex -0.2955230170877393 -0.3448279147266388 -0.4000000000000001
  endloop
endfacet
facet normal -0 0 1
  outer loop
    vertex 0.1258206838730129 -0.09414554704756319 -0.4000000000000001
    vertex 0.2102566324081865 -0.1092413809855133 -0.4000000000000001
    vertex 0.2066825479389859 -0.02784956093896496 -0.4000000000000001
  endloop
endfacet
facet normal 0 0 1
  outer loop
    vertex -0.2064196677243363 -0.1991126331491609 -0.4000000000000001
    vertex -0.2936377488996239 -0.248732314808144 -0.4000000000000001
    vertex -0.206056798900319 -0.298348149069558 -0.4000000000000001
  endloop
endfacet
facet normal 0 0 1
  outer loop
    vertex -0.2936377488996239 -0.248732314808144 -0.4000000000000001
    vertex -0.2064196677243363 -0.1991126331491609 -0.4000000000000001
    vertex -0.2928070390531196 -0.1497057462020112 -0.4000000000000001
  endloop
endfacet
facet normal 0 0 1
  outer loop
    vertex -0.1186268313348754 -0.3484623249676553 -0.4000000000000001
    vertex -0.1195493992611947 -0.248778827526483 -0.4000000000000001
    vertex -0.206056798900319 -0.298348149069558 -0.4000000000000001
  endloop
endfacet
facet normal 0 0 1
  outer loop
    vertex -0.1195493992611947 -0.248778827526483 -0.4000000000000001
    vertex -0.2064196677243363 -0.1991126331491609 -0.4000000000000001
    vertex -0.206056798900319 -0.298348149069558 -0.4000000000000001
  endloop
endfacet
facet normal 6.36647e-16 0 1
  outer loop
    vertex -0.38 -0.09999999999919462 -0.4
    vertex -0.38 -0.1999999999994631 -0.4
    vertex -0.2928070390531196 -0.1497057462020112 -0.4000000000000001
  endloop
endfacet
facet normal 6.39743e-16 -5.36665e-18 1
  outer loop
    vertex -0.38 -0.1999999999994631 -0.4
    vertex -0.2936377488996239 -0.248732314808144 -0.4000000000000001
    vertex -0.2928070390531196 -0.1497057462020112 -0.4000000000000001
  endloop
endfacet
facet normal 6.4132e-16 1.04975e-18 1
  outer loop
    vertex -0.38 0.1000000000007782 -0.4
    vertex -0.2933608251616326 0.05020631086322588 -0.4000000000000001
    vertex -0.2935244666563503 0.1501793420186574 -0.4000000000000001
  endloop
endfacet
facet normal -0 0 1
  outer loop
    vertex -0.293203103462181 -0.04961778402310003 -0.4000000000000001
    vertex -0.2065051980518655 -0.09922791576347496 -0.4000000000000001
    vertex -0.206683341768164 0.0007832141880915552 -0.4000000000000001
  endloop
endfacet
facet normal 0 0 1
  outer loop
    vertex -0.121044837111637 0.4501105962651042 -0.4000000000000001
    vertex -0.2148982840568366 0.4129012416343483 -0.4000000000000001
    vertex -0.1222370206384348 0.3524584078757967 -0.4000000000000001
  endloop
endfacet
facet normal 0 -0 1
  outer loop
    vertex -0.2933608251616326 0.05020631086322588 -0.4000000000000001
    vertex -0.2068512619693132 0.1006597615877863 -0.4000000000000001
    vertex -0.2935244666563503 0.1501793420186574 -0.4000000000000001
  endloop
endfacet
facet normal 6.5441e-16 0 1
  outer loop
    vertex -0.38 0.4 -0.4
    vertex -0.38 0.3000000000002088 -0.4
    vertex -0.2951737322858635 0.3474111132971157 -0.4000000000000001
  endloop
endfacet
facet normal -6.54529e-16 0 1
  outer loop
    vertex 0.38 -0.4 -0.4
    vertex 0.38 -0.3000000000002088 -0.4
    vertex 0.2951891687562598 -0.3474444143369348 -0.4000000000000001
  endloop
endfacet
facet normal -6.30376e-16 -5.13546e-17 1
  outer loop
    vertex 0.38 -0.1000000000007782 -0.4
    vertex 0.2869582562496601 -0.03885386498392648 -0.4000000000000001
    vertex 0.2958645532389242 -0.14817840539582 -0.4000000000000001
  endloop
endfacet
facet normal 0 0 1
  outer loop
    vertex -0.2148982840568366 0.4129012416343483 -0.4000000000000001
    vertex -0.2075338466941439 0.2998223381033445 -0.4000000000000001
    vertex -0.1222370206384348 0.3524584078757967 -0.4000000000000001
  endloop
endfacet
facet normal 0 0 1
  outer loop
    vertex 0.2958645532389242 -0.14817840539582 -0.4000000000000001
    vertex 0.2869582562496601 -0.03885386498392648 -0.4000000000000001
    vertex 0.2102566324081865 -0.1092413809855133 -0.4000000000000001
  endloop
endfacet
facet normal 6.38087e-16 2.52501e-18 1
  outer loop
    vertex -0.38 -0.09999999999919462 -0.4
    vertex -0.2928070390531196 -0.1497057462020112 -0.4000000000000001
    vertex -0.293203103462181 -0.04961778402310003 -0.4000000000000001
  endloop
endfacet
facet normal -0 0 1
  outer loop
    vertex -0.2075338466941439 0.2998223381033445 -0.4000000000000001
    vertex -0.120790708741757 0.250584154754019 -0.4000000000000001
    vertex -0.1222370206384348 0.3524584078757967 -0.4000000000000001
  endloop
endfacet
facet normal 0 0 1
  outer loop
    vertex 0.1350163892700633 0.3961979810450826 -0.4000000000000001
    vertex 0.05169121244584481 0.3509538485134038 -0.4000000000000001
    vertex 0.1344599505614569 0.3005667815141188 -0.4000000000000001
  endloop
endfacet
facet normal 0 0 1
  outer loop
    vertex 0.05169121244584481 0.3509538485134038 -0.4000000000000001
    vertex 0.05167328454747165 0.2511738004072461 -0.4000000000000001
    vertex 0.1344599505614569 0.3005667815141188 -0.4000000000000001
  endloop
endfacet
facet normal -0 0 1
  outer loop
    vertex -0.03443923691328492 0.3008118087069978 -0.4000000000000001
    vertex 0.05167328454747165 0.2511738004072461 -0.4000000000000001
    vertex 0.05169121244584481 0.3509538485134038 -0.4000000000000001
  endloop
endfacet
facet normal 0 -0 1
  outer loop
    vertex -0.03443923691328492 0.3008118087069978 -0.4000000000000001
    vertex 0.05169121244584481 0.3509538485134038 -0.4000000000000001
    vertex -0.03471521031294976 0.4005203077909664 -0.4000000000000001
  endloop
endfacet
facet normal -0 0 1
  outer loop
    vertex -0.03471521031294976 0.4005203077909664 -0.4000000000000001
    vertex 0.05169121244584481 0.3509538485134038 -0.4000000000000001
    vertex 0.05134402554730649 0.4506002536020954 -0.4000000000000001
  endloop
endfacet
facet normal 0 -0 1
  outer loop
    vertex -0.0339242604590642 -0.09864110015364914 -0.4000000000000001
    vertex -0.03368238938648631 0.001261013315830098 -0.4000000000000001
    vertex -0.1202273000778355 -0.04889315887715406 -0.4000000000000001
  endloop
endfacet
facet normal 0 0 1
  outer loop
    vertex -0.03471521031294976 0.4005203077909664 -0.4000000000000001
    vertex 0.05134402554730649 0.4506002536020954 -0.4000000000000001
    vertex -0.0344494315790045 0.4991275313197555 -0.4000000000000001
  endloop
endfacet
facet normal -6.59783e-16 0 1
  outer loop
    vertex 0.38 -0.2000000000004825 -0.4
    vertex 0.38 -0.1000000000007782 -0.4
    vertex 0.2958645532389242 -0.14817840539582 -0.4000000000000001
  endloop
endfacet
facet normal 0 0 1
  outer loop
    vertex 0.05311536296227788 -0.447499415449913 -0.4000000000000001
    vertex 0.04581227980745127 -0.5300857950132467 -0.4000000000000001
    vertex 0.1225680241561816 -0.496845644605838 -0.4000000000000001
  endloop
endfacet
facet normal 0 0 1
  outer loop
    vertex 0.04998569046998978 -0.3479181992731529 -0.4000000000000001
    vertex -0.03351476000589189 -0.2983060284631222 -0.4000000000000001
    vertex -0.03324067878782054 -0.3979341641422489 -0.4000000000000001
  endloop
endfacet
facet normal 0 0 1
  outer loop
    vertex 0.04980240446237841 -0.2482009308543739 -0.4000000000000001
    vertex -0.03351476000589189 -0.2983060284631222 -0.4000000000000001
    vertex 0.04998569046998978 -0.3479181992731529 -0.4000000000000001
  endloop
endfacet
facet normal 6.41929e-16 0 1
  outer loop
    vertex -0.38 0.2000000000004825 -0.4
    vertex -0.38 0.1000000000007782 -0.4
    vertex -0.2935244666563503 0.1501793420186574 -0.4000000000000001
  endloop
endfacet
facet normal 0 0 1
  outer loop
    vertex 0.04998569046998978 -0.3479181992731529 -0.4000000000000001
    vertex -0.03324067878782054 -0.3979341641422489 -0.4000000000000001
    vertex 0.05311536296227788 -0.447499415449913 -0.4000000000000001
  endloop
endfacet
facet normal 0 0 1
  outer loop
    vertex 0.1350163892700633 0.3961979810450826 -0.4000000000000001
    vertex 0.1344599505614569 0.3005667815141188 -0.4000000000000001
    vertex 0.2248988494384526 0.3434037957949738 -0.4000000000000001
  endloop
endfacet
facet normal 0 0 1
  outer loop
    vertex -0.1294467735725189 -0.5619831642757922 -0.4000000000000001
    vertex -0.03245454717315652 -0.4974597686512729 -0.4000000000000001
    vertex -0.1186015228800774 -0.4479411922166082 -0.4000000000000001
  endloop
endfacet
facet normal 6.39552e-16 0 1
  outer loop
    vertex -0.38 1.063038546078587e-12 -0.4
    vertex -0.38 -0.09999999999919462 -0.4
    vertex -0.293203103462181 -0.04961778402310003 -0.4000000000000001
  endloop
endfacet
facet normal -0 0 1
  outer loop
    vertex -0.0344494315790045 0.4991275313197555 -0.4000000000000001
    vertex 0.05134402554730649 0.4506002536020954 -0.4000000000000001
    vertex 0.04964681158073146 0.5466154913831864 -0.4000000000000001
  endloop
endfacet
facet normal 0 0 1
  outer loop
    vertex -0.03443923691328492 0.3008118087069978 -0.4000000000000001
    vertex -0.03418427261044987 0.2009996146074815 -0.4000000000000001
    vertex 0.05167328454747165 0.2511738004072461 -0.4000000000000001
  endloop
endfacet
facet normal 0 0 1
  outer loop
    vertex 0.04980240446237841 -0.2482009308543739 -0.4000000000000001
    vertex -0.03378144255669035 -0.1985253342888096 -0.4000000000000001
    vertex -0.03351476000589189 -0.2983060284631222 -0.4000000000000001
  endloop
endfacet
facet normal 0 0 1
  outer loop
    vertex 0.05311536296227788 -0.447499415449913 -0.4000000000000001
    vertex -0.03324067878782054 -0.3979341641422489 -0.4000000000000001
    vertex -0.03245454717315652 -0.4974597686512729 -0.4000000000000001
  endloop
endfacet
facet normal -0 0 1
  outer loop
    vertex -0.2951737322858635 0.3474111132971157 -0.4000000000000001
    vertex -0.2075338466941439 0.2998223381033445 -0.4000000000000001
    vertex -0.2148982840568366 0.4129012416343483 -0.4000000000000001
  endloop
endfacet
facet normal 0 0 1
  outer loop
    vertex -0.03245454717315652 -0.4974597686512729 -0.4000000000000001
    vertex -0.03324067878782054 -0.3979341641422489 -0.4000000000000001
    vertex -0.1186015228800774 -0.4479411922166082 -0.4000000000000001
  endloop
endfacet
facet normal 0 0 1
  outer loop
    vertex 0.05311536296227788 -0.447499415449913 -0.4000000000000001
    vertex -0.03245454717315652 -0.4974597686512729 -0.4000000000000001
    vertex 0.04581227980745127 -0.5300857950132467 -0.4000000000000001
  endloop
endfacet
facet normal 0 0 1
  outer loop
    vertex 0.04966887557933433 -0.14837308820578 -0.4000000000000001
    vertex -0.03378144255669035 -0.1985253342888096 -0.4000000000000001
    vertex 0.04980240446237841 -0.2482009308543739 -0.4000000000000001
  endloop
endfacet
facet normal 0 0 1
  outer loop
    vertex 0.04581227980745127 -0.5300857950132467 -0.4000000000000001
    vertex -0.03245454717315652 -0.4974597686512729 -0.4000000000000001
    vertex -0.02123149882481912 -0.6045247835121934 -0.4000000000000001
  endloop
endfacet
facet normal 0 0 1
  outer loop
    vertex -0.2933608251616326 0.05020631086322588 -0.4000000000000001
    vertex -0.293203103462181 -0.04961778402310003 -0.4000000000000001
    vertex -0.206683341768164 0.0007832141880915552 -0.4000000000000001
  endloop
endfacet
facet normal 0 0 1
  outer loop
    vertex 0.1437693036558728 -0.3873341985638095 -0.4000000000000001
    vertex 0.05311536296227788 -0.447499415449913 -0.4000000000000001
    vertex 0.1225680241561816 -0.496845644605838 -0.4000000000000001
  endloop
endfacet
facet normal 0 0 1
  outer loop
    vertex -0.2951737322858635 0.3474111132971157 -0.4000000000000001
    vertex -0.2938046289566343 0.2498000854426022 -0.4000000000000001
    vertex -0.2075338466941439 0.2998223381033445 -0.4000000000000001
  endloop
endfacet
facet normal -6.63327e-16 -5.75351e-18 1
  outer loop
    vertex 0.2967454768019917 -0.249740829337552 -0.4000000000000001
    vertex 0.38 -0.2000000000004825 -0.4
    vertex 0.2958645532389242 -0.14817840539582 -0.4000000000000001
  endloop
endfacet
facet normal 0 -0 1
  outer loop
    vertex -0.120790708741757 0.250584154754019 -0.4000000000000001
    vertex -0.03443923691328492 0.3008118087069978 -0.4000000000000001
    vertex -0.1222370206384348 0.3524584078757967 -0.4000000000000001
  endloop
endfacet
facet normal 0 0 1
  outer loop
    vertex 0.04966887557933433 -0.14837308820578 -0.4000000000000001
    vertex -0.0339242604590642 -0.09864110015364914 -0.4000000000000001
    vertex -0.03378144255669035 -0.1985253342888096 -0.4000000000000001
  endloop
endfacet
facet normal -0 0 1
  outer loop
    vertex -0.120790708741757 0.250584154754019 -0.4000000000000001
    vertex -0.03418427261044987 0.2009996146074815 -0.4000000000000001
    vertex -0.03443923691328492 0.3008118087069978 -0.4000000000000001
  endloop
endfacet
facet normal 0 -0 1
  outer loop
    vertex -0.03471521031294976 0.4005203077909664 -0.4000000000000001
    vertex -0.0344494315790045 0.4991275313197555 -0.4000000000000001
    vertex -0.121044837111637 0.4501105962651042 -0.4000000000000001
  endloop
endfacet
facet normal 0 0 1
  outer loop
    vertex 0.05134402554730649 0.4506002536020954 -0.4000000000000001
    vertex 0.05169121244584481 0.3509538485134038 -0.4000000000000001
    vertex 0.1350163892700633 0.3961979810450826 -0.4000000000000001
  endloop
endfacet
facet normal -0 0 1
  outer loop
    vertex 0.05134402554730649 0.4506002536020954 -0.4000000000000001
    vertex 0.1350163892700633 0.3961979810450826 -0.4000000000000001
    vertex 0.1430829367598225 0.4966159207596829 -0.4000000000000001
  endloop
endfacet
facet normal 0 -0 1
  outer loop
    vertex -0.2065051980518655 -0.09922791576347496 -0.4000000000000001
    vertex -0.1202273000778355 -0.04889315887715406 -0.4000000000000001
    vertex -0.206683341768164 0.0007832141880915552 -0.4000000000000001
  endloop
endfacet
facet normal 0 -0 1
  outer loop
    vertex -0.1197516271768343 -0.1488232047148631 -0.4000000000000001
    vertex -0.0339242604590642 -0.09864110015364914 -0.4000000000000001
    vertex -0.1202273000778355 -0.04889315887715406 -0.4000000000000001
  endloop
endfacet
facet normal 0 -0 1
  outer loop
    vertex 0.2951891687562598 -0.3474444143369348 -0.4000000000000001
    vertex 0.2967454768019917 -0.249740829337552 -0.4000000000000001
    vertex 0.2065522469139163 -0.2936235067096471 -0.4000000000000001
  endloop
endfacet
facet normal 0 0 1
  outer loop
    vertex -0.1195493992611947 -0.248778827526483 -0.4000000000000001
    vertex -0.1197516271768343 -0.1488232047148631 -0.4000000000000001
    vertex -0.2064196677243363 -0.1991126331491609 -0.4000000000000001
  endloop
endfacet
facet normal 0 0 1
  outer loop
    vertex -0.03471521031294976 0.4005203077909664 -0.4000000000000001
    vertex -0.121044837111637 0.4501105962651042 -0.4000000000000001
    vertex -0.1222370206384348 0.3524584078757967 -0.4000000000000001
  endloop
endfacet
facet normal 0 0 1
  outer loop
    vertex 0.05001631640731787 -0.04848018763449668 -0.4000000000000001
    vertex -0.0339242604590642 -0.09864110015364914 -0.4000000000000001
    vertex 0.04966887557933433 -0.14837308820578 -0.4000000000000001
  endloop
endfacet
facet normal 0 0 1
  outer loop
    vertex -0.02123149882481912 -0.6045247835121934 -0.4000000000000001
    vertex -0.03245454717315652 -0.4974597686512729 -0.4000000000000001
    vertex -0.1294467735725189 -0.5619831642757922 -0.4000000000000001
  endloop
endfacet
facet normal 0 0 1
  outer loop
    vertex 0.04964681158073146 0.5466154913831864 -0.4000000000000001
    vertex 0.05134402554730649 0.4506002536020954 -0.4000000000000001
    vertex 0.1430829367598225 0.4966159207596829 -0.4000000000000001
  endloop
endfacet
facet normal 0 0 1
  outer loop
    vertex 0.04998569046998978 -0.3479181992731529 -0.4000000000000001
    vertex 0.05311536296227788 -0.447499415449913 -0.4000000000000001
    vertex 0.1437693036558728 -0.3873341985638095 -0.4000000000000001
  endloop
endfacet
facet normal 0 0 1
  outer loop
    vertex -0.03324067878782054 -0.3979341641422489 -0.4000000000000001
    vertex -0.03351476000589189 -0.2983060284631222 -0.4000000000000001
    vertex -0.1186268313348754 -0.3484623249676553 -0.4000000000000001
  endloop
endfacet
facet normal 0 0 1
  outer loop
    vertex -0.03378144255669035 -0.1985253342888096 -0.4000000000000001
    vertex -0.1197516271768343 -0.1488232047148631 -0.4000000000000001
    vertex -0.1195493992611947 -0.248778827526483 -0.4000000000000001
  endloop
endfacet
facet normal -0 0 1
  outer loop
    vertex -0.03418427261044987 0.2009996146074815 -0.4000000000000001
    vertex 0.05245555816651169 0.1513362771429994 -0.4000000000000001
    vertex 0.05167328454747165 0.2511738004072461 -0.4000000000000001
  endloop
endfacet
facet normal 6.42771e-16 0 1
  outer loop
    vertex -0.38 -0.1999999999994631 -0.4
    vertex -0.38 -0.2999999999997424 -0.4
    vertex -0.2936377488996239 -0.248732314808144 -0.4000000000000001
  endloop
endfacet
facet normal -6.40988e-16 0 1
  outer loop
    vertex 0.38 0.1999999999994631 -0.4
    vertex 0.38 0.2999999999997424 -0.4
    vertex 0.2933974596213283 0.2499999999996027 -0.4000000000000001
  endloop
endfacet
facet normal 0 0 1
  outer loop
    vertex -0.03443923691328492 0.3008118087069978 -0.4000000000000001
    vertex -0.03471521031294976 0.4005203077909664 -0.4000000000000001
    vertex -0.1222370206384348 0.3524584078757967 -0.4000000000000001
  endloop
endfacet
facet normal 6.44015e-16 0 1
  outer loop
    vertex -0.38 0.3000000000002088 -0.4
    vertex -0.38 0.2000000000004825 -0.4
    vertex -0.2938046289566343 0.2498000854426022 -0.4000000000000001
  endloop
endfacet
facet normal 0 -0 1
  outer loop
    vertex 0.05245555816651169 0.1513362771429994 -0.4000000000000001
    vertex 0.1359547094280036 0.2015169181420635 -0.4000000000000001
    vertex 0.05167328454747165 0.2511738004072461 -0.4000000000000001
  endloop
endfacet
facet normal 0 0 1
  outer loop
    vertex -0.03324067878782054 -0.3979341641422489 -0.4000000000000001
    vertex -0.1186268313348754 -0.3484623249676553 -0.4000000000000001
    vertex -0.1186015228800774 -0.4479411922166082 -0.4000000000000001
  endloop
endfacet
facet normal -0 0 1
  outer loop
    vertex 0.05167328454747165 0.2511738004072461 -0.4000000000000001
    vertex 0.1359547094280036 0.2015169181420635 -0.4000000000000001
    vertex 0.1344599505614569 0.3005667815141188 -0.4000000000000001
  endloop
endfacet
facet normal 0 0 1
  outer loop
    vertex 0.04966887557933433 -0.14837308820578 -0.4000000000000001
    vertex 0.04980240446237841 -0.2482009308543739 -0.4000000000000001
    vertex 0.1403469359087652 -0.1990782080889773 -0.4000000000000001
  endloop
endfacet
facet normal 0 0 1
  outer loop
    vertex 0.05001631640731787 -0.04848018763449668 -0.4000000000000001
    vertex -0.03368238938648631 0.001261013315830098 -0.4000000000000001
    vertex -0.0339242604590642 -0.09864110015364914 -0.4000000000000001
  endloop
endfacet
facet normal 0 0 1
  outer loop
    vertex 0.05272697117113214 0.05143840228943178 -0.4000000000000001
    vertex -0.03368238938648631 0.001261013315830098 -0.4000000000000001
    vertex 0.05001631640731787 -0.04848018763449668 -0.4000000000000001
  endloop
endfacet
facet normal 0 -0 1
  outer loop
    vertex -0.1202273000778355 -0.04889315887715406 -0.4000000000000001
    vertex -0.03368238938648631 0.001261013315830098 -0.4000000000000001
    vertex -0.1202830417142247 0.05100223268438609 -0.4000000000000001
  endloop
endfacet
facet normal -5.96626e-16 0 1
  outer loop
    vertex 0.38 -0.1000000000007782 -0.4
    vertex 0.38 -1.063038546078587e-12 -0.4
    vertex 0.2869582562496601 -0.03885386498392648 -0.4000000000000001
  endloop
endfacet
facet normal 6.40717e-16 0 1
  outer loop
    vertex -0.38 0.1000000000007782 -0.4
    vertex -0.38 1.063038546078587e-12 -0.4
    vertex -0.2933608251616326 0.05020631086322588 -0.4000000000000001
  endloop
endfacet
facet normal -0 0 1
  outer loop
    vertex 0.05245555816651169 0.1513362771429994 -0.4000000000000001
    vertex 0.1391184201783666 0.1016303240642728 -0.4000000000000001
    vertex 0.1359547094280036 0.2015169181420635 -0.4000000000000001
  endloop
endfacet
facet normal 0 0 1
  outer loop
    vertex 0.05272697117113214 0.05143840228943178 -0.4000000000000001
    vertex 0.05001631640731787 -0.04848018763449668 -0.4000000000000001
    vertex 0.134443473866392 0.00686679690817725 -0.4000000000000001
  endloop
endfacet
facet normal 0 0 1
  outer loop
    vertex 0.05272697117113214 0.05143840228943178 -0.4000000000000001
    vertex -0.03391342128644773 0.1011514083713575 -0.4000000000000001
    vertex -0.03368238938648631 0.001261013315830098 -0.4000000000000001
  endloop
endfacet
facet normal 0 0 1
  outer loop
    vertex 0.1359547094280036 0.2015169181420635 -0.4000000000000001
    vertex 0.1391184201783666 0.1016303240642728 -0.4000000000000001
    vertex 0.2188494474654475 0.1677929624076712 -0.4000000000000001
  endloop
endfacet
facet normal 0 0 1
  outer loop
    vertex -0.03378144255669035 -0.1985253342888096 -0.4000000000000001
    vertex -0.0339242604590642 -0.09864110015364914 -0.4000000000000001
    vertex -0.1197516271768343 -0.1488232047148631 -0.4000000000000001
  endloop
endfacet
facet normal 0 0 1
  outer loop
    vertex 0.2311368560525492 0.05839385197388441 -0.4000000000000001
    vertex 0.1391184201783666 0.1016303240642728 -0.4000000000000001
    vertex 0.134443473866392 0.00686679690817725 -0.4000000000000001
  endloop
endfacet
facet normal -0 0 1
  outer loop
    vertex -0.2065051980518655 -0.09922791576347496 -0.4000000000000001
    vertex -0.1197516271768343 -0.1488232047148631 -0.4000000000000001
    vertex -0.1202273000778355 -0.04889315887715406 -0.4000000000000001
  endloop
endfacet
facet normal 0 0 1
  outer loop
    vertex 0.1391184201783666 0.1016303240642728 -0.4000000000000001
    vertex 0.05272697117113214 0.05143840228943178 -0.4000000000000001
    vertex 0.134443473866392 0.00686679690817725 -0.4000000000000001
  endloop
endfacet
facet normal 0 0 1
  outer loop
    vertex 0.05245555816651169 0.1513362771429994 -0.4000000000000001
    vertex 0.05272697117113214 0.05143840228943178 -0.4000000000000001
    vertex 0.1391184201783666 0.1016303240642728 -0.4000000000000001
  endloop
endfacet
facet normal -8.43405e-17 6.40629e-16 1
  outer loop
    vertex 1.910161396880592e-09 -0.78 -0.4
    vertex 0.0983512387205322 -0.7670518135660644 -0.4
    vertex 0.03796216193062182 -0.6883512372116316 -0.4000000000000001
  endloop
endfacet
facet normal 8.02568e-17 -6.09611e-16 1
  outer loop
    vertex -1.910161396880592e-09 0.78 -0.4
    vertex -0.0983512387205322 0.7670518135660644 -0.4
    vertex -0.03857394484067254 0.6838616968703417 -0.4000000000000001
  endloop
endfacet
facet normal -6.66764e-16 0 1
  outer loop
    vertex 0.38 -0.3000000000002088 -0.4
    vertex 0.38 -0.2000000000004825 -0.4
    vertex 0.2967454768019917 -0.249740829337552 -0.4000000000000001
  endloop
endfacet
facet normal 0 0 1
  outer loop
    vertex 0.2188494474654475 0.1677929624076712 -0.4000000000000001
    vertex 0.1391184201783666 0.1016303240642728 -0.4000000000000001
    vertex 0.2311368560525492 0.05839385197388441 -0.4000000000000001
  endloop
endfacet
facet normal 0 0 1
  outer loop
    vertex 0.05245555816651169 0.1513362771429994 -0.4000000000000001
    vertex -0.03391342128644773 0.1011514083713575 -0.4000000000000001
    vertex 0.05272697117113214 0.05143840228943178 -0.4000000000000001
  endloop
endfacet
facet normal -4.61166e-16 6.01003e-16 1
  outer loop
    vertex 0.1900000012045684 -0.7290896527426287 -0.4
    vertex 0.2687005776133152 -0.668700576088461 -0.4
    vertex 0.1846219514476651 -0.6408522461044978 -0.4000000000000001
  endloop
endfacet
facet normal 3.5764e-16 -4.66085e-16 1
  outer loop
    vertex -0.1900000012045684 0.7290896527426287 -0.4
    vertex -0.2687005776133152 0.668700576088461 -0.4
    vertex -0.1763249507939177 0.6204819376318588 -0.4000000000000001
  endloop
endfacet
facet normal 2.47274e-16 5.96972e-16 1
  outer loop
    vertex -0.1899999989000976 -0.7290896540731157 -0.4
    vertex -0.09835123556876248 -0.7670518144105786 -0.4
    vertex -0.1112994220187118 -0.668700577017504 -0.4000000000000001
  endloop
endfacet
facet normal -2.69265e-16 -6.50062e-16 1
  outer loop
    vertex 0.1899999989000976 0.7290896540731157 -0.4
    vertex 0.09835123556876248 0.7670518144105786 -0.4
    vertex 0.1136171726389728 0.6753348846295505 -0.4000000000000001
  endloop
endfacet
facet normal 0 0 1
  outer loop
    vertex -0.03418427261044987 0.2009996146074815 -0.4000000000000001
    vertex -0.03391342128644773 0.1011514083713575 -0.4000000000000001
    vertex 0.05245555816651169 0.1513362771429994 -0.4000000000000001
  endloop
endfacet
facet normal 0 0 1
  outer loop
    vertex -0.2064196677243363 -0.1991126331491609 -0.4000000000000001
    vertex -0.2065051980518655 -0.09922791576347496 -0.4000000000000001
    vertex -0.2928070390531196 -0.1497057462020112 -0.4000000000000001
  endloop
endfacet
facet normal 6.4932e-16 9.10743e-18 1
  outer loop
    vertex -0.2951737322858635 0.3474111132971157 -0.4000000000000001
    vertex -0.38 0.3000000000002088 -0.4
    vertex -0.2938046289566343 0.2498000854426022 -0.4000000000000001
  endloop
endfacet
facet normal 0 0 1
  outer loop
    vertex -0.03351476000589189 -0.2983060284631222 -0.4000000000000001
    vertex -0.03378144255669035 -0.1985253342888096 -0.4000000000000001
    vertex -0.1195493992611947 -0.248778827526483 -0.4000000000000001
  endloop
endfacet
facet normal 0 0 1
  outer loop
    vertex -0.03391342128644773 0.1011514083713575 -0.4000000000000001
    vertex -0.1205245872067974 0.1508251856892691 -0.4000000000000001
    vertex -0.1202830417142247 0.05100223268438609 -0.4000000000000001
  endloop
endfacet
facet normal 0 0 1
  outer loop
    vertex -0.2075338466941439 0.2998223381033445 -0.4000000000000001
    vertex -0.2071300838505216 0.2004098942170693 -0.4000000000000001
    vertex -0.120790708741757 0.250584154754019 -0.4000000000000001
  endloop
endfacet
facet normal 6.4013e-16 1.0114e-18 1
  outer loop
    vertex -0.2933608251616326 0.05020631086322588 -0.4000000000000001
    vertex -0.38 1.063038546078587e-12 -0.4
    vertex -0.293203103462181 -0.04961778402310003 -0.4000000000000001
  endloop
endfacet
facet normal 0 0 1
  outer loop
    vertex -0.120790708741757 0.250584154754019 -0.4000000000000001
    vertex -0.1205245872067974 0.1508251856892691 -0.4000000000000001
    vertex -0.03418427261044987 0.2009996146074815 -0.4000000000000001
  endloop
endfacet
facet normal 0 -0 1
  outer loop
    vertex -0.2064196677243363 -0.1991126331491609 -0.4000000000000001
    vertex -0.1197516271768343 -0.1488232047148631 -0.4000000000000001
    vertex -0.2065051980518655 -0.09922791576347496 -0.4000000000000001
  endloop
endfacet
facet normal 0 0 1
  outer loop
    vertex -0.03418427261044987 0.2009996146074815 -0.4000000000000001
    vertex -0.1205245872067974 0.1508251856892691 -0.4000000000000001
    vertex -0.03391342128644773 0.1011514083713575 -0.4000000000000001
  endloop
endfacet
facet normal 5.21437e-16 4.00113e-16 1
  outer loop
    vertex -0.3290896531556072 -0.5900000004892688 -0.4
    vertex -0.2687005761723428 -0.6687005775294333 -0.4
    vertex -0.2324029169783175 -0.5772659130365159 -0.4000000000000001
  endloop
endfacet
facet normal -4.68491e-16 -3.59485e-16 1
  outer loop
    vertex 0.3290896531556072 0.5900000004892688 -0.4
    vertex 0.2687005761723428 0.6687005775294333 -0.4
    vertex 0.2241897898274912 0.5722898019014664 -0.4000000000000001
  endloop
endfacet
facet normal 0 0 1
  outer loop
    vertex -0.2068512619693132 0.1006597615877863 -0.4000000000000001
    vertex -0.2933608251616326 0.05020631086322588 -0.4000000000000001
    vertex -0.206683341768164 0.0007832141880915552 -0.4000000000000001
  endloop
endfacet
facet normal 0 0 1
  outer loop
    vertex -0.03368238938648631 0.001261013315830098 -0.4000000000000001
    vertex -0.03391342128644773 0.1011514083713575 -0.4000000000000001
    vertex -0.1202830417142247 0.05100223268438609 -0.4000000000000001
  endloop
endfacet
facet normal 6.42971e-16 1.80822e-18 1
  outer loop
    vertex -0.2938046289566343 0.2498000854426022 -0.4000000000000001
    vertex -0.38 0.2000000000004825 -0.4
    vertex -0.2935244666563503 0.1501793420186574 -0.4000000000000001
  endloop
endfacet
facet normal 0 0 1
  outer loop
    vertex -0.2075338466941439 0.2998223381033445 -0.4000000000000001
    vertex -0.2938046289566343 0.2498000854426022 -0.4000000000000001
    vertex -0.2071300838505216 0.2004098942170693 -0.4000000000000001
  endloop
endfacet
facet normal -6.52096e-16 2.70107e-16 1
  outer loop
    vertex 0.3290896537958481 -0.5899999993803391 -0.4
    vertex 0.367051814075238 -0.4983512368202705 -0.4
    vertex 0.2731631164595494 -0.5195031510226624 -0.4000000000000001
  endloop
endfacet
facet normal 5.98544e-16 -2.47925e-16 1
  outer loop
    vertex -0.3290896537958481 0.5899999993803391 -0.4
    vertex -0.367051814075238 0.4983512368202705 -0.4
    vertex -0.2699491553186695 0.5088748031548275 -0.4000000000000001
  endloop
endfacet
facet normal 0 0 1
  outer loop
    vertex -0.1205245872067974 0.1508251856892691 -0.4000000000000001
    vertex -0.2068512619693132 0.1006597615877863 -0.4000000000000001
    vertex -0.1202830417142247 0.05100223268438609 -0.4000000000000001
  endloop
endfacet
facet normal 0 -0 1
  outer loop
    vertex -0.1186268313348754 -0.3484623249676553 -0.4000000000000001
    vertex -0.03351476000589189 -0.2983060284631222 -0.4000000000000001
    vertex -0.1195493992611947 -0.248778827526483 -0.4000000000000001
  endloop
endfacet
facet normal 0 0 1
  outer loop
    vertex -0.120790708741757 0.250584154754019 -0.4000000000000001
    vertex -0.2071300838505216 0.2004098942170693 -0.4000000000000001
    vertex -0.1205245872067974 0.1508251856892691 -0.4000000000000001
  endloop
endfacet
facet normal -6.60414e-16 1.05196e-17 1
  outer loop
    vertex 0.2951891687562598 -0.3474444143369348 -0.4000000000000001
    vertex 0.38 -0.3000000000002088 -0.4
    vertex 0.2967454768019917 -0.249740829337552 -0.4000000000000001
  endloop
endfacet
facet normal 0 0 1
  outer loop
    vertex -0.1205245872067974 0.1508251856892691 -0.4000000000000001
    vertex -0.2071300838505216 0.2004098942170693 -0.4000000000000001
    vertex -0.2068512619693132 0.1006597615877863 -0.4000000000000001
  endloop
endfacet
facet normal 0 -0 1
  outer loop
    vertex -0.2928070390531196 -0.1497057462020112 -0.4000000000000001
    vertex -0.2065051980518655 -0.09922791576347496 -0.4000000000000001
    vertex -0.293203103462181 -0.04961778402310003 -0.4000000000000001
  endloop
endfacet
facet normal 6.40629e-16 8.43405e-17 1
  outer loop
    vertex -0.38 -0.4 -0.4
    vertex -0.3670518139337308 -0.4983512373483824 -0.4
    vertex -0.2883512369295334 -0.4379621606078743 -0.4000000000000001
  endloop
endfacet
facet normal -6.22097e-16 -8.19006e-17 1
  outer loop
    vertex 0.38 0.4 -0.4
    vertex 0.3670518139337308 0.4983512373483824 -0.4
    vertex 0.2863376612164109 0.4336495533631293 -0.4000000000000001
  endloop
endfacet
facet normal 0 0 1
  outer loop
    vertex -0.2071300838505216 0.2004098942170693 -0.4000000000000001
    vertex -0.2938046289566343 0.2498000854426022 -0.4000000000000001
    vertex -0.2935244666563503 0.1501793420186574 -0.4000000000000001
  endloop
endfacet
facet normal 0 0 1
  outer loop
    vertex -0.2068512619693132 0.1006597615877863 -0.4000000000000001
    vertex -0.2071300838505216 0.2004098942170693 -0.4000000000000001
    vertex -0.2935244666563503 0.1501793420186574 -0.4000000000000001
  endloop
endfacet
facet normal 0 0 1
  outer loop
    vertex -0.1202273000778355 -0.04889315887715406 -0.4000000000000001
    vertex -0.1202830417142247 0.05100223268438609 -0.4000000000000001
    vertex -0.206683341768164 0.0007832141880915552 -0.4000000000000001
  endloop
endfacet
facet normal 0 0 1
  outer loop
    vertex -0.1202830417142247 0.05100223268438609 -0.4000000000000001
    vertex -0.2068512619693132 0.1006597615877863 -0.4000000000000001
    vertex -0.206683341768164 0.0007832141880915552 -0.4000000000000001
  endloop
endfacet
facet normal 0 0 1
  outer loop
    vertex -0.121044837111637 0.4501105962651042 -0.4000000000000001
    vertex -0.0344494315790045 0.4991275313197555 -0.4000000000000001
    vertex -0.1121461369987876 0.5476198125512892 -0.4000000000000001
  endloop
endfacet
facet normal 0 0 1
  outer loop
    vertex 0.2077934111437328 -0.4614310325721521 -0.4000000000000001
    vertex 0.1225680241561816 -0.496845644605838 -0.4000000000000001
    vertex 0.1818103730701827 -0.5575036484793945 -0.4000000000000001
  endloop
endfacet
facet normal 0 0 1
  outer loop
    vertex -0.1186268313348754 -0.3484623249676553 -0.4000000000000001
    vertex -0.206056798900319 -0.298348149069558 -0.4000000000000001
    vertex -0.2036453765907561 -0.3956594266291451 -0.4000000000000001
  endloop
endfacet
facet normal 0 0 1
  outer loop
    vertex -0.206056798900319 -0.298348149069558 -0.4000000000000001
    vertex -0.2936377488996239 -0.248732314808144 -0.4000000000000001
    vertex -0.2955230170877393 -0.3448279147266388 -0.4000000000000001
  endloop
endfacet
facet normal 6.57116e-16 0 1
  outer loop
    vertex -0.38 -0.2999999999997424 -0.4
    vertex -0.38 -0.4 -0.4
    vertex -0.2955230170877393 -0.3448279147266388 -0.4000000000000001
  endloop
endfacet
facet normal 6.25651e-16 4.81781e-17 1
  outer loop
    vertex -0.38 -0.4 -0.4
    vertex -0.2883512369295334 -0.4379621606078743 -0.4000000000000001
    vertex -0.2955230170877393 -0.3448279147266388 -0.4000000000000001
  endloop
endfacet
facet normal -0 0 1
  outer loop
    vertex -0.1121461369987876 0.5476198125512892 -0.4000000000000001
    vertex -0.0344494315790045 0.4991275313197555 -0.4000000000000001
    vertex -0.03223736032856775 0.5942993977247359 -0.4000000000000001
  endloop
endfacet
facet normal 0 -0 1
  outer loop
    vertex -0.1294467735725189 -0.5619831642757922 -0.4000000000000001
    vertex -0.1186015228800774 -0.4479411922166082 -0.4000000000000001
    vertex -0.2052373392640259 -0.4902060300166358 -0.4000000000000001
  endloop
endfacet
facet normal 0 0 1
  outer loop
    vertex -0.1186015228800774 -0.4479411922166082 -0.4000000000000001
    vertex -0.1186268313348754 -0.3484623249676553 -0.4000000000000001
    vertex -0.2036453765907561 -0.3956594266291451 -0.4000000000000001
  endloop
endfacet
facet normal 0 0 1
  outer loop
    vertex -0.2036453765907561 -0.3956594266291451 -0.4000000000000001
    vertex -0.2883512369295334 -0.4379621606078743 -0.4000000000000001
    vertex -0.2052373392640259 -0.4902060300166358 -0.4000000000000001
  endloop
endfacet
facet normal 0 0 1
  outer loop
    vertex -0.0344494315790045 0.4991275313197555 -0.4000000000000001
    vertex 0.04964681158073146 0.5466154913831864 -0.4000000000000001
    vertex -0.03223736032856775 0.5942993977247359 -0.4000000000000001
  endloop
endfacet
facet normal 0 0 1
  outer loop
    vertex 0.2863376612164109 0.4336495533631293 -0.4000000000000001
    vertex 0.2248988494384526 0.3434037957949738 -0.4000000000000001
    vertex 0.3129267940552383 0.3454106698314895 -0.4000000000000001
  endloop
endfacet
facet normal -7.26888e-16 1.48785e-16 1
  outer loop
    vertex 0.2933974596213283 0.2499999999996027 -0.4000000000000001
    vertex 0.38 0.2999999999997424 -0.4
    vertex 0.3129267940552383 0.3454106698314895 -0.4000000000000001
  endloop
endfacet
facet normal 0 0 1
  outer loop
    vertex 0.2958645532389242 -0.14817840539582 -0.4000000000000001
    vertex 0.2102566324081865 -0.1092413809855133 -0.4000000000000001
    vertex 0.2299531690543568 -0.1999724661035019 -0.4000000000000001
  endloop
endfacet
facet normal 0 0 1
  outer loop
    vertex 0.2248988494384526 0.3434037957949738 -0.4000000000000001
    vertex 0.1344599505614569 0.3005667815141188 -0.4000000000000001
    vertex 0.2015120833029378 0.2526560915716861 -0.4000000000000001
  endloop
endfacet
facet normal -0 0 1
  outer loop
    vertex 0.1359547094280036 0.2015169181420635 -0.4000000000000001
    vertex 0.2188494474654475 0.1677929624076712 -0.4000000000000001
    vertex 0.2015120833029378 0.2526560915716861 -0.4000000000000001
  endloop
endfacet
facet normal 6.50345e-16 -1.27589e-17 1
  outer loop
    vertex -0.2936377488996239 -0.248732314808144 -0.4000000000000001
    vertex -0.38 -0.2999999999997424 -0.4
    vertex -0.2955230170877393 -0.3448279147266388 -0.4000000000000001
  endloop
endfacet
facet normal -6.72081e-16 -5.38556e-17 1
  outer loop
    vertex 0.38 0.1999999999994631 -0.4
    vertex 0.2933974596213283 0.2499999999996027 -0.4000000000000001
    vertex 0.3023965220389501 0.1376978023964803 -0.4000000000000001
  endloop
endfacet
facet normal 0 0 1
  outer loop
    vertex 0.1403469359087652 -0.1990782080889773 -0.4000000000000001
    vertex 0.04980240446237841 -0.2482009308543739 -0.4000000000000001
    vertex 0.1180913162821845 -0.2952310086979921 -0.4000000000000001
  endloop
endfacet
facet normal -0 0 1
  outer loop
    vertex 0.04998569046998978 -0.3479181992731529 -0.4000000000000001
    vertex 0.1437693036558728 -0.3873341985638095 -0.4000000000000001
    vertex 0.1180913162821845 -0.2952310086979921 -0.4000000000000001
  endloop
endfacet
facet normal -6.89548e-16 2.22516e-16 1
  outer loop
    vertex 0.2869582562496601 -0.03885386498392648 -0.4000000000000001
    vertex 0.38 -1.063038546078587e-12 -0.4
    vertex 0.3160983268682319 0.05144755787691395 -0.4000000000000001
  endloop
endfacet
facet normal 0 -0 1
  outer loop
    vertex -0.2951737322858635 0.3474111132971157 -0.4000000000000001
    vertex -0.2148982840568366 0.4129012416343483 -0.4000000000000001
    vertex -0.3054145971473215 0.4335076789813123 -0.4000000000000001
  endloop
endfacet
facet normal 0 0 1
  outer loop
    vertex 0.2065522469139163 -0.2936235067096471 -0.4000000000000001
    vertex 0.2967454768019917 -0.249740829337552 -0.4000000000000001
    vertex 0.2299531690543568 -0.1999724661035019 -0.4000000000000001
  endloop
endfacet
facet normal 0 0 1
  outer loop
    vertex 0.134443473866392 0.00686679690817725 -0.4000000000000001
    vertex 0.05001631640731787 -0.04848018763449668 -0.4000000000000001
    vertex 0.1258206838730129 -0.09414554704756319 -0.4000000000000001
  endloop
endfacet
facet normal -0 0 1
  outer loop
    vertex 0.04966887557933433 -0.14837308820578 -0.4000000000000001
    vertex 0.1403469359087652 -0.1990782080889773 -0.4000000000000001
    vertex 0.1258206838730129 -0.09414554704756319 -0.4000000000000001
  endloop
endfacet
facet normal 0 0 1
  outer loop
    vertex -0.2148982840568366 0.4129012416343483 -0.4000000000000001
    vertex -0.121044837111637 0.4501105962651042 -0.4000000000000001
    vertex -0.1893882362539842 0.5153654662807923 -0.4000000000000001
  endloop
endfacet
facet normal 0 0 1
  outer loop
    vertex -0.2699491553186695 0.5088748031548275 -0.4000000000000001
    vertex -0.1893882362539842 0.5153654662807923 -0.4000000000000001
    vertex -0.2466905147551469 0.5806845565072556 -0.4000000000000001
  endloop
endfacet
facet normal 0 0 1
  outer loop
    vertex 0.1430829367598225 0.4966159207596829 -0.4000000000000001
    vertex 0.1350163892700633 0.3961979810450826 -0.4000000000000001
    vertex 0.2057865230491623 0.4244443924738187 -0.4000000000000001
  endloop
endfacet
facet normal 0 0 1
  outer loop
    vertex -0.2052373392640259 -0.4902060300166358 -0.4000000000000001
    vertex -0.2883512369295334 -0.4379621606078743 -0.4000000000000001
    vertex -0.2869209727398204 -0.519190478419667 -0.4000000000000001
  endloop
endfacet
facet normal 0 0 1
  outer loop
    vertex -0.1186015228800774 -0.4479411922166082 -0.4000000000000001
    vertex -0.2036453765907561 -0.3956594266291451 -0.4000000000000001
    vertex -0.2052373392640259 -0.4902060300166358 -0.4000000000000001
  endloop
endfacet
facet normal 0 -0 1
  outer loop
    vertex 0.2248988494384526 0.3434037957949738 -0.4000000000000001
    vertex 0.2863376612164109 0.4336495533631293 -0.4000000000000001
    vertex 0.2057865230491623 0.4244443924738187 -0.4000000000000001
  endloop
endfacet
facet normal -6.64624e-16 -2.00272e-16 1
  outer loop
    vertex 0.38 0.4 -0.4
    vertex 0.2863376612164109 0.4336495533631293 -0.4000000000000001
    vertex 0.3129267940552383 0.3454106698314895 -0.4000000000000001
  endloop
endfacet
facet normal 7.9105e-16 -1.04144e-16 1
  outer loop
    vertex -0.367051814075238 0.4983512368202705 -0.4
    vertex -0.38 0.4 -0.4
    vertex -0.3054145971473215 0.4335076789813123 -0.4000000000000001
  endloop
endfacet
facet normal -6.5605e-16 8.63707e-17 1
  outer loop
    vertex 0.367051814075238 -0.4983512368202705 -0.4
    vertex 0.38 -0.4 -0.4
    vertex 0.2909941680073115 -0.4333579687936489 -0.4000000000000001
  endloop
endfacet
facet normal -6.20164e-16 1.28367e-16 1
  outer loop
    vertex 0.2731631164595494 -0.5195031510226624 -0.4000000000000001
    vertex 0.367051814075238 -0.4983512368202705 -0.4
    vertex 0.2909941680073115 -0.4333579687936489 -0.4000000000000001
  endloop
endfacet
facet normal 6.02396e-16 -2.83469e-16 1
  outer loop
    vertex -0.2699491553186695 0.5088748031548275 -0.4000000000000001
    vertex -0.367051814075238 0.4983512368202705 -0.4
    vertex -0.3054145971473215 0.4335076789813123 -0.4000000000000001
  endloop
endfacet
facet normal -0 0 1
  outer loop
    vertex 0.1278174157018675 0.588737828116875 -0.4000000000000001
    vertex 0.2241897898274912 0.5722898019014664 -0.4000000000000001
    vertex 0.1848649906481544 0.6468305492500881 -0.4000000000000001
  endloop
endfacet
facet normal 0 0 1
  outer loop
    vertex 0.2244881269819111 0.4913119027934937 -0.4000000000000001
    vertex 0.1430829367598225 0.4966159207596829 -0.4000000000000001
    vertex 0.2057865230491623 0.4244443924738187 -0.4000000000000001
  endloop
endfacet
facet normal 0 0 1
  outer loop
    vertex -0.03857394484067254 0.6838616968703417 -0.4000000000000001
    vertex -0.03223736032856775 0.5942993977247359 -0.4000000000000001
    vertex 0.03972361843371698 0.6293862581397823 -0.4000000000000001
  endloop
endfacet
facet normal 0 0 1
  outer loop
    vertex 0.1437693036558728 -0.3873341985638095 -0.4000000000000001
    vertex 0.1225680241561816 -0.496845644605838 -0.4000000000000001
    vertex 0.2077934111437328 -0.4614310325721521 -0.4000000000000001
  endloop
endfacet
facet normal -8.2762e-16 0 1
  outer loop
    vertex 0.38 0.2999999999997424 -0.4
    vertex 0.38 0.4 -0.4
    vertex 0.3129267940552383 0.3454106698314895 -0.4000000000000001
  endloop
endfacet
facet normal 0 0 1
  outer loop
    vertex 0.2077934111437328 -0.4614310325721521 -0.4000000000000001
    vertex 0.2909941680073115 -0.4333579687936489 -0.4000000000000001
    vertex 0.2249876732965273 -0.3775069890103713 -0.4000000000000001
  endloop
endfacet
facet normal -0 0 1
  outer loop
    vertex 0.04964681158073146 0.5466154913831864 -0.4000000000000001
    vertex 0.1430829367598225 0.4966159207596829 -0.4000000000000001
    vertex 0.1278174157018675 0.588737828116875 -0.4000000000000001
  endloop
endfacet
facet normal 0 0 1
  outer loop
    vertex 0.1344599505614569 0.3005667815141188 -0.4000000000000001
    vertex 0.1359547094280036 0.2015169181420635 -0.4000000000000001
    vertex 0.2015120833029378 0.2526560915716861 -0.4000000000000001
  endloop
endfacet
facet normal -7.15318e-16 0 1
  outer loop
    vertex 0.38 0.09999999999919462 -0.4
    vertex 0.38 0.1999999999994631 -0.4
    vertex 0.3023965220389501 0.1376978023964803 -0.4000000000000001
  endloop
endfacet
facet normal -7.75136e-16 -1.23139e-16 1
  outer loop
    vertex 0.38 0.09999999999919462 -0.4
    vertex 0.3023965220389501 0.1376978023964803 -0.4000000000000001
    vertex 0.3160983268682319 0.05144755787691395 -0.4000000000000001
  endloop
endfacet
facet normal 0 0 1
  outer loop
    vertex 0.04980240446237841 -0.2482009308543739 -0.4000000000000001
    vertex 0.04998569046998978 -0.3479181992731529 -0.4000000000000001
    vertex 0.1180913162821845 -0.2952310086979921 -0.4000000000000001
  endloop
endfacet
facet normal 7.06509e-16 8.40366e-17 1
  outer loop
    vertex -0.38 0.4 -0.4
    vertex -0.2951737322858635 0.3474111132971157 -0.4000000000000001
    vertex -0.3054145971473215 0.4335076789813123 -0.4000000000000001
  endloop
endfacet
facet normal -6.35306e-16 3.10208e-17 1
  outer loop
    vertex 0.38 -0.4 -0.4
    vertex 0.2951891687562598 -0.3474444143369348 -0.4000000000000001
    vertex 0.2909941680073115 -0.4333579687936489 -0.4000000000000001
  endloop
endfacet
facet normal -8.68696e-16 0 1
  outer loop
    vertex 0.38 -1.063038546078587e-12 -0.4
    vertex 0.38 0.09999999999919462 -0.4
    vertex 0.3160983268682319 0.05144755787691395 -0.4000000000000001
  endloop
endfacet
facet normal 0 0 1
  outer loop
    vertex 0.2967454768019917 -0.249740829337552 -0.4000000000000001
    vertex 0.2958645532389242 -0.14817840539582 -0.4000000000000001
    vertex 0.2299531690543568 -0.1999724661035019 -0.4000000000000001
  endloop
endfacet
facet normal 0 0 1
  outer loop
    vertex 0.05001631640731787 -0.04848018763449668 -0.4000000000000001
    vertex 0.04966887557933433 -0.14837308820578 -0.4000000000000001
    vertex 0.1258206838730129 -0.09414554704756319 -0.4000000000000001
  endloop
endfacet
facet normal 0 0 1
  outer loop
    vertex 0.1278174157018675 0.588737828116875 -0.4000000000000001
    vertex 0.1136171726389728 0.6753348846295505 -0.4000000000000001
    vertex 0.03972361843371698 0.6293862581397823 -0.4000000000000001
  endloop
endfacet
facet normal 0 -0 1
  outer loop
    vertex 0.04964681158073146 0.5466154913831864 -0.4000000000000001
    vertex 0.1278174157018675 0.588737828116875 -0.4000000000000001
    vertex 0.03972361843371698 0.6293862581397823 -0.4000000000000001
  endloop
endfacet
facet normal 0 -0 1
  outer loop
    vertex -0.121044837111637 0.4501105962651042 -0.4000000000000001
    vertex -0.1121461369987876 0.5476198125512892 -0.4000000000000001
    vertex -0.1893882362539842 0.5153654662807923 -0.4000000000000001
  endloop
endfacet
facet normal 0 -0 1
  outer loop
    vertex -0.2324029169783175 -0.5772659130365159 -0.4000000000000001
    vertex -0.2052373392640259 -0.4902060300166358 -0.4000000000000001
    vertex -0.2869209727398204 -0.519190478419667 -0.4000000000000001
  endloop
endfacet
facet normal 9.98459e-17 7.58405e-16 1
  outer loop
    vertex -0.09835123556876248 -0.7670518144105786 -0.4
    vertex 1.910161396880592e-09 -0.78 -0.4
    vertex -0.03858399851430203 -0.7017256824303814 -0.4000000000000001
  endloop
endfacet
facet normal -1.09614e-16 -8.32602e-16 1
  outer loop
    vertex 0.09835123556876248 0.7670518144105786 -0.4
    vertex -1.910161396880592e-09 0.78 -0.4
    vertex 0.04208498709025324 0.7077875201281748 -0.4000000000000001
  endloop
endfacet
facet normal -3.28639e-16 7.93405e-16 1
  outer loop
    vertex 0.0983512387205322 -0.7670518135660644 -0.4
    vertex 0.1900000012045684 -0.7290896527426287 -0.4
    vertex 0.1194389943611393 -0.6883512368131195 -0.4000000000000001
  endloop
endfacet
facet normal 3.19292e-16 -7.7084e-16 1
  outer loop
    vertex -0.0983512387205322 0.7670518135660644 -0.4
    vertex -0.1900000012045684 0.7290896527426287 -0.4
    vertex -0.1201029959552818 0.686028083259089 -0.4000000000000001
  endloop
endfacet
facet normal 4.69487e-16 6.11847e-16 1
  outer loop
    vertex -0.2687005761723428 -0.6687005775294333 -0.4
    vertex -0.1899999989000976 -0.7290896540731157 -0.4
    vertex -0.1863699375283977 -0.6411479771864722 -0.4000000000000001
  endloop
endfacet
facet normal -4.94148e-16 -6.43986e-16 1
  outer loop
    vertex 0.2687005761723428 0.6687005775294333 -0.4
    vertex 0.1899999989000976 0.7290896540731157 -0.4
    vertex 0.1848649906481544 0.6468305492500881 -0.4000000000000001
  endloop
endfacet
facet normal -7.15935e-16 5.49357e-16 1
  outer loop
    vertex 0.2687005776133152 -0.668700576088461 -0.4
    vertex 0.3290896537958481 -0.5899999993803391 -0.4
    vertex 0.2474771344773121 -0.595311924215071 -0.4000000000000001
  endloop
endfacet
facet normal 6.1991e-16 -4.75674e-16 1
  outer loop
    vertex -0.2687005776133152 0.668700576088461 -0.4
    vertex -0.3290896537958481 0.5899999993803391 -0.4
    vertex -0.2466905147551469 0.5806845565072556 -0.4000000000000001
  endloop
endfacet
facet normal -1.14086e-16 6.5295e-16 1
  outer loop
    vertex 1.910161396880592e-09 -0.78 -0.4
    vertex 0.03796216193062182 -0.6883512372116316 -0.4000000000000001
    vertex -0.03858399851430203 -0.7017256824303814 -0.4000000000000001
  endloop
endfacet
facet normal 1.94416e-16 -6.55415e-16 1
  outer loop
    vertex -1.910161396880592e-09 0.78 -0.4
    vertex -0.03857394484067254 0.6838616968703417 -0.4000000000000001
    vertex 0.04208498709025324 0.7077875201281748 -0.4000000000000001
  endloop
endfacet
facet normal -3.44993e-24 7.05346e-16 1
  outer loop
    vertex 0.03796216193062182 -0.6883512372116316 -0.4000000000000001
    vertex 0.0983512387205322 -0.7670518135660644 -0.4
    vertex 0.1194389943611393 -0.6883512368131195 -0.4000000000000001
  endloop
endfacet
facet normal -1.80761e-17 -6.80269e-16 1
  outer loop
    vertex -0.03857394484067254 0.6838616968703417 -0.4000000000000001
    vertex -0.0983512387205322 0.7670518135660644 -0.4
    vertex -0.1201029959552818 0.686028083259089 -0.4000000000000001
  endloop
endfacet
facet normal 2.72643e-16 6.00312e-16 1
  outer loop
    vertex -0.1112994220187118 -0.668700577017504 -0.4000000000000001
    vertex -0.09835123556876248 -0.7670518144105786 -0.4
    vertex -0.03858399851430203 -0.7017256824303814 -0.4000000000000001
  endloop
endfacet
facet normal -2.97015e-16 -6.54681e-16 1
  outer loop
    vertex 0.1136171726389728 0.6753348846295505 -0.4000000000000001
    vertex 0.09835123556876248 0.7670518144105786 -0.4
    vertex 0.04208498709025324 0.7077875201281748 -0.4000000000000001
  endloop
endfacet
facet normal -4.3894e-16 6.02358e-16 1
  outer loop
    vertex 0.1900000012045684 -0.7290896527426287 -0.4
    vertex 0.1846219514476651 -0.6408522461044978 -0.4000000000000001
    vertex 0.1194389943611393 -0.6883512368131195 -0.4000000000000001
  endloop
endfacet
facet normal 5.19607e-16 -4.45691e-16 1
  outer loop
    vertex -0.1900000012045684 0.7290896527426287 -0.4
    vertex -0.1763249507939177 0.6204819376318588 -0.4000000000000001
    vertex -0.1201029959552818 0.686028083259089 -0.4000000000000001
  endloop
endfacet
facet normal 2.28217e-16 6.21807e-16 1
  outer loop
    vertex -0.1899999989000976 -0.7290896540731157 -0.4
    vertex -0.1112994220187118 -0.668700577017504 -0.4000000000000001
    vertex -0.1863699375283977 -0.6411479771864722 -0.4000000000000001
  endloop
endfacet
facet normal -2.63404e-16 -6.5839e-16 1
  outer loop
    vertex 0.1899999989000976 0.7290896540731157 -0.4
    vertex 0.1136171726389728 0.6753348846295505 -0.4000000000000001
    vertex 0.1848649906481544 0.6468305492500881 -0.4000000000000001
  endloop
endfacet
facet normal -4.53096e-16 6.25368e-16 1
  outer loop
    vertex 0.1846219514476651 -0.6408522461044978 -0.4000000000000001
    vertex 0.2687005776133152 -0.668700576088461 -0.4
    vertex 0.2474771344773121 -0.595311924215071 -0.4000000000000001
  endloop
endfacet
facet normal 3.12509e-16 -5.52545e-16 1
  outer loop
    vertex -0.1763249507939177 0.6204819376318588 -0.4000000000000001
    vertex -0.2687005776133152 0.668700576088461 -0.4
    vertex -0.2466905147551469 0.5806845565072556 -0.4000000000000001
  endloop
endfacet
facet normal 7.76391e-16 3.21592e-16 1
  outer loop
    vertex -0.3670518139337308 -0.4983512373483824 -0.4
    vertex -0.3290896531556072 -0.5900000004892688 -0.4
    vertex -0.2869209727398204 -0.519190478419667 -0.4000000000000001
  endloop
endfacet
facet normal 5.43242e-16 3.91457e-16 1
  outer loop
    vertex -0.2324029169783175 -0.5772659130365159 -0.4000000000000001
    vertex -0.2687005761723428 -0.6687005775294333 -0.4
    vertex -0.1863699375283977 -0.6411479771864722 -0.4000000000000001
  endloop
endfacet
facet normal -5.8204e-16 -3.07062e-16 1
  outer loop
    vertex 0.2241897898274912 0.5722898019014664 -0.4000000000000001
    vertex 0.2687005761723428 0.6687005775294333 -0.4
    vertex 0.1848649906481544 0.6468305492500881 -0.4000000000000001
  endloop
endfacet
facet normal -6.95518e-16 2.35659e-16 1
  outer loop
    vertex 0.3290896537958481 -0.5899999993803391 -0.4
    vertex 0.2731631164595494 -0.5195031510226624 -0.4000000000000001
    vertex 0.2474771344773121 -0.595311924215071 -0.4000000000000001
  endloop
endfacet
facet normal 6.49889e-16 -2.10494e-16 1
  outer loop
    vertex -0.3290896537958481 0.5899999993803391 -0.4
    vertex -0.2699491553186695 0.5088748031548275 -0.4000000000000001
    vertex -0.2466905147551469 0.5806845565072556 -0.4000000000000001
  endloop
endfacet
facet normal 5.1096e-16 4.79662e-16 1
  outer loop
    vertex -0.3290896531556072 -0.5900000004892688 -0.4
    vertex -0.2324029169783175 -0.5772659130365159 -0.4000000000000001
    vertex -0.2869209727398204 -0.519190478419667 -0.4000000000000001
  endloop
endfacet
facet normal 6.95943e-16 1.22541e-17 1
  outer loop
    vertex -0.2883512369295334 -0.4379621606078743 -0.4000000000000001
    vertex -0.3670518139337308 -0.4983512373483824 -0.4
    vertex -0.2869209727398204 -0.519190478419667 -0.4000000000000001
  endloop
endfacet
facet normal 0 -0 1
  outer loop
    vertex 0.2102566324081865 -0.1092413809855133 -0.4000000000000001
    vertex 0.2869582562496601 -0.03885386498392648 -0.4000000000000001
    vertex 0.2066825479389859 -0.02784956093896496 -0.4000000000000001
  endloop
endfacet
facet normal 0 -0 1
  outer loop
    vertex 0.2909941680073115 -0.4333579687936489 -0.4000000000000001
    vertex 0.2951891687562598 -0.3474444143369348 -0.4000000000000001
    vertex 0.2249876732965273 -0.3775069890103713 -0.4000000000000001
  endloop
endfacet
facet normal -4.37684e-16 -5.41958e-16 1
  outer loop
    vertex 0.3290896531556072 0.5900000004892688 -0.4
    vertex 0.2241897898274912 0.5722898019014664 -0.4000000000000001
    vertex 0.2897991746386444 0.5193038341754804 -0.4000000000000001
  endloop
endfacet
facet normal -7.10776e-16 2.87243e-17 1
  outer loop
    vertex 0.2863376612164109 0.4336495533631293 -0.4000000000000001
    vertex 0.3670518139337308 0.4983512373483824 -0.4
    vertex 0.2897991746386444 0.5193038341754804 -0.4000000000000001
  endloop
endfacet
facet normal 0 0 1
  outer loop
    vertex 0.03796216193062182 -0.6883512372116316 -0.4000000000000001
    vertex 0.1194389943611393 -0.6883512368131195 -0.4000000000000001
    vertex 0.09708727762361616 -0.6039414293916627 -0.4000000000000001
  endloop
endfacet
facet normal 0 0 1
  outer loop
    vertex -0.03223736032856775 0.5942993977247359 -0.4000000000000001
    vertex -0.03857394484067254 0.6838616968703417 -0.4000000000000001
    vertex -0.09926114857696344 0.6205746717566966 -0.4000000000000001
  endloop
endfacet
facet normal -0 0 1
  outer loop
    vertex 0.2077934111437328 -0.4614310325721521 -0.4000000000000001
    vertex 0.2731631164595494 -0.5195031510226624 -0.4000000000000001
    vertex 0.2909941680073115 -0.4333579687936489 -0.4000000000000001
  endloop
endfacet
facet normal 0 0 1
  outer loop
    vertex 0.04208498709025324 0.7077875201281748 -0.4000000000000001
    vertex -0.03857394484067254 0.6838616968703417 -0.4000000000000001
    vertex 0.03972361843371698 0.6293862581397823 -0.4000000000000001
  endloop
endfacet
facet normal -8.0951e-16 -3.3531e-16 1
  outer loop
    vertex 0.3670518139337308 0.4983512373483824 -0.4
    vertex 0.3290896531556072 0.5900000004892688 -0.4
    vertex 0.2897991746386444 0.5193038341754804 -0.4000000000000001
  endloop
endfacet
facet normal 0 0 1
  outer loop
    vertex 0.2311368560525492 0.05839385197388441 -0.4000000000000001
    vertex 0.134443473866392 0.00686679690817725 -0.4000000000000001
    vertex 0.2066825479389859 -0.02784956093896496 -0.4000000000000001
  endloop
endfacet
facet normal 0 -0 1
  outer loop
    vertex 0.2474771344773121 -0.595311924215071 -0.4000000000000001
    vertex 0.2731631164595494 -0.5195031510226624 -0.4000000000000001
    vertex 0.1818103730701827 -0.5575036484793945 -0.4000000000000001
  endloop
endfacet
facet normal 0 0 1
  outer loop
    vertex 0.2951891687562598 -0.3474444143369348 -0.4000000000000001
    vertex 0.2065522469139163 -0.2936235067096471 -0.4000000000000001
    vertex 0.2249876732965273 -0.3775069890103713 -0.4000000000000001
  endloop
endfacet
facet normal -0 0 1
  outer loop
    vertex -0.1763249507939177 0.6204819376318588 -0.4000000000000001
    vertex -0.1121461369987876 0.5476198125512892 -0.4000000000000001
    vertex -0.09926114857696344 0.6205746717566966 -0.4000000000000001
  endloop
endfacet
facet normal 0 0 1
  outer loop
    vertex -0.1121461369987876 0.5476198125512892 -0.4000000000000001
    vertex -0.03223736032856775 0.5942993977247359 -0.4000000000000001
    vertex -0.09926114857696344 0.6205746717566966 -0.4000000000000001
  endloop
endfacet
facet normal -0 0 1
  outer loop
    vertex 0.1350163892700633 0.3961979810450826 -0.4000000000000001
    vertex 0.2248988494384526 0.3434037957949738 -0.4000000000000001
    vertex 0.2057865230491623 0.4244443924738187 -0.4000000000000001
  endloop
endfacet
facet normal -0 0 1
  outer loop
    vertex 0.09708727762361616 -0.6039414293916627 -0.4000000000000001
    vertex 0.1846219514476651 -0.6408522461044978 -0.4000000000000001
    vertex 0.1818103730701827 -0.5575036484793945 -0.4000000000000001
  endloop
endfacet
facet normal -0 0 1
  outer loop
    vertex -0.03223736032856775 0.5942993977247359 -0.4000000000000001
    vertex 0.04964681158073146 0.5466154913831864 -0.4000000000000001
    vertex 0.03972361843371698 0.6293862581397823 -0.4000000000000001
  endloop
endfacet
facet normal 0 0 1
  outer loop
    vertex 0.1136171726389728 0.6753348846295505 -0.4000000000000001
    vertex 0.1278174157018675 0.588737828116875 -0.4000000000000001
    vertex 0.1848649906481544 0.6468305492500881 -0.4000000000000001
  endloop
endfacet
facet normal 0 0 1
  outer loop
    vertex -0.03857394484067254 0.6838616968703417 -0.4000000000000001
    vertex -0.1201029959552818 0.686028083259089 -0.4000000000000001
    vertex -0.09926114857696344 0.6205746717566966 -0.4000000000000001
  endloop
endfacet
facet normal -0 0 1
  outer loop
    vertex 0.1437693036558728 -0.3873341985638095 -0.4000000000000001
    vertex 0.2077934111437328 -0.4614310325721521 -0.4000000000000001
    vertex 0.2249876732965273 -0.3775069890103713 -0.4000000000000001
  endloop
endfacet
facet normal 0 0 1
  outer loop
    vertex 0.2241897898274912 0.5722898019014664 -0.4000000000000001
    vertex 0.2244881269819111 0.4913119027934937 -0.4000000000000001
    vertex 0.2897991746386444 0.5193038341754804 -0.4000000000000001
  endloop
endfacet
facet normal -0 0 1
  outer loop
    vertex 0.2244881269819111 0.4913119027934937 -0.4000000000000001
    vertex 0.2863376612164109 0.4336495533631293 -0.4000000000000001
    vertex 0.2897991746386444 0.5193038341754804 -0.4000000000000001
  endloop
endfacet
facet normal 0 0 1
  outer loop
    vertex 0.1136171726389728 0.6753348846295505 -0.4000000000000001
    vertex 0.04208498709025324 0.7077875201281748 -0.4000000000000001
    vertex 0.03972361843371698 0.6293862581397823 -0.4000000000000001
  endloop
endfacet
facet normal 0 0 1
  outer loop
    vertex 0.2863376612164109 0.4336495533631293 -0.4000000000000001
    vertex 0.2244881269819111 0.4913119027934937 -0.4000000000000001
    vertex 0.2057865230491623 0.4244443924738187 -0.4000000000000001
  endloop
endfacet
facet normal 0 -0 1
  outer loop
    vertex 0.1194389943611393 -0.6883512368131195 -0.4000000000000001
    vertex 0.1846219514476651 -0.6408522461044978 -0.4000000000000001
    vertex 0.09708727762361616 -0.6039414293916627 -0.4000000000000001
  endloop
endfacet
facet normal 0 0 1
  outer loop
    vertex -0.1201029959552818 0.686028083259089 -0.4000000000000001
    vertex -0.1763249507939177 0.6204819376318588 -0.4000000000000001
    vertex -0.09926114857696344 0.6205746717566966 -0.4000000000000001
  endloop
endfacet
facet normal 0 -0 1
  outer loop
    vertex 0.1846219514476651 -0.6408522461044978 -0.4000000000000001
    vertex 0.2474771344773121 -0.595311924215071 -0.4000000000000001
    vertex 0.1818103730701827 -0.5575036484793945 -0.4000000000000001
  endloop
endfacet
facet normal -1 -0 0
  outer loop
    vertex -0.38 -0.2151123067332338 -0.2183329897416241
    vertex -0.38 -0.3167622259895747 -0.2508754910708523
    vertex -0.38 -0.3103703873526927 -0.1586725655797178
  endloop
endfacet
facet normal -1 0 -0
  outer loop
    vertex -0.38 0.3103703875326631 -0.1586725653741847
    vertex -0.38 0.3168954996406927 -0.2508337578054111
    vertex -0.38 0.2151159311543421 -0.2179632858529731
  endloop
endfacet
facet normal -1 0 0
  outer loop
    vertex -0.38 0.2136502941837737 0.1121717866528791
    vertex -0.38 0.3117237554982376 0.1523612452690466
    vertex -0.38 0.3100604949605074 0.05719015915285264
  endloop
endfacet
facet normal -1 0 0
  outer loop
    vertex -0.38 -0.3103703873526927 -0.1586725655797178
    vertex -0.38 -0.2327026972998215 -0.1258366212365937
    vertex -0.38 -0.2151123067332338 -0.2183329897416241
  endloop
endfacet
facet normal -1 0 0
  outer loop
    vertex -0.38 0.2151159311543421 -0.2179632858529731
    vertex -0.38 0.2332450428816813 -0.1238607942353431
    vertex -0.38 0.3103703875326631 -0.1586725653741847
  endloop
endfacet
facet normal -1 0 0
  outer loop
    vertex -0.38 -0.310764222360118 0.05597126750951587
    vertex -0.38 -0.3170496084136534 0.1511205446127566
    vertex -0.38 -0.2156019172624845 0.1122379807107775
  endloop
endfacet
facet normal -1 -0 0
  outer loop
    vertex -0.38 0.3100604949605074 0.05719015915285264
    vertex -0.38 0.2334700617189014 0.01964485454316245
    vertex -0.38 0.2136502941837737 0.1121717866528791
  endloop
endfacet
facet normal -1 0 0
  outer loop
    vertex -0.38 -0.2156019172624845 0.1122379807107775
    vertex -0.38 -0.2331300508948452 0.02023689448334148
    vertex -0.38 -0.310764222360118 0.05597126750951587
  endloop
endfacet
facet normal -1 0 0
  outer loop
    vertex -0.38 -0.2156019172624845 0.1122379807107775
    vertex -0.38 -0.3170496084136534 0.1511205446127566
    vertex -0.38 -0.2476192752846285 0.2087553554310989
  endloop
endfacet
facet normal -1 0 0
  outer loop
    vertex -0.38 0.2151159311543421 -0.2179632858529731
    vertex -0.38 0.3168954996406927 -0.2508337578054111
    vertex -0.38 0.2506921366281741 -0.3153419405565753
  endloop
endfacet
facet normal -1 0 0
  outer loop
    vertex -0.38 -0.2495762630748061 -0.3153227954164197
    vertex -0.38 -0.3167622259895747 -0.2508754910708523
    vertex -0.38 -0.2151123067332338 -0.2183329897416241
  endloop
endfacet
facet normal -1 -0 0
  outer loop
    vertex -0.38 -0.192961234838001 -0.05318963474814364
    vertex -0.38 -0.2327026972998215 -0.1258366212365937
    vertex -0.38 -0.2981855500216758 -0.05184424461746662
  endloop
endfacet
facet normal -1 0 0
  outer loop
    vertex -0.38 0.2975293304457924 -0.05153141903173797
    vertex -0.38 0.2332450428816813 -0.1238607942353431
    vertex -0.38 0.196110189790939 -0.05261895658299853
  endloop
endfacet
facet normal -1 0 0
  outer loop
    vertex -0.38 0.196110189790939 -0.05261895658299853
    vertex -0.38 0.2334700617189014 0.01964485454316245
    vertex -0.38 0.2975293304457924 -0.05153141903173797
  endloop
endfacet
facet normal -1 0 0
  outer loop
    vertex -0.38 -0.2981855500216758 -0.05184424461746662
    vertex -0.38 -0.2331300508948452 0.02023689448334148
    vertex -0.38 -0.192961234838001 -0.05318963474814364
  endloop
endfacet
facet normal -1 0 0
  outer loop
    vertex -0.38 0.2136502941837737 0.1121717866528791
    vertex -0.38 0.2354451033340275 0.1954296626057046
    vertex -0.38 0.3117237554982376 0.1523612452690466
  endloop
endfacet
facet normal -1 0 -0
  outer loop
    vertex -0.38 -0.2981855500216758 -0.05184424461746662
    vertex -0.38 -0.2327026972998215 -0.1258366212365937
    vertex -0.38 -0.3103703873526927 -0.1586725655797178
  endloop
endfacet
facet normal -1 0 0
  outer loop
    vertex -0.38 0.3103703875326631 -0.1586725653741847
    vertex -0.38 0.2332450428816813 -0.1238607942353431
    vertex -0.38 0.2975293304457924 -0.05153141903173797
  endloop
endfacet
facet normal -1 0 0
  outer loop
    vertex -0.38 0.100000063327035 -0.05359012715336658
    vertex -0.38 0.1499999994205403 0.03301270243557503
    vertex -0.38 0.196110189790939 -0.05261895658299853
  endloop
endfacet
facet normal -1 0 0
  outer loop
    vertex -0.38 -0.4 -0.1000000000007782
    vertex -0.38 -0.2981855500216758 -0.05184424461746662
    vertex -0.38 -0.3103703873526927 -0.1586725655797178
  endloop
endfacet
facet normal -1 -0 0
  outer loop
    vertex -0.38 0.1497513071895571 0.3164054511625775
    vertex -0.38 0.04999999970109714 0.3133974597945927
    vertex -0.38 0.1000000000007782 0.4
  endloop
endfacet
facet normal -1 0 -0
  outer loop
    vertex -0.38 0.2151159311543421 -0.2179632858529731
    vertex -0.38 0.2506921366281741 -0.3153419405565753
    vertex -0.38 0.1500000000145764 -0.3133974595619933
  endloop
endfacet
facet normal -1 0 0
  outer loop
    vertex -0.38 0.09951688953355969 -0.2265172989820692
    vertex -0.38 0.2151159311543421 -0.2179632858529731
    vertex -0.38 0.1500000000145764 -0.3133974595619933
  endloop
endfacet
facet normal -1 0 0
  outer loop
    vertex -0.38 0.1500000000145764 -0.3133974595619933
    vertex -0.38 0.2506921366281741 -0.3153419405565753
    vertex -0.38 0.2000000000004825 -0.4
  endloop
endfacet
facet normal -1 0 0
  outer loop
    vertex -0.38 0.2000000000004825 -0.4
    vertex -0.38 0.2506921366281741 -0.3153419405565753
    vertex -0.38 0.3000000000002088 -0.4
  endloop
endfacet
facet normal -1 0 0
  outer loop
    vertex -0.38 1.063038546078587e-12 -0.4
    vertex -0.38 0.0499198085208073 -0.3133526751369855
    vertex -0.38 0.1000000000007782 -0.4
  endloop
endfacet
facet normal -1 0 0
  outer loop
    vertex -0.38 -0.04999771142984849 -0.1402027781711295
    vertex -0.38 0.05000000001368388 -0.1401923787095342
    vertex -0.38 1.961573931841265e-06 -0.226803832701866
  endloop
endfacet
facet normal -1 0 0
  outer loop
    vertex -0.38 -0.09998822981618788 -0.2268484006980461
    vertex -0.38 -0.04999771142984849 -0.1402027781711295
    vertex -0.38 1.961573931841265e-06 -0.226803832701866
  endloop
endfacet
facet normal -1 0 -0
  outer loop
    vertex -0.38 0.05000000001368388 -0.1401923787095342
    vertex -0.38 0.09951688953355969 -0.2265172989820692
    vertex -0.38 1.961573931841265e-06 -0.226803832701866
  endloop
endfacet
facet normal -1 0 -0
  outer loop
    vertex -0.38 0.14709937548467 -0.1385177443348209
    vertex -0.38 0.2151159311543421 -0.2179632858529731
    vertex -0.38 0.09951688953355969 -0.2265172989820692
  endloop
endfacet
facet normal -1 0 0
  outer loop
    vertex -0.38 -0.04999992506892442 0.03301235607035818
    vertex -0.38 2.346745819892249e-08 0.1196151278505113
    vertex -0.38 0.05000007356671932 0.03301236452041445
  endloop
endfacet
facet normal -1 0 0
  outer loop
    vertex -0.38 -0.09998822981618788 -0.2268484006980461
    vertex -0.38 -0.2151123067332338 -0.2183329897416241
    vertex -0.38 -0.147097021739609 -0.1385283436545557
  endloop
endfacet
facet normal -1 0 0
  outer loop
    vertex -0.38 -0.09998822981618788 -0.2268484006980461
    vertex -0.38 1.961573931841265e-06 -0.226803832701866
    vertex -0.38 -0.04999999999906579 -0.3133974595759842
  endloop
endfacet
facet normal -1 0 0
  outer loop
    vertex -0.38 -0.1499293774302477 -0.3137183488539734
    vertex -0.38 -0.2151123067332338 -0.2183329897416241
    vertex -0.38 -0.09998822981618788 -0.2268484006980461
  endloop
endfacet
facet normal -1 0 0
  outer loop
    vertex -0.38 0.09951688953355969 -0.2265172989820692
    vertex -0.38 0.0499198085208073 -0.3133526751369855
    vertex -0.38 1.961573931841265e-06 -0.226803832701866
  endloop
endfacet
facet normal -1 0 0
  outer loop
    vertex -0.38 -0.04999999999906579 -0.3133974595759842
    vertex -0.38 0.0499198085208073 -0.3133526751369855
    vertex -0.38 1.063038546078587e-12 -0.4
  endloop
endfacet
facet normal -1 0 0
  outer loop
    vertex -0.38 0.1000000000007782 -0.4
    vertex -0.38 0.0499198085208073 -0.3133526751369855
    vertex -0.38 0.1500000000145764 -0.3133974595619933
  endloop
endfacet
facet normal -1 0 0
  outer loop
    vertex -0.38 0.1500000000145764 -0.3133974595619933
    vertex -0.38 0.0499198085208073 -0.3133526751369855
    vertex -0.38 0.09951688953355969 -0.2265172989820692
  endloop
endfacet
facet normal -1 0 0
  outer loop
    vertex -0.38 0.14709937548467 -0.1385177443348209
    vertex -0.38 0.09951688953355969 -0.2265172989820692
    vertex -0.38 0.05000000001368388 -0.1401923787095342
  endloop
endfacet
facet normal -1 0 0
  outer loop
    vertex -0.38 0.100000063327035 -0.05359012715336658
    vertex -0.38 0.196110189790939 -0.05261895658299853
    vertex -0.38 0.14709937548467 -0.1385177443348209
  endloop
endfacet
facet normal -1 0 0
  outer loop
    vertex -0.38 2.346745819892249e-08 0.1196151278505113
    vertex -0.38 0.04999999842113095 0.2062177820338854
    vertex -0.38 0.1000000154223602 0.1196151668922038
  endloop
endfacet
facet normal -1 0 0
  outer loop
    vertex -0.38 -0.09999999266425696 0.1196152017389494
    vertex -0.38 -0.05000000158924206 0.2062177814282375
    vertex -0.38 2.346745819892249e-08 0.1196151278505113
  endloop
endfacet
facet normal -1 0 0
  outer loop
    vertex -0.38 -0.1499293774302477 -0.3137183488539734
    vertex -0.38 -0.09998822981618788 -0.2268484006980461
    vertex -0.38 -0.04999999999906579 -0.3133974595759842
  endloop
endfacet
facet normal -1 0 0
  outer loop
    vertex -0.38 -0.09999999999919462 -0.4
    vertex -0.38 -0.04999999999906579 -0.3133974595759842
    vertex -0.38 1.063038546078587e-12 -0.4
  endloop
endfacet
facet normal -1 -0 0
  outer loop
    vertex -0.38 1.063038546078587e-12 0.4
    vertex -0.38 -0.04999999999906579 0.3133974595759842
    vertex -0.38 -0.09999999999919462 0.4
  endloop
endfacet
facet normal -1 0 0
  outer loop
    vertex -0.38 0.4 -1.063038546078587e-12
    vertex -0.38 0.3100604949605074 0.05719015915285264
    vertex -0.38 0.4 0.09999999999919462
  endloop
endfacet
facet normal -1 0 0
  outer loop
    vertex -0.38 -0.4 0.09999999999919462
    vertex -0.38 -0.310764222360118 0.05597126750951587
    vertex -0.38 -0.4 -1.063038546078587e-12
  endloop
endfacet
facet normal -1 0 0
  outer loop
    vertex -0.38 -0.2999999999997424 -0.4
    vertex -0.38 -0.2495762630748061 -0.3153227954164197
    vertex -0.38 -0.1999999999994631 -0.4
  endloop
endfacet
facet normal -1 0 0
  outer loop
    vertex -0.38 0.4 0.1999999999994631
    vertex -0.38 0.3033843704700208 0.2504725142233221
    vertex -0.38 0.4 0.2999999999997424
  endloop
endfacet
facet normal -1 0 0
  outer loop
    vertex -0.38 0.1000000000007782 -0.4
    vertex -0.38 0.1500000000145764 -0.3133974595619933
    vertex -0.38 0.2000000000004825 -0.4
  endloop
endfacet
facet normal -1 0 0
  outer loop
    vertex -0.38 0.4 -0.2000000000004825
    vertex -0.38 0.3103703875326631 -0.1586725653741847
    vertex -0.38 0.4 -0.1000000000007782
  endloop
endfacet
facet normal -1 -0 0
  outer loop
    vertex -0.38 0.2000000000004825 0.4
    vertex -0.38 0.1497513071895571 0.3164054511625775
    vertex -0.38 0.1000000000007782 0.4
  endloop
endfacet
facet normal -1 0 0
  outer loop
    vertex -0.38 -0.4 -0.1000000000007782
    vertex -0.38 -0.3103703873526927 -0.1586725655797178
    vertex -0.38 -0.4 -0.2000000000004825
  endloop
endfacet
facet normal -1 0 0
  outer loop
    vertex -0.38 -0.09998822981618788 -0.2268484006980461
    vertex -0.38 -0.147097021739609 -0.1385283436545557
    vertex -0.38 -0.04999771142984849 -0.1402027781711295
  endloop
endfacet
facet normal -1 0 0
  outer loop
    vertex -0.38 -0.1500000016096976 0.2062177807908777
    vertex -0.38 -0.05000000158924206 0.2062177814282375
    vertex -0.38 -0.09999999266425696 0.1196152017389494
  endloop
endfacet
facet normal -1 0 0
  outer loop
    vertex -0.38 2.346745819892249e-08 0.1196151278505113
    vertex -0.38 0.1000000154223602 0.1196151668922038
    vertex -0.38 0.05000007356671932 0.03301236452041445
  endloop
endfacet
facet normal -1 0 0
  outer loop
    vertex -0.38 -0.04999992506892442 0.03301235607035818
    vertex -0.38 -0.09999999266425696 0.1196152017389494
    vertex -0.38 2.346745819892249e-08 0.1196151278505113
  endloop
endfacet
facet normal -1 0 0
  outer loop
    vertex -0.38 0.04999999842113095 0.2062177820338854
    vertex -0.38 0.1492955551852965 0.2018587641370171
    vertex -0.38 0.1000000154223602 0.1196151668922038
  endloop
endfacet
facet normal -1 0 0
  outer loop
    vertex -0.38 2.346745819892249e-08 0.1196151278505113
    vertex -0.38 -0.05000000158924206 0.2062177814282375
    vertex -0.38 0.04999999842113095 0.2062177820338854
  endloop
endfacet
facet normal -1 0 -0
  outer loop
    vertex -0.38 1.961573931841265e-06 -0.226803832701866
    vertex -0.38 0.0499198085208073 -0.3133526751369855
    vertex -0.38 -0.04999999999906579 -0.3133974595759842
  endloop
endfacet
facet normal -1 0 0
  outer loop
    vertex -0.38 -0.09999999999919462 -0.4
    vertex -0.38 -0.1499293774302477 -0.3137183488539734
    vertex -0.38 -0.04999999999906579 -0.3133974595759842
  endloop
endfacet
facet normal -1 0 0
  outer loop
    vertex -0.38 0.3100604949605074 0.05719015915285264
    vertex -0.38 0.3117237554982376 0.1523612452690466
    vertex -0.38 0.4 0.09999999999919462
  endloop
endfacet
facet normal -1 0 0
  outer loop
    vertex -0.38 -0.04999999999906579 0.3133974595759842
    vertex -0.38 -0.1499999999993342 0.313397459621321
    vertex -0.38 -0.09999999999919462 0.4
  endloop
endfacet
facet normal -1 -0 0
  outer loop
    vertex -0.38 0.4 -1.063038546078587e-12
    vertex -0.38 0.2975293304457924 -0.05153141903173797
    vertex -0.38 0.3100604949605074 0.05719015915285264
  endloop
endfacet
facet normal -1 -0 0
  outer loop
    vertex -0.38 0.4 0.1999999999994631
    vertex -0.38 0.3117237554982376 0.1523612452690466
    vertex -0.38 0.3033843704700208 0.2504725142233221
  endloop
endfacet
facet normal -1 0 0
  outer loop
    vertex -0.38 -0.2495762630748061 -0.3153227954164197
    vertex -0.38 -0.1499293774302477 -0.3137183488539734
    vertex -0.38 -0.1999999999994631 -0.4
  endloop
endfacet
facet normal -1 0 0
  outer loop
    vertex -0.38 0.3103703875326631 -0.1586725653741847
    vertex -0.38 0.2975293304457924 -0.05153141903173797
    vertex -0.38 0.4 -0.1000000000007782
  endloop
endfacet
facet normal -1 -0 0
  outer loop
    vertex -0.38 -0.04999992506892442 0.03301235607035818
    vertex -0.38 -0.1472613280804983 0.03143147168322458
    vertex -0.38 -0.09999999266425696 0.1196152017389494
  endloop
endfacet
facet normal -1 0 -0
  outer loop
    vertex -0.38 0.1492955551852965 0.2018587641370171
    vertex -0.38 0.2136502941837737 0.1121717866528791
    vertex -0.38 0.1000000154223602 0.1196151668922038
  endloop
endfacet
facet normal -1 0 0
  outer loop
    vertex -0.38 -0.1472613280804983 0.03143147168322458
    vertex -0.38 -0.2156019172624845 0.1122379807107775
    vertex -0.38 -0.09999999266425696 0.1196152017389494
  endloop
endfacet
facet normal -1 0 0
  outer loop
    vertex -0.38 -0.2156019172624845 0.1122379807107775
    vertex -0.38 -0.1500000016096976 0.2062177807908777
    vertex -0.38 -0.09999999266425696 0.1196152017389494
  endloop
endfacet
facet normal -1 0 0
  outer loop
    vertex -0.38 0.4 -0.1000000000007782
    vertex -0.38 0.2975293304457924 -0.05153141903173797
    vertex -0.38 0.4 -1.063038546078587e-12
  endloop
endfacet
facet normal -1 0 -0
  outer loop
    vertex -0.38 -0.1999999999994631 0.4
    vertex -0.38 -0.1499999999993342 0.313397459621321
    vertex -0.38 -0.250638266373583 0.3081352853678149
  endloop
endfacet
facet normal -1 0 0
  outer loop
    vertex -0.38 -0.1999999999994631 -0.4
    vertex -0.38 -0.1499293774302477 -0.3137183488539734
    vertex -0.38 -0.09999999999919462 -0.4
  endloop
endfacet
facet normal -1 0 0
  outer loop
    vertex -0.38 0.4 0.09999999999919462
    vertex -0.38 0.3117237554982376 0.1523612452690466
    vertex -0.38 0.4 0.1999999999994631
  endloop
endfacet
facet normal -1 -0 0
  outer loop
    vertex -0.38 -0.09999999999919462 0.4
    vertex -0.38 -0.1499999999993342 0.313397459621321
    vertex -0.38 -0.1999999999994631 0.4
  endloop
endfacet
facet normal -1 -0 0
  outer loop
    vertex -0.38 -0.1999999999994631 0.4
    vertex -0.38 -0.250638266373583 0.3081352853678149
    vertex -0.38 -0.2999999999997424 0.4
  endloop
endfacet
facet normal -1 0 0
  outer loop
    vertex -0.38 -0.2156019172624845 0.1122379807107775
    vertex -0.38 -0.2476192752846285 0.2087553554310989
    vertex -0.38 -0.1500000016096976 0.2062177807908777
  endloop
endfacet
facet normal -1 0 0
  outer loop
    vertex -0.38 -0.2495762630748061 -0.3153227954164197
    vertex -0.38 -0.2151123067332338 -0.2183329897416241
    vertex -0.38 -0.1499293774302477 -0.3137183488539734
  endloop
endfacet
facet normal -1 0 -0
  outer loop
    vertex -0.38 0.100000063327035 -0.05359012715336658
    vertex -0.38 0.14709937548467 -0.1385177443348209
    vertex -0.38 0.05000000001368388 -0.1401923787095342
  endloop
endfacet
facet normal -1 -0 0
  outer loop
    vertex -0.38 0.1000000000007782 0.4
    vertex -0.38 0.04999999970109714 0.3133974597945927
    vertex -0.38 1.063038546078587e-12 0.4
  endloop
endfacet
facet normal -1 0 0
  outer loop
    vertex -0.38 -0.4 -1.063038546078587e-12
    vertex -0.38 -0.2981855500216758 -0.05184424461746662
    vertex -0.38 -0.4 -0.1000000000007782
  endloop
endfacet
facet normal -1 0 0
  outer loop
    vertex -0.38 0.05000007356671932 0.03301236452041445
    vertex -0.38 0.1499999994205403 0.03301270243557503
    vertex -0.38 0.100000063327035 -0.05359012715336658
  endloop
endfacet
facet normal -1 0 -0
  outer loop
    vertex -0.38 0.1000000154223602 0.1196151668922038
    vertex -0.38 0.1499999994205403 0.03301270243557503
    vertex -0.38 0.05000007356671932 0.03301236452041445
  endloop
endfacet
facet normal -1 0 -0
  outer loop
    vertex -0.38 1.063038546078587e-12 0.4
    vertex -0.38 0.04999999970109714 0.3133974597945927
    vertex -0.38 -0.04999999999906579 0.3133974595759842
  endloop
endfacet
facet normal -1 0 -0
  outer loop
    vertex -0.38 -0.310764222360118 0.05597126750951587
    vertex -0.38 -0.2981855500216758 -0.05184424461746662
    vertex -0.38 -0.4 -1.063038546078587e-12
  endloop
endfacet
facet normal -1 0 0
  outer loop
    vertex -0.38 3.810745770049806e-07 -0.05359157198367592
    vertex -0.38 0.100000063327035 -0.05359012715336658
    vertex -0.38 0.05000000001368388 -0.1401923787095342
  endloop
endfacet
facet normal -1 0 0
  outer loop
    vertex -0.38 -0.04999771142984849 -0.1402027781711295
    vertex -0.38 3.810745770049806e-07 -0.05359157198367592
    vertex -0.38 0.05000000001368388 -0.1401923787095342
  endloop
endfacet
facet normal -1 0 0
  outer loop
    vertex -0.38 3.810745770049806e-07 -0.05359157198367592
    vertex -0.38 -0.04999992506892442 0.03301235607035818
    vertex -0.38 0.05000007356671932 0.03301236452041445
  endloop
endfacet
facet normal -1 0 0
  outer loop
    vertex -0.38 3.810745770049806e-07 -0.05359157198367592
    vertex -0.38 0.05000007356671932 0.03301236452041445
    vertex -0.38 0.100000063327035 -0.05359012715336658
  endloop
endfacet
facet normal -1 -0 0
  outer loop
    vertex -0.38 0.2136502941837737 0.1121717866528791
    vertex -0.38 0.1499999994205403 0.03301270243557503
    vertex -0.38 0.1000000154223602 0.1196151668922038
  endloop
endfacet
facet normal -1 0 0
  outer loop
    vertex -0.38 -0.04999771142984849 -0.1402027781711295
    vertex -0.38 -0.09905926726110809 -0.05357811744840291
    vertex -0.38 3.810745770049806e-07 -0.05359157198367592
  endloop
endfacet
facet normal -1 0 0
  outer loop
    vertex -0.38 3.810745770049806e-07 -0.05359157198367592
    vertex -0.38 -0.09905926726110809 -0.05357811744840291
    vertex -0.38 -0.04999992506892442 0.03301235607035818
  endloop
endfacet
facet normal -1 0 0
  outer loop
    vertex -0.38 -0.04999992506892442 0.03301235607035818
    vertex -0.38 -0.09905926726110809 -0.05357811744840291
    vertex -0.38 -0.1472613280804983 0.03143147168322458
  endloop
endfacet
facet normal -1 0 0
  outer loop
    vertex -0.38 -0.147097021739609 -0.1385283436545557
    vertex -0.38 -0.09905926726110809 -0.05357811744840291
    vertex -0.38 -0.04999771142984849 -0.1402027781711295
  endloop
endfacet
facet normal -1 0 0
  outer loop
    vertex -0.38 -0.09905926726110809 -0.05357811744840291
    vertex -0.38 -0.192961234838001 -0.05318963474814364
    vertex -0.38 -0.1472613280804983 0.03143147168322458
  endloop
endfacet
facet normal -1 0 0
  outer loop
    vertex -0.38 -0.147097021739609 -0.1385283436545557
    vertex -0.38 -0.192961234838001 -0.05318963474814364
    vertex -0.38 -0.09905926726110809 -0.05357811744840291
  endloop
endfacet
facet normal -1 0 0
  outer loop
    vertex -0.38 -0.4 0.1999999999994631
    vertex -0.38 -0.3238052143527761 0.2492558871285707
    vertex -0.38 -0.3170496084136534 0.1511205446127566
  endloop
endfacet
facet normal -1 0 0
  outer loop
    vertex -0.38 0.3033843704700208 0.2504725142233221
    vertex -0.38 0.1991715413333196 0.2602840027462198
    vertex -0.38 0.2465170230417348 0.3256594812284578
  endloop
endfacet
facet normal -1 0 0
  outer loop
    vertex -0.38 -0.2476192752846285 0.2087553554310989
    vertex -0.38 -0.3238052143527761 0.2492558871285707
    vertex -0.38 -0.250638266373583 0.3081352853678149
  endloop
endfacet
facet normal -1 0 0
  outer loop
    vertex -0.38 0.2354451033340275 0.1954296626057046
    vertex -0.38 0.1991715413333196 0.2602840027462198
    vertex -0.38 0.3033843704700208 0.2504725142233221
  endloop
endfacet
facet normal -1 0 0
  outer loop
    vertex -0.38 0.2975293304457924 -0.05153141903173797
    vertex -0.38 0.2334700617189014 0.01964485454316245
    vertex -0.38 0.3100604949605074 0.05719015915285264
  endloop
endfacet
facet normal -1 0 0
  outer loop
    vertex -0.38 -0.310764222360118 0.05597126750951587
    vertex -0.38 -0.2331300508948452 0.02023689448334148
    vertex -0.38 -0.2981855500216758 -0.05184424461746662
  endloop
endfacet
facet normal -1 -0 0
  outer loop
    vertex -0.38 0.3000000000002088 0.4
    vertex -0.38 0.2465170230417348 0.3256594812284578
    vertex -0.38 0.2000000000004825 0.4
  endloop
endfacet
facet normal -1 0 0
  outer loop
    vertex -0.38 -0.4 -0.2000000000004825
    vertex -0.38 -0.3167622259895747 -0.2508754910708523
    vertex -0.38 -0.4 -0.3000000000002088
  endloop
endfacet
facet normal -1 0 0
  outer loop
    vertex -0.38 0.4 -0.3000000000002088
    vertex -0.38 0.3168954996406927 -0.2508337578054111
    vertex -0.38 0.4 -0.2000000000004825
  endloop
endfacet
facet normal -1 0 0
  outer loop
    vertex -0.38 -0.4 0.1999999999994631
    vertex -0.38 -0.3170496084136534 0.1511205446127566
    vertex -0.38 -0.4 0.09999999999919462
  endloop
endfacet
facet normal -1 0 0
  outer loop
    vertex -0.38 -0.3170496084136534 0.1511205446127566
    vertex -0.38 -0.3238052143527761 0.2492558871285707
    vertex -0.38 -0.2476192752846285 0.2087553554310989
  endloop
endfacet
facet normal -1 0 -0
  outer loop
    vertex -0.38 0.2000000000004825 0.4
    vertex -0.38 0.2465170230417348 0.3256594812284578
    vertex -0.38 0.1497513071895571 0.3164054511625775
  endloop
endfacet
facet normal -1 0 0
  outer loop
    vertex -0.38 -0.3103703873526927 -0.1586725655797178
    vertex -0.38 -0.3167622259895747 -0.2508754910708523
    vertex -0.38 -0.4 -0.2000000000004825
  endloop
endfacet
facet normal -1 -0 0
  outer loop
    vertex -0.38 0.4 -0.2000000000004825
    vertex -0.38 0.3168954996406927 -0.2508337578054111
    vertex -0.38 0.3103703875326631 -0.1586725653741847
  endloop
endfacet
facet normal -1 -0 0
  outer loop
    vertex -0.38 -0.1472613280804983 0.03143147168322458
    vertex -0.38 -0.2331300508948452 0.02023689448334148
    vertex -0.38 -0.2156019172624845 0.1122379807107775
  endloop
endfacet
facet normal -1 0 -0
  outer loop
    vertex -0.38 0.2136502941837737 0.1121717866528791
    vertex -0.38 0.2334700617189014 0.01964485454316245
    vertex -0.38 0.1499999994205403 0.03301270243557503
  endloop
endfacet
facet normal -1 0 0
  outer loop
    vertex -0.38 0.14709937548467 -0.1385177443348209
    vertex -0.38 0.2332450428816813 -0.1238607942353431
    vertex -0.38 0.2151159311543421 -0.2179632858529731
  endloop
endfacet
facet normal -1 0 0
  outer loop
    vertex -0.38 -0.2151123067332338 -0.2183329897416241
    vertex -0.38 -0.2327026972998215 -0.1258366212365937
    vertex -0.38 -0.147097021739609 -0.1385283436545557
  endloop
endfacet
facet normal -1 0 0
  outer loop
    vertex -0.38 -0.4 -0.3000000000002088
    vertex -0.38 -0.326794919238367 -0.3267949192384918
    vertex -0.38 -0.4 -0.4
  endloop
endfacet
facet normal -1 -0 0
  outer loop
    vertex -0.38 0.4 0.4
    vertex -0.38 0.3267949192384918 0.3267949192383671
    vertex -0.38 0.3000000000002088 0.4
  endloop
endfacet
facet normal -1 0 0
  outer loop
    vertex -0.38 -0.4 -0.4
    vertex -0.38 -0.326794919238367 -0.3267949192384918
    vertex -0.38 -0.2999999999997424 -0.4
  endloop
endfacet
facet normal -1 0 0
  outer loop
    vertex -0.38 0.4 0.2999999999997424
    vertex -0.38 0.3267949192384918 0.3267949192383671
    vertex -0.38 0.4 0.4
  endloop
endfacet
facet normal -1 0 0
  outer loop
    vertex -0.38 0.3000000000002088 -0.4
    vertex -0.38 0.3267949192644294 -0.3267949192644294
    vertex -0.38 0.4 -0.4
  endloop
endfacet
facet normal -1 0 0
  outer loop
    vertex -0.38 0.4 -0.4
    vertex -0.38 0.3267949192644294 -0.3267949192644294
    vertex -0.38 0.4 -0.3000000000002088
  endloop
endfacet
facet normal -1 0 0
  outer loop
    vertex -0.38 -0.4 0.09999999999919462
    vertex -0.38 -0.3170496084136534 0.1511205446127566
    vertex -0.38 -0.310764222360118 0.05597126750951587
  endloop
endfacet
facet normal -1 -0 0
  outer loop
    vertex -0.38 -0.2999999999997424 0.4
    vertex -0.38 -0.3275241375616916 0.3275241375616916
    vertex -0.38 -0.4 0.4
  endloop
endfacet
facet normal -1 0 0
  outer loop
    vertex -0.38 -0.4 0.4
    vertex -0.38 -0.3275241375616916 0.3275241375616916
    vertex -0.38 -0.4 0.2999999999997424
  endloop
endfacet
facet normal -1 0 0
  outer loop
    vertex -0.38 0.3117237554982376 0.1523612452690466
    vertex -0.38 0.2354451033340275 0.1954296626057046
    vertex -0.38 0.3033843704700208 0.2504725142233221
  endloop
endfacet
facet normal -1 0 0
  outer loop
    vertex -0.38 0.1492955551852965 0.2018587641370171
    vertex -0.38 0.2354451033340275 0.1954296626057046
    vertex -0.38 0.2136502941837737 0.1121717866528791
  endloop
endfacet
facet normal -1 0 0
  outer loop
    vertex -0.38 -0.250638266373583 0.3081352853678149
    vertex -0.38 -0.1999999999994724 0.259807620241843
    vertex -0.38 -0.2476192752846285 0.2087553554310989
  endloop
endfacet
facet normal -1 0 0
  outer loop
    vertex -0.38 -0.4 0.2999999999997424
    vertex -0.38 -0.3238052143527761 0.2492558871285707
    vertex -0.38 -0.4 0.1999999999994631
  endloop
endfacet
facet normal -1 0 0
  outer loop
    vertex -0.38 0.1499999994205403 0.03301270243557503
    vertex -0.38 0.2334700617189014 0.01964485454316245
    vertex -0.38 0.196110189790939 -0.05261895658299853
  endloop
endfacet
facet normal -1 0 0
  outer loop
    vertex -0.38 -0.192961234838001 -0.05318963474814364
    vertex -0.38 -0.2331300508948452 0.02023689448334148
    vertex -0.38 -0.1472613280804983 0.03143147168322458
  endloop
endfacet
facet normal -1 0 -0
  outer loop
    vertex -0.38 0.196110189790939 -0.05261895658299853
    vertex -0.38 0.2332450428816813 -0.1238607942353431
    vertex -0.38 0.14709937548467 -0.1385177443348209
  endloop
endfacet
facet normal -1 0 0
  outer loop
    vertex -0.38 -0.147097021739609 -0.1385283436545557
    vertex -0.38 -0.2327026972998215 -0.1258366212365937
    vertex -0.38 -0.192961234838001 -0.05318963474814364
  endloop
endfacet
facet normal -1 -0 0
  outer loop
    vertex -0.38 0.4 -0.3000000000002088
    vertex -0.38 0.3267949192644294 -0.3267949192644294
    vertex -0.38 0.3168954996406927 -0.2508337578054111
  endloop
endfacet
facet normal -1 0 -0
  outer loop
    vertex -0.38 0.3000000000002088 0.4
    vertex -0.38 0.3267949192384918 0.3267949192383671
    vertex -0.38 0.2465170230417348 0.3256594812284578
  endloop
endfacet
facet normal -1 0 0
  outer loop
    vertex -0.38 -0.3167622259895747 -0.2508754910708523
    vertex -0.38 -0.326794919238367 -0.3267949192384918
    vertex -0.38 -0.4 -0.3000000000002088
  endloop
endfacet
facet normal -1 0 0
  outer loop
    vertex -0.38 -0.250638266373583 0.3081352853678149
    vertex -0.38 -0.3275241375616916 0.3275241375616916
    vertex -0.38 -0.2999999999997424 0.4
  endloop
endfacet
facet normal -1 0 0
  outer loop
    vertex -0.38 0.2506921366281741 -0.3153419405565753
    vertex -0.38 0.3267949192644294 -0.3267949192644294
    vertex -0.38 0.3000000000002088 -0.4
  endloop
endfacet
facet normal -1 0 0
  outer loop
    vertex -0.38 0.3033843704700208 0.2504725142233221
    vertex -0.38 0.3267949192384918 0.3267949192383671
    vertex -0.38 0.4 0.2999999999997424
  endloop
endfacet
facet normal -1 0 0
  outer loop
    vertex -0.38 -0.2999999999997424 -0.4
    vertex -0.38 -0.326794919238367 -0.3267949192384918
    vertex -0.38 -0.2495762630748061 -0.3153227954164197
  endloop
endfacet
facet normal -1 0 0
  outer loop
    vertex -0.38 -0.3238052143527761 0.2492558871285707
    vertex -0.38 -0.3275241375616916 0.3275241375616916
    vertex -0.38 -0.250638266373583 0.3081352853678149
  endloop
endfacet
facet normal -1 0 0
  outer loop
    vertex -0.38 0.1497513071895571 0.3164054511625775
    vertex -0.38 0.09999999973384277 0.2598076218041118
    vertex -0.38 0.04999999970109714 0.3133974597945927
  endloop
endfacet
facet normal -1 0 0
  outer loop
    vertex -0.38 -0.05000000158924206 0.2062177814282375
    vertex -0.38 -3.228342038141818e-10 0.2598076212396364
    vertex -0.38 0.04999999842113095 0.2062177820338854
  endloop
endfacet
facet normal -1 0 0
  outer loop
    vertex -0.38 -0.2476192752846285 0.2087553554310989
    vertex -0.38 -0.1999999999994724 0.259807620241843
    vertex -0.38 -0.1500000016096976 0.2062177807908777
  endloop
endfacet
facet normal -1 0 0
  outer loop
    vertex -0.38 0.04999999842113095 0.2062177820338854
    vertex -0.38 0.09999999973384277 0.2598076218041118
    vertex -0.38 0.1492955551852965 0.2018587641370171
  endloop
endfacet
facet normal -1 0 0
  outer loop
    vertex -0.38 -0.1500000016096976 0.2062177807908777
    vertex -0.38 -0.100000000023496 0.2598076205284371
    vertex -0.38 -0.05000000158924206 0.2062177814282375
  endloop
endfacet
facet normal -1 0 0
  outer loop
    vertex -0.38 -0.100000000023496 0.2598076205284371
    vertex -0.38 -3.228342038141818e-10 0.2598076212396364
    vertex -0.38 -0.05000000158924206 0.2062177814282375
  endloop
endfacet
facet normal -1 0 0
  outer loop
    vertex -0.38 -0.1999999999994724 0.259807620241843
    vertex -0.38 -0.100000000023496 0.2598076205284371
    vertex -0.38 -0.1500000016096976 0.2062177807908777
  endloop
endfacet
facet normal -1 0 0
  outer loop
    vertex -0.38 -0.1499999999993342 0.313397459621321
    vertex -0.38 -0.1999999999994724 0.259807620241843
    vertex -0.38 -0.250638266373583 0.3081352853678149
  endloop
endfacet
facet normal -1 -0 0
  outer loop
    vertex -0.38 -0.04999999999906579 0.3133974595759842
    vertex -0.38 -0.100000000023496 0.2598076205284371
    vertex -0.38 -0.1499999999993342 0.313397459621321
  endloop
endfacet
facet normal -1 0 -0
  outer loop
    vertex -0.38 -0.1499999999993342 0.313397459621321
    vertex -0.38 -0.100000000023496 0.2598076205284371
    vertex -0.38 -0.1999999999994724 0.259807620241843
  endloop
endfacet
facet normal -1 0 -0
  outer loop
    vertex -0.38 -0.04999999999906579 0.3133974595759842
    vertex -0.38 -3.228342038141818e-10 0.2598076212396364
    vertex -0.38 -0.100000000023496 0.2598076205284371
  endloop
endfacet
facet normal -1 0 0
  outer loop
    vertex -0.38 -3.228342038141818e-10 0.2598076212396364
    vertex -0.38 0.09999999973384277 0.2598076218041118
    vertex -0.38 0.04999999842113095 0.2062177820338854
  endloop
endfacet
facet normal -1 0 -0
  outer loop
    vertex -0.38 0.04999999970109714 0.3133974597945927
    vertex -0.38 0.09999999973384277 0.2598076218041118
    vertex -0.38 -3.228342038141818e-10 0.2598076212396364
  endloop
endfacet
facet normal -1 0 0
  outer loop
    vertex -0.38 0.04999999970109714 0.3133974597945927
    vertex -0.38 -3.228342038141818e-10 0.2598076212396364
    vertex -0.38 -0.04999999999906579 0.3133974595759842
  endloop
endfacet
facet normal -1 0 0
  outer loop
    vertex -0.38 0.2465170230417348 0.3256594812284578
    vertex -0.38 0.3267949192384918 0.3267949192383671
    vertex -0.38 0.3033843704700208 0.2504725142233221
  endloop
endfacet
facet normal -1 -0 0
  outer loop
    vertex -0.38 -0.2495762630748061 -0.3153227954164197
    vertex -0.38 -0.326794919238367 -0.3267949192384918
    vertex -0.38 -0.3167622259895747 -0.2508754910708523
  endloop
endfacet
facet normal -1 0 -0
  outer loop
    vertex -0.38 0.3168954996406927 -0.2508337578054111
    vertex -0.38 0.3267949192644294 -0.3267949192644294
    vertex -0.38 0.2506921366281741 -0.3153419405565753
  endloop
endfacet
facet normal -1 0 0
  outer loop
    vertex -0.38 0.09999999973384277 0.2598076218041118
    vertex -0.38 0.1991715413333196 0.2602840027462198
    vertex -0.38 0.1492955551852965 0.2018587641370171
  endloop
endfacet
facet normal -1 0 -0
  outer loop
    vertex -0.38 0.1497513071895571 0.3164054511625775
    vertex -0.38 0.1991715413333196 0.2602840027462198
    vertex -0.38 0.09999999973384277 0.2598076218041118
  endloop
endfacet
facet normal -1 0 0
  outer loop
    vertex -0.38 0.2465170230417348 0.3256594812284578
    vertex -0.38 0.1991715413333196 0.2602840027462198
    vertex -0.38 0.1497513071895571 0.3164054511625775
  endloop
endfacet
facet normal -1 0 0
  outer loop
    vertex -0.38 -0.4 0.2999999999997424
    vertex -0.38 -0.3275241375616916 0.3275241375616916
    vertex -0.38 -0.3238052143527761 0.2492558871285707
  endloop
endfacet
facet normal -1 0 0
  outer loop
    vertex -0.38 0.1492955551852965 0.2018587641370171
    vertex -0.38 0.1991715413333196 0.2602840027462198
    vertex -0.38 0.2354451033340275 0.1954296626057046
  endloop
endfacet
facet normal -0.243188 -0.969455 0.0318923
  outer loop
    vertex -0.08500266263772771 -0.7703708240999778 0.2129950214730484
    vertex -0.04304549199056185 -0.7775540830388283 0.3145753242967858
    vertex -0.1395312413654165 -0.7534558426211482 0.3113765774329392
  endloop
endfacet
facet normal -0.871554 -0.489542 0.0272514
  outer loop
    vertex -0.3059825428076947 -0.6253323844833167 0.3114909111844154
    vertex -0.3520989478519537 -0.5429207155087996 0.3170326247643371
    vertex -0.3371856107915754 -0.5752308873318633 0.2135735783372561
  endloop
endfacet
facet normal -0.343743 -0.938611 -0.0291442
  outer loop
    vertex -0.1395312413654165 -0.7534558426211482 0.3113765774329392
    vertex -0.1700428968676785 -0.7398314482575856 0.2324646413021194
    vertex -0.08500266263772771 -0.7703708240999778 0.2129950214730484
  endloop
endfacet
facet normal -0.821728 -0.569124 -0.0293464
  outer loop
    vertex -0.3371856107915754 -0.5752308873318633 0.2135735783372561
    vertex -0.2856470294069248 -0.6506108030213371 0.2323085955465464
    vertex -0.3059825428076947 -0.6253323844833167 0.3114909111844154
  endloop
endfacet
facet normal 0.266687 -0.963296 0.0306282
  outer loop
    vertex 0.1470367702400595 -0.7504000402359737 0.312428318319663
    vertex 0.05337778343359709 -0.7762323912633202 0.3154784803314842
    vertex 0.09857936971936525 -0.7669906100511739 0.2125634978158798
  endloop
endfacet
facet normal 0.258641 -0.965443 -0.0320127
  outer loop
    vertex 0.04959995480220862 -0.7767490470905254 -0.3141518940666442
    vertex 0.1453815164242074 -0.7510900378566698 -0.314128421173354
    vertex 0.09596406526262252 -0.7676831491627963 -0.2129714566227726
  endloop
endfacet
facet normal -0.286995 -0.95783 -0.0139709
  outer loop
    vertex -0.1503281252660846 -0.7490006515093982 -0.2554652268769473
    vertex -0.06052527531882352 -0.7751488918384015 -0.3075336187034641
    vertex -0.07283137989092535 -0.7729552119265579 -0.2051330414768579
  endloop
endfacet
facet normal 0.396002 -0.917389 -0.0397461
  outer loop
    vertex 0.09857936971936525 -0.7669906100511739 0.2125634978158798
    vertex 0.1941789155000002 -0.726641315168862 0.2337392150502052
    vertex 0.1470367702400595 -0.7504000402359737 0.312428318319663
  endloop
endfacet
facet normal 0.923383 -0.382478 -0.0327743
  outer loop
    vertex 0.367051814075238 -0.4983512368202705 -0.4
    vertex 0.3461039270529875 -0.556882349799142 -0.3071245128415153
    vertex 0.3290896537958481 -0.5899999993803391 -0.4
  endloop
endfacet
facet normal -0.923387 -0.382479 -0.0326451
  outer loop
    vertex -0.3290896531556072 -0.5900000004892688 -0.4
    vertex -0.3459918900237921 -0.5571292844690772 -0.3070324323069276
    vertex -0.3670518139337308 -0.4983512373483824 -0.4
  endloop
endfacet
facet normal 0.125018 -0.991567 -0.0341332
  outer loop
    vertex 0.09857936971936525 -0.7669906100511739 0.2125634978158798
    vertex 0.05337778343359709 -0.7762323912633202 0.3154784803314842
    vertex 0.002629024059267106 -0.7799909054602436 0.2387874672244766
  endloop
endfacet
facet normal -0.275273 -0.961333 0.00800662
  outer loop
    vertex -0.1503281252660846 -0.7490006515093982 -0.2554652268769473
    vertex -0.145419702961121 -0.7510742229083465 -0.3356785298628178
    vertex -0.06052527531882352 -0.7751488918384015 -0.3075336187034641
  endloop
endfacet
facet normal 0.372628 -0.927499 0.0298965
  outer loop
    vertex 0.1453815164242074 -0.7510900378566698 -0.314128421173354
    vertex 0.1800630237483268 -0.7346301054576673 -0.2357491600921678
    vertex 0.09596406526262252 -0.7676831491627963 -0.2129714566227726
  endloop
endfacet
facet normal 0.712155 -0.701974 -0.0082477
  outer loop
    vertex 0.2987137231888418 -0.6348831870923503 -0.249068214364682
    vertex 0.242505505055452 -0.6925595324336572 -0.1935027925224403
    vertex 0.2360759202923221 -0.697771993072104 -0.3050313451706937
  endloop
endfacet
facet normal -0.697015 -0.717056 -0.000462351
  outer loop
    vertex -0.2315360440048004 -0.7013155494271863 -0.31193061415692
    vertex -0.2318823315577274 -0.7010491393632479 -0.2030590270719959
    vertex -0.2944753064018955 -0.6401755481299247 -0.2495613796338189
  endloop
endfacet
facet normal 0.954045 -0.298436 0.0271057
  outer loop
    vertex 0.367051814075238 -0.4983512368202705 -0.4
    vertex 0.3729626989505964 -0.4727930298276339 -0.3266489249586874
    vertex 0.3461039270529875 -0.556882349799142 -0.3071245128415153
  endloop
endfacet
facet normal -0.953946 -0.298741 0.0272202
  outer loop
    vertex -0.3459918900237921 -0.5571292844690772 -0.3070324323069276
    vertex -0.3729626989380022 -0.4727930298921618 -0.3266489250722145
    vertex -0.3670518139337308 -0.4983512373483824 -0.4
  endloop
endfacet
facet normal -0.10072 -0.9945 -0.0287241
  outer loop
    vertex 0.002629024059267106 -0.7799909054602436 0.2387874672244766
    vertex -0.04304549199056185 -0.7775540830388283 0.3145753242967858
    vertex -0.08500266263772771 -0.7703708240999778 0.2129950214730484
  endloop
endfacet
facet normal -0.506613 -0.862174 0.000498367
  outer loop
    vertex -0.2315360440048004 -0.7013155494271863 -0.31193061415692
    vertex -0.1503281252660846 -0.7490006515093982 -0.2554652268769473
    vertex -0.2318823315577274 -0.7010491393632479 -0.2030590270719959
  endloop
endfacet
facet normal 0.126228 -0.991517 0.0309996
  outer loop
    vertex 0.09596406526262252 -0.7676831491627963 -0.2129714566227726
    vertex 0.005434411013497928 -0.7799611390352129 -0.2370518944728968
    vertex 0.04959995480220862 -0.7767490470905254 -0.3141518940666442
  endloop
endfacet
facet normal -0.68435 -0.729154 0.000208794
  outer loop
    vertex -0.2319043923241756 -0.7010321458262471 0.2985959473534732
    vertex -0.2856470294069248 -0.6506108030213371 0.2323085955465464
    vertex -0.232080712557701 -0.7008962327094006 0.1953213749307878
  endloop
endfacet
facet normal 0.555564 -0.831446 0.0068308
  outer loop
    vertex 0.242505505055452 -0.6925595324336572 -0.1935027925224403
    vertex 0.1800630237483268 -0.7346301054576673 -0.2357491600921678
    vertex 0.2360759202923221 -0.697771993072104 -0.3050313451706937
  endloop
endfacet
facet normal -0.531495 -0.847061 -0.000207344
  outer loop
    vertex -0.232080712557701 -0.7008962327094006 0.1953213749307878
    vertex -0.1700428968676785 -0.7398314482575856 0.2324646413021194
    vertex -0.2319043923241756 -0.7010321458262471 0.2985959473534732
  endloop
endfacet
facet normal -0.942701 -0.332082 -0.0321788
  outer loop
    vertex -0.3371856107915754 -0.5752308873318633 0.2135735783372561
    vertex -0.3520989478519537 -0.5429207155087996 0.3170326247643371
    vertex -0.3706915924605548 -0.4835927226441268 0.2494584423103056
  endloop
endfacet
facet normal 0.0140313 -0.999265 -0.0356818
  outer loop
    vertex -0.04304549199056185 -0.7775540830388283 0.3145753242967858
    vertex 0.05337778343359709 -0.7762323912633202 0.3154784803314842
    vertex 1.910161396880592e-09 -0.78 0.4
  endloop
endfacet
facet normal -0.0874363 -0.996162 0.00407024
  outer loop
    vertex 0.008852757856993038 -0.7798968658443044 -0.1493255543320013
    vertex -0.07661582170578309 -0.7721962061391111 -0.1006686074900546
    vertex -0.07283137989092535 -0.7729552119265579 -0.2051330414768579
  endloop
endfacet
facet normal -0.515815 -0.856692 -0.00369816
  outer loop
    vertex -0.1587450883413915 -0.7452535255829893 -0.0510378343436248
    vertex -0.2321753842303564 -0.7008231888626381 -0.1015097048138112
    vertex -0.1557010325871475 -0.7466369692506788 -0.1551396237660204
  endloop
endfacet
facet normal -0.304947 -0.952361 -0.00412777
  outer loop
    vertex -0.07283137989092535 -0.7729552119265579 -0.2051330414768579
    vertex -0.07661582170578309 -0.7721962061391111 -0.1006686074900546
    vertex -0.1557010325871475 -0.7466369692506788 -0.1551396237660204
  endloop
endfacet
facet normal 0.924496 -0.378613 -0.0442658
  outer loop
    vertex 0.3495009732752501 -0.5491612204282765 0.3193458326007482
    vertex 0.3285017881298401 -0.5910145941950448 0.2387552521081293
    vertex 0.3678285558404288 -0.4954052069246986 0.242334290336169
  endloop
endfacet
facet normal -0.513691 -0.857975 0.000426604
  outer loop
    vertex -0.1557010325871475 -0.7466369692506788 -0.1551396237660204
    vertex -0.2321753842303564 -0.7008231888626381 -0.1015097048138112
    vertex -0.2318823315577274 -0.7010491393632479 -0.2030590270719959
  endloop
endfacet
facet normal 0.38321 -0.923203 0.0290871
  outer loop
    vertex 0.1741292669569157 -0.7377558265804562 0.1451177967553224
    vertex 0.1941789155000002 -0.726641315168862 0.2337392150502052
    vertex 0.09857936971936525 -0.7669906100511739 0.2125634978158798
  endloop
endfacet
facet normal 0.0133188 -0.999105 0.0401512
  outer loop
    vertex 0.002629024059267106 -0.7799909054602436 0.2387874672244766
    vertex 0.05337778343359709 -0.7762323912633202 0.3154784803314842
    vertex -0.04304549199056185 -0.7775540830388283 0.3145753242967858
  endloop
endfacet
facet normal -0.510206 -0.860023 -0.00706171
  outer loop
    vertex -0.1503281252660846 -0.7490006515093982 -0.2554652268769473
    vertex -0.1557010325871475 -0.7466369692506788 -0.1551396237660204
    vertex -0.2318823315577274 -0.7010491393632479 -0.2030590270719959
  endloop
endfacet
facet normal -0.710531 -0.702425 0.0417667
  outer loop
    vertex -0.3059825428076947 -0.6253323844833167 0.3114909111844154
    vertex -0.2856470294069248 -0.6506108030213371 0.2323085955465464
    vertex -0.2319043923241756 -0.7010321458262471 0.2985959473534732
  endloop
endfacet
facet normal -0.309753 -0.95081 0.0035781
  outer loop
    vertex -0.1557010325871475 -0.7466369692506788 -0.1551396237660204
    vertex -0.07661582170578309 -0.7721962061391111 -0.1006686074900546
    vertex -0.1587450883413915 -0.7452535255829893 -0.0510378343436248
  endloop
endfacet
facet normal 0.923001 -0.381529 0.0500445
  outer loop
    vertex 0.3285017881298401 -0.5910145941950448 0.2387552521081293
    vertex 0.3477128525285131 -0.5532833069400727 0.1720896135625015
    vertex 0.3678285558404288 -0.4954052069246986 0.242334290336169
  endloop
endfacet
facet normal -0.497597 -0.866351 0.0428198
  outer loop
    vertex -0.2319043923241756 -0.7010321458262471 0.2985959473534732
    vertex -0.1700428968676785 -0.7398314482575856 0.2324646413021194
    vertex -0.1395312413654165 -0.7534558426211482 0.3113765774329392
  endloop
endfacet
facet normal -0.837561 -0.546301 -0.00679371
  outer loop
    vertex -0.3371856107915754 -0.5752308873318633 0.2135735783372561
    vertex -0.3403942466775932 -0.5689134595844685 0.1011475016804984
    vertex -0.2935357175076123 -0.6413229838769843 0.1468567957997631
  endloop
endfacet
facet normal -0.939779 -0.341697 0.00762065
  outer loop
    vertex -0.3701304518404424 -0.4860432950344763 0.1498385518151104
    vertex -0.3403942466775932 -0.5689134595844685 0.1011475016804984
    vertex -0.3371856107915754 -0.5752308873318633 0.2135735783372561
  endloop
endfacet
facet normal -0.299139 -0.954188 0.00646046
  outer loop
    vertex -0.1503281252660846 -0.7490006515093982 -0.2554652268769473
    vertex -0.07283137989092535 -0.7729552119265579 -0.2051330414768579
    vertex -0.1557010325871475 -0.7466369692506788 -0.1551396237660204
  endloop
endfacet
facet normal 0.719412 -0.694578 0.0028098
  outer loop
    vertex 0.2428470362469657 -0.6922760971856319 -0.09836349629588481
    vertex 0.2998236535324661 -0.6334647227793606 -0.1483913757167549
    vertex 0.3013808650400893 -0.6314510189817437 -0.04931033020685305
  endloop
endfacet
facet normal -0.941234 -0.337756 2.36053e-05
  outer loop
    vertex -0.3701258340935787 -0.4860631566730659 0.04977622367040163
    vertex -0.3403942466775932 -0.5689134595844685 0.1011475016804984
    vertex -0.3701304518404424 -0.4860432950344763 0.1498385518151104
  endloop
endfacet
facet normal -0.993484 -0.11397 -2.32257e-05
  outer loop
    vertex -0.38 -0.4 0.09999999999919462
    vertex -0.3701258340935787 -0.4860631566730659 0.04977622367040163
    vertex -0.3701304518404424 -0.4860432950344763 0.1498385518151104
  endloop
endfacet
facet normal -0.845927 -0.533161 -0.0121418
  outer loop
    vertex -0.3414109023667366 -0.5668490208096248 -0.1993872824887636
    vertex -0.3459918900237921 -0.5571292844690772 -0.3070324323069276
    vertex -0.2944753064018955 -0.6401755481299247 -0.2495613796338189
  endloop
endfacet
facet normal -0.993483 -0.113984 0
  outer loop
    vertex -0.38 -0.4 -1.063038546078587e-12
    vertex -0.3701258340935787 -0.4860631566730659 0.04977622367040163
    vertex -0.38 -0.4 0.09999999999919462
  endloop
endfacet
facet normal -0.0902098 -0.995922 -0.000839389
  outer loop
    vertex 0.008114656819447877 -0.7799133484687036 -0.05044483897477331
    vertex -0.07661582170578309 -0.7721962061391111 -0.1006686074900546
    vertex 0.008852757856993038 -0.7798968658443044 -0.1493255543320013
  endloop
endfacet
facet normal -0.942085 -0.335373 -0.000378405
  outer loop
    vertex -0.3702101010295633 -0.4856999480494623 -0.1496009173525584
    vertex -0.3411574925108722 -0.5673665596936682 -0.100057249599926
    vertex -0.370135368970419 -0.4860221403891569 -0.05010266824920195
  endloop
endfacet
facet normal -0.697484 -0.7166 -0.000418352
  outer loop
    vertex -0.2318823315577274 -0.7010491393632479 -0.2030590270719959
    vertex -0.2321753842303564 -0.7008231888626381 -0.1015097048138112
    vertex -0.2945488312680895 -0.6400853723128558 -0.1499173854850486
  endloop
endfacet
facet normal -0.942284 -0.334814 0.000659465
  outer loop
    vertex -0.3702101010295633 -0.4856999480494623 -0.1496009173525584
    vertex -0.3414109023667366 -0.5668490208096248 -0.1993872824887636
    vertex -0.3411574925108722 -0.5673665596936682 -0.100057249599926
  endloop
endfacet
facet normal 0.945439 -0.325798 0.00125345
  outer loop
    vertex 0.3705240988671212 -0.4843320351865635 -0.05034254564788671
    vertex 0.344062313897795 -0.5613106448914491 -0.09938834938085828
    vertex 0.3702625688353676 -0.4854729788847605 -0.1496333097986031
  endloop
endfacet
facet normal -0.842116 -0.539296 -0.00066149
  outer loop
    vertex -0.3411574925108722 -0.5673665596936682 -0.100057249599926
    vertex -0.3414109023667366 -0.5668490208096248 -0.1993872824887636
    vertex -0.2945488312680895 -0.6400853723128558 -0.1499173854850486
  endloop
endfacet
facet normal -0.993514 -0.113712 0.000377997
  outer loop
    vertex -0.38 -0.4 -0.1000000000007782
    vertex -0.3702101010295633 -0.4856999480494623 -0.1496009173525584
    vertex -0.370135368970419 -0.4860221403891569 -0.05010266824920195
  endloop
endfacet
facet normal 0.944214 -0.329301 -0.00467248
  outer loop
    vertex 0.3702625688353676 -0.4854729788847605 -0.1496333097986031
    vertex 0.344062313897795 -0.5613106448914491 -0.09938834938085828
    vertex 0.3422040081780233 -0.5652162727666237 -0.1996587236874881
  endloop
endfacet
facet normal 0.945504 -0.325484 0.00907109
  outer loop
    vertex 0.3422040081780233 -0.5652162727666237 -0.1996587236874881
    vertex 0.3461039270529875 -0.556882349799142 -0.3071245128415153
    vertex 0.3705699563712486 -0.4841303003382903 -0.2468354716410145
  endloop
endfacet
facet normal 0.993659 -0.112432 -0.00132533
  outer loop
    vertex 0.3705240988671212 -0.4843320351865635 -0.05034254564788671
    vertex 0.3702625688353676 -0.4854729788847605 -0.1496333097986031
    vertex 0.38 -0.4 -0.1000000000007782
  endloop
endfacet
facet normal -0.842278 -0.539043 -0.000133674
  outer loop
    vertex -0.3414109023667366 -0.5668490208096248 -0.1993872824887636
    vertex -0.2944753064018955 -0.6401755481299247 -0.2495613796338189
    vertex -0.2945488312680895 -0.6400853723128558 -0.1499173854850486
  endloop
endfacet
facet normal -0.944972 -0.326977 0.0106905
  outer loop
    vertex -0.3705702442684639 -0.4841290322231928 -0.2468345598861255
    vertex -0.3459918900237921 -0.5571292844690772 -0.3070324323069276
    vertex -0.3414109023667366 -0.5668490208096248 -0.1993872824887636
  endloop
endfacet
facet normal 0.992695 -0.119605 0.0158635
  outer loop
    vertex 0.38 -0.4 0.1999999999994631
    vertex 0.3678285558404288 -0.4954052069246986 0.242334290336169
    vertex 0.3709339601822519 -0.4825105883115102 0.1452275818653184
  endloop
endfacet
facet normal -0.938782 -0.344498 0.00318639
  outer loop
    vertex -0.3701304518404424 -0.4860432950344763 0.1498385518151104
    vertex -0.3371856107915754 -0.5752308873318633 0.2135735783372561
    vertex -0.3706915924605548 -0.4835927226441268 0.2494584423103056
  endloop
endfacet
facet normal 0.993732 -0.111786 0.000210504
  outer loop
    vertex 0.38 -0.4 -1.063038546078587e-12
    vertex 0.3704822689398062 -0.4845156103995773 0.04963994850084619
    vertex 0.3705240988671212 -0.4843320351865635 -0.05034254564788671
  endloop
endfacet
facet normal 0.851341 -0.524521 -0.00978133
  outer loop
    vertex 0.3422040081780233 -0.5652162727666237 -0.1996587236874881
    vertex 0.2987137231888418 -0.6348831870923503 -0.249068214364682
    vertex 0.3461039270529875 -0.556882349799142 -0.3071245128415153
  endloop
endfacet
facet normal -0.942776 -0.333422 -0.00189485
  outer loop
    vertex -0.3705702442684639 -0.4841290322231928 -0.2468345598861255
    vertex -0.3414109023667366 -0.5668490208096248 -0.1993872824887636
    vertex -0.3702101010295633 -0.4856999480494623 -0.1496009173525584
  endloop
endfacet
facet normal -0.697628 -0.716461 -5.79829e-05
  outer loop
    vertex -0.2945488312680895 -0.6400853723128558 -0.1499173854850486
    vertex -0.2321753842303564 -0.7008231888626381 -0.1015097048138112
    vertex -0.2945169533030023 -0.64012447650566 -0.05027312762639102
  endloop
endfacet
facet normal 0.94362 -0.331027 -0.0015885
  outer loop
    vertex 0.3702625688353676 -0.4854729788847605 -0.1496333097986031
    vertex 0.3422040081780233 -0.5652162727666237 -0.1996587236874881
    vertex 0.3705699563712486 -0.4841303003382903 -0.2468354716410145
  endloop
endfacet
facet normal -0.941971 -0.335693 0.000209373
  outer loop
    vertex -0.3411574925108722 -0.5673665596936682 -0.100057249599926
    vertex -0.3410766111209488 -0.5675313264623935 -0.0003458844334957578
    vertex -0.370135368970419 -0.4860221403891569 -0.05010266824920195
  endloop
endfacet
facet normal -0.697243 -0.716835 0.000134242
  outer loop
    vertex -0.2944753064018955 -0.6401755481299247 -0.2495613796338189
    vertex -0.2318823315577274 -0.7010491393632479 -0.2030590270719959
    vertex -0.2945488312680895 -0.6400853723128558 -0.1499173854850486
  endloop
endfacet
facet normal -0.84181 -0.539774 -0.000209105
  outer loop
    vertex -0.3411574925108722 -0.5673665596936682 -0.100057249599926
    vertex -0.2945169533030023 -0.64012447650566 -0.05027312762639102
    vertex -0.3410766111209488 -0.5675313264623935 -0.0003458844334957578
  endloop
endfacet
facet normal -0.99366 -0.112414 0.00186424
  outer loop
    vertex -0.3705702442684639 -0.4841290322231928 -0.2468345598861255
    vertex -0.3702101010295633 -0.4856999480494623 -0.1496009173525584
    vertex -0.38 -0.4 -0.2000000000004825
  endloop
endfacet
facet normal 0.354697 -0.934981 0.000158651
  outer loop
    vertex 0.1741292669569157 -0.7377558265804562 0.1451177967553224
    vertex 0.09377218932687492 -0.7682482539114677 0.09797815730095794
    vertex 0.1740090696355148 -0.7378177669758987 0.04880887895718289
  endloop
endfacet
facet normal 0.993677 -0.112266 0.0015916
  outer loop
    vertex 0.38 -0.4 -0.2000000000004825
    vertex 0.3702625688353676 -0.4854729788847605 -0.1496333097986031
    vertex 0.3705699563712486 -0.4841303003382903 -0.2468354716410145
  endloop
endfacet
facet normal -0.698239 -0.715864 -0.000180766
  outer loop
    vertex -0.2945169533030023 -0.64012447650566 -0.05027312762639102
    vertex -0.2327721646322317 -0.7003616476390173 -0.0005660852486361057
    vertex -0.2944166295667713 -0.6402474728993889 0.04929627187460417
  endloop
endfacet
facet normal -0.993667 -0.112326 -0.00283402
  outer loop
    vertex -0.3701304518404424 -0.4860432950344763 0.1498385518151104
    vertex -0.3706915924605548 -0.4835927226441268 0.2494584423103056
    vertex -0.38 -0.4 0.1999999999994631
  endloop
endfacet
facet normal 0.993777 -0.111391 0
  outer loop
    vertex 0.38 -0.4 -0.2000000000004825
    vertex 0.3705699563712486 -0.4841303003382903 -0.2468354716410145
    vertex 0.38 -0.4 -0.3000000000002088
  endloop
endfacet
facet normal -0.993777 -0.111389 0
  outer loop
    vertex -0.38 -0.4 -0.3000000000002088
    vertex -0.3705702442684639 -0.4841290322231928 -0.2468345598861255
    vertex -0.38 -0.4 -0.2000000000004825
  endloop
endfacet
facet normal -0.841688 -0.539965 0.000181055
  outer loop
    vertex -0.2945169533030023 -0.64012447650566 -0.05027312762639102
    vertex -0.2944166295667713 -0.6402474728993889 0.04929627187460417
    vertex -0.3410766111209488 -0.5675313264623935 -0.0003458844334957578
  endloop
endfacet
facet normal -0.698097 -0.716003 0.000161845
  outer loop
    vertex -0.2327721646322317 -0.7003616476390173 -0.0005660852486361057
    vertex -0.2326599327772054 -0.7004485907440843 0.09889520942911051
    vertex -0.2944166295667713 -0.6402474728993889 0.04929627187460417
  endloop
endfacet
facet normal -0.841893 -0.539645 5.75591e-05
  outer loop
    vertex -0.3411574925108722 -0.5673665596936682 -0.100057249599926
    vertex -0.2945488312680895 -0.6400853723128558 -0.1499173854850486
    vertex -0.2945169533030023 -0.64012447650566 -0.05027312762639102
  endloop
endfacet
facet normal 0.99196 -0.126551 0
  outer loop
    vertex 0.38 -0.4 0.2999999999997424
    vertex 0.3678285558404288 -0.4954052069246986 0.242334290336169
    vertex 0.38 -0.4 0.1999999999994631
  endloop
endfacet
facet normal 0.993872 -0.110508 -0.00237848
  outer loop
    vertex 0.3709339601822519 -0.4825105883115102 0.1452275818653184
    vertex 0.3704822689398062 -0.4845156103995773 0.04963994850084619
    vertex 0.38 -0.4 0.09999999999919462
  endloop
endfacet
facet normal -0.518235 -0.855238 -0.000857322
  outer loop
    vertex -0.2326599327772054 -0.7004485907440843 0.09889520942911051
    vertex -0.1589764989734595 -0.7451470306610527 0.1484390113878457
    vertex -0.232080712557701 -0.7008962327094006 0.1953213749307878
  endloop
endfacet
facet normal -0.993486 -0.113956 4.80451e-05
  outer loop
    vertex -0.370135368970419 -0.4860221403891569 -0.05010266824920195
    vertex -0.3701258340935787 -0.4860631566730659 0.04977622367040163
    vertex -0.38 -0.4 -1.063038546078587e-12
  endloop
endfacet
facet normal -0.993489 -0.113929 0
  outer loop
    vertex -0.38 -0.4 -0.1000000000007782
    vertex -0.370135368970419 -0.4860221403891569 -0.05010266824920195
    vertex -0.38 -0.4 -1.063038546078587e-12
  endloop
endfacet
facet normal 0.994018 -0.10922 0
  outer loop
    vertex 0.38 -0.4 0.1999999999994631
    vertex 0.3709339601822519 -0.4825105883115102 0.1452275818653184
    vertex 0.38 -0.4 0.09999999999919462
  endloop
endfacet
facet normal -0.993486 -0.113957 0
  outer loop
    vertex -0.38 -0.4 0.09999999999919462
    vertex -0.3701304518404424 -0.4860432950344763 0.1498385518151104
    vertex -0.38 -0.4 0.1999999999994631
  endloop
endfacet
facet normal -0.518906 -0.854831 -0.00016171
  outer loop
    vertex -0.2327721646322317 -0.7003616476390173 -0.0005660852486361057
    vertex -0.1591132276586429 -0.7450840198908795 0.04904558206642545
    vertex -0.2326599327772054 -0.7004485907440843 0.09889520942911051
  endloop
endfacet
facet normal 0.553414 -0.832906 -0.000155005
  outer loop
    vertex 0.2439564981575628 -0.6913506941929246 0.09510163723330017
    vertex 0.1741292669569157 -0.7377558265804562 0.1451177967553224
    vertex 0.1740090696355148 -0.7378177669758987 0.04880887895718289
  endloop
endfacet
facet normal -0.993857 -0.11067 0
  outer loop
    vertex -0.38 -0.4 0.1999999999994631
    vertex -0.3706915924605548 -0.4835927226441268 0.2494584423103056
    vertex -0.38 -0.4 0.2999999999997424
  endloop
endfacet
facet normal -0.696374 -0.717678 0.000851337
  outer loop
    vertex -0.2326599327772054 -0.7004485907440843 0.09889520942911051
    vertex -0.232080712557701 -0.7008962327094006 0.1953213749307878
    vertex -0.2935357175076123 -0.6413229838769843 0.1468567957997631
  endloop
endfacet
facet normal -0.313023 -0.949746 -0.000171491
  outer loop
    vertex -0.07732239936056073 -0.7720500592086044 0.09860694583854068
    vertex -0.1589764989734595 -0.7451470306610527 0.1484390113878457
    vertex -0.1591132276586429 -0.7450840198908795 0.04904558206642545
  endloop
endfacet
facet normal 0.993746 -0.111662 0
  outer loop
    vertex 0.38 -0.4 -1.063038546078587e-12
    vertex 0.3705240988671212 -0.4843320351865635 -0.05034254564788671
    vertex 0.38 -0.4 -0.1000000000007782
  endloop
endfacet
facet normal -0.316968 -0.948408 -0.00735916
  outer loop
    vertex -0.08500266263772771 -0.7703708240999778 0.2129950214730484
    vertex -0.1589764989734595 -0.7451470306610527 0.1484390113878457
    vertex -0.07732239936056073 -0.7720500592086044 0.09860694583854068
  endloop
endfacet
facet normal -0.993538 -0.113496 0
  outer loop
    vertex -0.38 -0.4 -0.2000000000004825
    vertex -0.3702101010295633 -0.4856999480494623 -0.1496009173525584
    vertex -0.38 -0.4 -0.1000000000007782
  endloop
endfacet
facet normal 0.13634 -0.990632 0.00775444
  outer loop
    vertex 0.00839259148421994 -0.7799073102852576 0.1481307496215434
    vertex 0.09857936971936525 -0.7669906100511739 0.2125634978158798
    vertex 0.002629024059267106 -0.7799909054602436 0.2387874672244766
  endloop
endfacet
facet normal -0.312995 -0.949755 0.00045725
  outer loop
    vertex -0.1587450883413915 -0.7452535255829893 -0.0510378343436248
    vertex -0.07742406130134129 -0.7720289165261299 -0.0007466040578633093
    vertex -0.1591132276586429 -0.7450840198908795 0.04904558206642545
  endloop
endfacet
facet normal -0.313181 -0.949693 0.00011836
  outer loop
    vertex -0.07742406130134129 -0.7720289165261299 -0.0007466040578633093
    vertex -0.07732239936056073 -0.7720500592086044 0.09860694583854068
    vertex -0.1591132276586429 -0.7450840198908795 0.04904558206642545
  endloop
endfacet
facet normal -0.518741 -0.854932 0.00017161
  outer loop
    vertex -0.1591132276586429 -0.7450840198908795 0.04904558206642545
    vertex -0.1589764989734595 -0.7451470306610527 0.1484390113878457
    vertex -0.2326599327772054 -0.7004485907440843 0.09889520942911051
  endloop
endfacet
facet normal 0.134897 -0.990859 0.000841779
  outer loop
    vertex 0.008114656819447877 -0.7799133484687036 -0.05044483897477331
    vertex 0.008852757856993038 -0.7798968658443044 -0.1493255543320013
    vertex 0.09338340882440412 -0.7683470360357665 -0.1002347139620435
  endloop
endfacet
facet normal 0.993573 -0.113192 0
  outer loop
    vertex 0.38 -0.4 -0.1000000000007782
    vertex 0.3702625688353676 -0.4854729788847605 -0.1496333097986031
    vertex 0.38 -0.4 -0.2000000000004825
  endloop
endfacet
facet normal -0.518759 -0.85492 -0.000460233
  outer loop
    vertex -0.2327721646322317 -0.7003616476390173 -0.0005660852486361057
    vertex -0.1587450883413915 -0.7452535255829893 -0.0510378343436248
    vertex -0.1591132276586429 -0.7450840198908795 0.04904558206642545
  endloop
endfacet
facet normal -0.0959608 -0.995352 0.0081689
  outer loop
    vertex 0.00839259148421994 -0.7799073102852576 0.1481307496215434
    vertex -0.08500266263772771 -0.7703708240999778 0.2129950214730484
    vertex -0.07732239936056073 -0.7720500592086044 0.09860694583854068
  endloop
endfacet
facet normal 0.993719 -0.111908 0
  outer loop
    vertex 0.38 -0.4 0.09999999999919462
    vertex 0.3704822689398062 -0.4845156103995773 0.04963994850084619
    vertex 0.38 -0.4 -1.063038546078587e-12
  endloop
endfacet
facet normal -0.106877 -0.994242 -0.00771157
  outer loop
    vertex 0.00839259148421994 -0.7799073102852576 0.1481307496215434
    vertex 0.002629024059267106 -0.7799909054602436 0.2387874672244766
    vertex -0.08500266263772771 -0.7703708240999778 0.2129950214730484
  endloop
endfacet
facet normal 0.136915 -0.990579 -0.00269922
  outer loop
    vertex 0.008852757856993038 -0.7798968658443044 -0.1493255543320013
    vertex 0.09596406526262252 -0.7676831491627963 -0.2129714566227726
    vertex 0.09338340882440412 -0.7683470360357665 -0.1002347139620435
  endloop
endfacet
facet normal -0.697369 -0.71671 -0.00160423
  outer loop
    vertex -0.2326599327772054 -0.7004485907440843 0.09889520942911051
    vertex -0.2935357175076123 -0.6413229838769843 0.1468567957997631
    vertex -0.2944166295667713 -0.6402474728993889 0.04929627187460417
  endloop
endfacet
facet normal -0.697962 -0.716134 -0.000852009
  outer loop
    vertex -0.2945169533030023 -0.64012447650566 -0.05027312762639102
    vertex -0.2321753842303564 -0.7008231888626381 -0.1015097048138112
    vertex -0.2327721646322317 -0.7003616476390173 -0.0005660852486361057
  endloop
endfacet
facet normal -0.0913635 -0.995818 0.000137926
  outer loop
    vertex 0.008271613391091221 -0.779909963559668 0.04883701134891727
    vertex 0.00839259148421994 -0.7799073102852576 0.1481307496215434
    vertex -0.07732239936056073 -0.7720500592086044 0.09860694583854068
  endloop
endfacet
facet normal -0.0915112 -0.995804 -0.000118272
  outer loop
    vertex -0.07742406130134129 -0.7720289165261299 -0.0007466040578633093
    vertex 0.008271613391091221 -0.779909963559668 0.04883701134891727
    vertex -0.07732239936056073 -0.7720500592086044 0.09860694583854068
  endloop
endfacet
facet normal 0.3572 -0.934016 -0.00473418
  outer loop
    vertex 0.1741292669569157 -0.7377558265804562 0.1451177967553224
    vertex 0.09857936971936525 -0.7669906100511739 0.2125634978158798
    vertex 0.09377218932687492 -0.7682482539114677 0.09797815730095794
  endloop
endfacet
facet normal -0.518107 -0.855315 0.000847675
  outer loop
    vertex -0.2327721646322317 -0.7003616476390173 -0.0005660852486361057
    vertex -0.2321753842303564 -0.7008231888626381 -0.1015097048138112
    vertex -0.1587450883413915 -0.7452535255829893 -0.0510378343436248
  endloop
endfacet
facet normal -0.0916817 -0.995788 0.000178892
  outer loop
    vertex -0.07742406130134129 -0.7720289165261299 -0.0007466040578633093
    vertex 0.008114656819447877 -0.7799133484687036 -0.05044483897477331
    vertex 0.008271613391091221 -0.779909963559668 0.04883701134891727
  endloop
endfacet
facet normal -0.382435 -0.923279 0.0360603
  outer loop
    vertex -0.1899999989000976 -0.7290896540731157 0.4
    vertex -0.1395312413654165 -0.7534558426211482 0.3113765774329392
    vertex -0.09835123556876248 -0.7670518144105786 0.4
  endloop
endfacet
facet normal 0.382421 -0.923245 0.0370518
  outer loop
    vertex 0.0983512387205322 -0.7670518135660644 0.4
    vertex 0.1470367702400595 -0.7504000402359737 0.312428318319663
    vertex 0.1900000012045684 -0.7290896527426287 0.4
  endloop
endfacet
facet normal 0.130433 -0.990735 -0.0378415
  outer loop
    vertex 0.0983512387205322 -0.7670518135660644 -0.4
    vertex 0.04959995480220862 -0.7767490470905254 -0.3141518940666442
    vertex 1.910161396880592e-09 -0.78 -0.4
  endloop
endfacet
facet normal 0.552126 -0.83376 0.000944888
  outer loop
    vertex 0.1739384340132459 -0.7378541418615727 -0.05063155285833104
    vertex 0.1747009072925286 -0.7374605058242629 -0.1488268955745175
    vertex 0.2428470362469657 -0.6922760971856319 -0.09836349629588481
  endloop
endfacet
facet normal 0.382409 -0.923218 -0.0378312
  outer loop
    vertex 0.1900000012045684 -0.7290896527426287 -0.4
    vertex 0.1453815164242074 -0.7510900378566698 -0.314128421173354
    vertex 0.0983512387205322 -0.7670518135660644 -0.4
  endloop
endfacet
facet normal -0.941922 -0.335833 -4.79932e-05
  outer loop
    vertex -0.3410766111209488 -0.5675313264623935 -0.0003458844334957578
    vertex -0.3701258340935787 -0.4860631566730659 0.04977622367040163
    vertex -0.370135368970419 -0.4860221403891569 -0.05010266824920195
  endloop
endfacet
facet normal -0.130453 -0.990892 -0.0334046
  outer loop
    vertex 1.910161396880592e-09 -0.78 -0.4
    vertex -0.06052527531882352 -0.7751488918384015 -0.3075336187034641
    vertex -0.09835123556876248 -0.7670518144105786 -0.4
  endloop
endfacet
facet normal -0.0118306 -0.998932 0.0446635
  outer loop
    vertex 0.04959995480220862 -0.7767490470905254 -0.3141518940666442
    vertex -0.06052527531882352 -0.7751488918384015 -0.3075336187034641
    vertex 1.910161396880592e-09 -0.78 -0.4
  endloop
endfacet
facet normal 0.138222 -0.990388 0.00507131
  outer loop
    vertex 0.09377218932687492 -0.7682482539114677 0.09797815730095794
    vertex 0.09857936971936525 -0.7669906100511739 0.2125634978158798
    vertex 0.00839259148421994 -0.7799073102852576 0.1481307496215434
  endloop
endfacet
facet normal 0.554259 -0.832342 -0.00199742
  outer loop
    vertex 0.245257588037345 -0.6902562928001803 9.081892051393536e-05
    vertex 0.2439564981575628 -0.6913506941929246 0.09510163723330017
    vertex 0.1740090696355148 -0.7378177669758987 0.04880887895718289
  endloop
endfacet
facet normal -0.941571 -0.33681 0.00174374
  outer loop
    vertex -0.3410766111209488 -0.5675313264623935 -0.0003458844334957578
    vertex -0.3403942466775932 -0.5689134595844685 0.1011475016804984
    vertex -0.3701258340935787 -0.4860631566730659 0.04977622367040163
  endloop
endfacet
facet normal 0.724341 -0.689433 -0.00347911
  outer loop
    vertex 0.3038806723457433 -0.6281590168603883 0.04884278025399846
    vertex 0.301999957398765 -0.6306426364121434 0.149446575330757
    vertex 0.2439564981575628 -0.6913506941929246 0.09510163723330017
  endloop
endfacet
facet normal 0.134472 -0.990917 9.99086e-05
  outer loop
    vertex 0.008114656819447877 -0.7799133484687036 -0.05044483897477331
    vertex 0.09338340882440412 -0.7683470360357665 -0.1002347139620435
    vertex 0.09346832977255877 -0.7683254964423835 -0.000899002282181538
  endloop
endfacet
facet normal 0.553372 -0.832927 0.00353887
  outer loop
    vertex 0.1739384340132459 -0.7378541418615727 -0.05063155285833104
    vertex 0.2428470362469657 -0.6922760971856319 -0.09836349629588481
    vertex 0.245257588037345 -0.6902562928001803 9.081892051393536e-05
  endloop
endfacet
facet normal 0.356462 -0.934306 0.00265781
  outer loop
    vertex 0.09596406526262252 -0.7676831491627963 -0.2129714566227726
    vertex 0.1747009072925286 -0.7374605058242629 -0.1488268955745175
    vertex 0.09338340882440412 -0.7683470360357665 -0.1002347139620435
  endloop
endfacet
facet normal 0.354177 -0.935178 9.05014e-05
  outer loop
    vertex 0.1739384340132459 -0.7378541418615727 -0.05063155285833104
    vertex 0.1740090696355148 -0.7378177669758987 0.04880887895718289
    vertex 0.09346832977255877 -0.7683254964423835 -0.000899002282181538
  endloop
endfacet
facet normal 0.503367 -0.863127 0.0404134
  outer loop
    vertex 0.2360759202923221 -0.697771993072104 -0.3050313451706937
    vertex 0.1453815164242074 -0.7510900378566698 -0.314128421173354
    vertex 0.1900000012045684 -0.7290896527426287 -0.4
  endloop
endfacet
facet normal 0.134631 -0.990896 -0.000179057
  outer loop
    vertex 0.008114656819447877 -0.7799133484687036 -0.05044483897477331
    vertex 0.09346832977255877 -0.7683254964423835 -0.000899002282181538
    vertex 0.008271613391091221 -0.779909963559668 0.04883701134891727
  endloop
endfacet
facet normal 0.258573 -0.965252 0.037805
  outer loop
    vertex 0.0983512387205322 -0.7670518135660644 -0.4
    vertex 0.1453815164242074 -0.7510900378566698 -0.314128421173354
    vertex 0.04959995480220862 -0.7767490470905254 -0.3141518940666442
  endloop
endfacet
facet normal -0.489116 -0.871348 -0.0389701
  outer loop
    vertex -0.1899999989000976 -0.7290896540731157 0.4
    vertex -0.2319043923241756 -0.7010321458262471 0.2985959473534732
    vertex -0.1395312413654165 -0.7534558426211482 0.3113765774329392
  endloop
endfacet
facet normal 0.608313 -0.792769 0.0383849
  outer loop
    vertex 0.1900000012045684 -0.7290896527426287 0.4
    vertex 0.2314318593335712 -0.7013955780787205 0.3153694630831171
    vertex 0.2687005776133152 -0.668700576088461 0.4
  endloop
endfacet
facet normal -0.608449 -0.792946 0.0320361
  outer loop
    vertex -0.2687005761723428 -0.6687005775294333 0.4
    vertex -0.2319043923241756 -0.7010321458262471 0.2985959473534732
    vertex -0.1899999989000976 -0.7290896540731157 0.4
  endloop
endfacet
facet normal 0.502758 -0.863657 -0.0364875
  outer loop
    vertex 0.1470367702400595 -0.7504000402359737 0.312428318319663
    vertex 0.2314318593335712 -0.7013955780787205 0.3153694630831171
    vertex 0.1900000012045684 -0.7290896527426287 0.4
  endloop
endfacet
facet normal 0.608415 -0.792902 -0.0337106
  outer loop
    vertex 0.2687005776133152 -0.668700576088461 -0.4
    vertex 0.2360759202923221 -0.697771993072104 -0.3050313451706937
    vertex 0.1900000012045684 -0.7290896527426287 -0.4
  endloop
endfacet
facet normal 0.555162 -0.831742 -9.01013e-05
  outer loop
    vertex 0.1739384340132459 -0.7378541418615727 -0.05063155285833104
    vertex 0.245257588037345 -0.6902562928001803 9.081892051393536e-05
    vertex 0.1740090696355148 -0.7378177669758987 0.04880887895718289
  endloop
endfacet
facet normal -0.841099 -0.540878 -0.00171075
  outer loop
    vertex -0.2944166295667713 -0.6402474728993889 0.04929627187460417
    vertex -0.3403942466775932 -0.5689134595844685 0.1011475016804984
    vertex -0.3410766111209488 -0.5675313264623935 -0.0003458844334957578
  endloop
endfacet
facet normal 0.13522 -0.990816 -0.000138274
  outer loop
    vertex 0.008271613391091221 -0.779909963559668 0.04883701134891727
    vertex 0.09377218932687492 -0.7682482539114677 0.09797815730095794
    vertex 0.00839259148421994 -0.7799073102852576 0.1481307496215434
  endloop
endfacet
facet normal -0.608347 -0.792813 -0.0368874
  outer loop
    vertex -0.1899999989000976 -0.7290896540731157 -0.4
    vertex -0.2315360440048004 -0.7013155494271863 -0.31193061415692
    vertex -0.2687005761723428 -0.6687005775294333 -0.4
  endloop
endfacet
facet normal 0.354556 -0.935034 -0.000995197
  outer loop
    vertex 0.09338340882440412 -0.7683470360357665 -0.1002347139620435
    vertex 0.1747009072925286 -0.7374605058242629 -0.1488268955745175
    vertex 0.1739384340132459 -0.7378541418615727 -0.05063155285833104
  endloop
endfacet
facet normal 0.354074 -0.935217 -9.99046e-05
  outer loop
    vertex 0.09338340882440412 -0.7683470360357665 -0.1002347139620435
    vertex 0.1739384340132459 -0.7378541418615727 -0.05063155285833104
    vertex 0.09346832977255877 -0.7683254964423835 -0.000899002282181538
  endloop
endfacet
facet normal 0.726358 -0.687314 0.00202987
  outer loop
    vertex 0.245257588037345 -0.6902562928001803 9.081892051393536e-05
    vertex 0.3038806723457433 -0.6281590168603883 0.04884278025399846
    vertex 0.2439564981575628 -0.6913506941929246 0.09510163723330017
  endloop
endfacet
facet normal 0.354419 -0.935087 -0.00035868
  outer loop
    vertex 0.1740090696355148 -0.7378177669758987 0.04880887895718289
    vertex 0.09377218932687492 -0.7682482539114677 0.09797815730095794
    vertex 0.09346832977255877 -0.7683254964423835 -0.000899002282181538
  endloop
endfacet
facet normal -0.840002 -0.54258 0.00160328
  outer loop
    vertex -0.2935357175076123 -0.6413229838769843 0.1468567957997631
    vertex -0.3403942466775932 -0.5689134595844685 0.1011475016804984
    vertex -0.2944166295667713 -0.6402474728993889 0.04929627187460417
  endloop
endfacet
facet normal -0.792843 -0.60837 0.0358703
  outer loop
    vertex -0.3290896531556072 -0.5900000004892688 0.4
    vertex -0.3059825428076947 -0.6253323844833167 0.3114909111844154
    vertex -0.2687005761723428 -0.6687005775294333 0.4
  endloop
endfacet
facet normal 0.792773 -0.608316 0.0382397
  outer loop
    vertex 0.2687005776133152 -0.668700576088461 0.4
    vertex 0.3010763459448267 -0.6318470053990585 0.3150617590968131
    vertex 0.3290896537958481 -0.5899999993803391 0.4
  endloop
endfacet
facet normal -0.717466 -0.695524 -0.0385845
  outer loop
    vertex -0.3059825428076947 -0.6253323844833167 0.3114909111844154
    vertex -0.2319043923241756 -0.7010321458262471 0.2985959473534732
    vertex -0.2687005761723428 -0.6687005775294333 0.4
  endloop
endfacet
facet normal 0.706033 -0.707174 -0.0377158
  outer loop
    vertex 0.2687005776133152 -0.668700576088461 0.4
    vertex 0.2314318593335712 -0.7013955780787205 0.3153694630831171
    vertex 0.3010763459448267 -0.6318470053990585 0.3150617590968131
  endloop
endfacet
facet normal -0.0912494 -0.995828 0.000929127
  outer loop
    vertex -0.07742406130134129 -0.7720289165261299 -0.0007466040578633093
    vertex -0.07661582170578309 -0.7721962061391111 -0.1006686074900546
    vertex 0.008114656819447877 -0.7799133484687036 -0.05044483897477331
  endloop
endfacet
facet normal 0.134939 -0.990854 0.00035937
  outer loop
    vertex 0.09346832977255877 -0.7683254964423835 -0.000899002282181538
    vertex 0.09377218932687492 -0.7682482539114677 0.09797815730095794
    vertex 0.008271613391091221 -0.779909963559668 0.04883701134891727
  endloop
endfacet
facet normal -0.312218 -0.95001 -0.000934929
  outer loop
    vertex -0.1587450883413915 -0.7452535255829893 -0.0510378343436248
    vertex -0.07661582170578309 -0.7721962061391111 -0.1006686074900546
    vertex -0.07742406130134129 -0.7720289165261299 -0.0007466040578633093
  endloop
endfacet
facet normal -0.0846309 -0.99635 0.0111737
  outer loop
    vertex -0.06052527531882352 -0.7751488918384015 -0.3075336187034641
    vertex 0.005434411013497928 -0.7799611390352129 -0.2370518944728968
    vertex -0.07283137989092535 -0.7729552119265579 -0.2051330414768579
  endloop
endfacet
facet normal 0.710518 -0.703665 -0.00451391
  outer loop
    vertex 0.2360759202923221 -0.697771993072104 -0.3050313451706937
    vertex 0.3006712061354004 -0.632372170883442 -0.3323856945326223
    vertex 0.2987137231888418 -0.6348831870923503 -0.249068214364682
  endloop
endfacet
facet normal -0.70384 -0.710219 -0.0140519
  outer loop
    vertex -0.2944753064018955 -0.6401755481299247 -0.2495613796338189
    vertex -0.3005777569132185 -0.6324930365602767 -0.3321918806815811
    vertex -0.2315360440048004 -0.7013155494271863 -0.31193061415692
  endloop
endfacet
facet normal 0.706131 -0.706926 0.0404383
  outer loop
    vertex 0.2314318593335712 -0.7013955780787205 0.3153694630831171
    vertex 0.2689076009337353 -0.6684933931404327 0.2361530582396977
    vertex 0.3010763459448267 -0.6318470053990585 0.3150617590968131
  endloop
endfacet
facet normal -0.923175 -0.382392 0.039038
  outer loop
    vertex -0.3670518139337308 -0.4983512373483824 0.4
    vertex -0.3520989478519537 -0.5429207155087996 0.3170326247643371
    vertex -0.3290896531556072 -0.5900000004892688 0.4
  endloop
endfacet
facet normal 0.92314 -0.382377 0.0400065
  outer loop
    vertex 0.3290896537958481 -0.5899999993803391 0.4
    vertex 0.3495009732752501 -0.5491612204282765 0.3193458326007482
    vertex 0.367051814075238 -0.4983512368202705 0.4
  endloop
endfacet
facet normal -0.130435 -0.990753 0.0373586
  outer loop
    vertex -0.09835123556876248 -0.7670518144105786 0.4
    vertex -0.04304549199056185 -0.7775540830388283 0.3145753242967858
    vertex 1.910161396880592e-09 -0.78 0.4
  endloop
endfacet
facet normal 0.853369 -0.521299 -0.00281723
  outer loop
    vertex 0.3013808650400893 -0.6314510189817437 -0.04931033020685305
    vertex 0.2998236535324661 -0.6334647227793606 -0.1483913757167549
    vertex 0.344062313897795 -0.5613106448914491 -0.09938834938085828
  endloop
endfacet
facet normal 0.791559 -0.610044 0.0357981
  outer loop
    vertex 0.301999957398765 -0.6306426364121434 0.149446575330757
    vertex 0.3285017881298401 -0.5910145941950448 0.2387552521081293
    vertex 0.2689076009337353 -0.6684933931404327 0.2361530582396977
  endloop
endfacet
facet normal 0.792653 -0.608318 -0.0406289
  outer loop
    vertex 0.2689076009337353 -0.6684933931404327 0.2361530582396977
    vertex 0.3285017881298401 -0.5910145941950448 0.2387552521081293
    vertex 0.3010763459448267 -0.6318470053990585 0.3150617590968131
  endloop
endfacet
facet normal 0.721945 -0.691942 -0.00348077
  outer loop
    vertex 0.2428470362469657 -0.6922760971856319 -0.09836349629588481
    vertex 0.3013808650400893 -0.6314510189817437 -0.04931033020685305
    vertex 0.245257588037345 -0.6902562928001803 9.081892051393536e-05
  endloop
endfacet
facet normal 0.848887 -0.528571 -0.00191153
  outer loop
    vertex 0.3422040081780233 -0.5652162727666237 -0.1996587236874881
    vertex 0.2998236535324661 -0.6334647227793606 -0.1483913757167549
    vertex 0.2987137231888418 -0.6348831870923503 -0.249068214364682
  endloop
endfacet
facet normal 0.94596 -0.324279 -0.00141131
  outer loop
    vertex 0.3705240988671212 -0.4843320351865635 -0.05034254564788671
    vertex 0.3446143180348383 -0.5601279857032597 -0.001137792254307324
    vertex 0.344062313897795 -0.5613106448914491 -0.09938834938085828
  endloop
endfacet
facet normal -0.502007 -0.864823 -0.0083626
  outer loop
    vertex -0.2315360440048004 -0.7013155494271863 -0.31193061415692
    vertex -0.145419702961121 -0.7510742229083465 -0.3356785298628178
    vertex -0.1503281252660846 -0.7490006515093982 -0.2554652268769473
  endloop
endfacet
facet normal 0.130431 -0.990721 0.0382088
  outer loop
    vertex 1.910161396880592e-09 -0.78 0.4
    vertex 0.05337778343359709 -0.7762323912633202 0.3154784803314842
    vertex 0.0983512387205322 -0.7670518135660644 0.4
  endloop
endfacet
facet normal 0.614434 -0.788116 -0.036664
  outer loop
    vertex 0.2314318593335712 -0.7013955780787205 0.3153694630831171
    vertex 0.1941789155000002 -0.726641315168862 0.2337392150502052
    vertex 0.2689076009337353 -0.6684933931404327 0.2361530582396977
  endloop
endfacet
facet normal -0.873128 -0.486317 -0.0338129
  outer loop
    vertex -0.3290896531556072 -0.5900000004892688 0.4
    vertex -0.3520989478519537 -0.5429207155087996 0.3170326247643371
    vertex -0.3059825428076947 -0.6253323844833167 0.3114909111844154
  endloop
endfacet
facet normal 0.863157 -0.50361 -0.0365594
  outer loop
    vertex 0.3010763459448267 -0.6318470053990585 0.3150617590968131
    vertex 0.3495009732752501 -0.5491612204282765 0.3193458326007482
    vertex 0.3290896537958481 -0.5899999993803391 0.4
  endloop
endfacet
facet normal -0.241003 -0.969826 -0.0367985
  outer loop
    vertex -0.1395312413654165 -0.7534558426211482 0.3113765774329392
    vertex -0.04304549199056185 -0.7775540830388283 0.3145753242967858
    vertex -0.09835123556876248 -0.7670518144105786 0.4
  endloop
endfacet
facet normal -0.827168 -0.561746 0.0153055
  outer loop
    vertex -0.2935357175076123 -0.6413229838769843 0.1468567957997631
    vertex -0.2856470294069248 -0.6506108030213371 0.2323085955465464
    vertex -0.3371856107915754 -0.5752308873318633 0.2135735783372561
  endloop
endfacet
facet normal 0.363928 -0.931394 -0.00787823
  outer loop
    vertex 0.09596406526262252 -0.7676831491627963 -0.2129714566227726
    vertex 0.1800630237483268 -0.7346301054576673 -0.2357491600921678
    vertex 0.1747009072925286 -0.7374605058242629 -0.1488268955745175
  endloop
endfacet
facet normal -0.334796 -0.942163 0.0155091
  outer loop
    vertex -0.08500266263772771 -0.7703708240999778 0.2129950214730484
    vertex -0.1700428968676785 -0.7398314482575856 0.2324646413021194
    vertex -0.1589764989734595 -0.7451470306610527 0.1484390113878457
  endloop
endfacet
facet normal 0.509638 -0.859208 -0.0450693
  outer loop
    vertex 0.2360759202923221 -0.697771993072104 -0.3050313451706937
    vertex 0.1800630237483268 -0.7346301054576673 -0.2357491600921678
    vertex 0.1453815164242074 -0.7510900378566698 -0.314128421173354
  endloop
endfacet
facet normal 0.552355 -0.833609 0.00050061
  outer loop
    vertex 0.1747009072925286 -0.7374605058242629 -0.1488268955745175
    vertex 0.242505505055452 -0.6925595324336572 -0.1935027925224403
    vertex 0.2428470362469657 -0.6922760971856319 -0.09836349629588481
  endloop
endfacet
facet normal -0.995355 -0.0962691 0
  outer loop
    vertex -0.38 -0.4 0.2999999999997424
    vertex -0.3729565198460386 -0.4728246819720582 0.3266171367274808
    vertex -0.38 -0.4 0.4
  endloop
endfacet
facet normal -0.99086 -0.130449 0.0343516
  outer loop
    vertex -0.38 -0.4 0.4
    vertex -0.3729565198460386 -0.4728246819720582 0.3266171367274808
    vertex -0.3670518139337308 -0.4983512373483824 0.4
  endloop
endfacet
facet normal 0.995359 -0.0962268 0
  outer loop
    vertex 0.38 -0.4 -0.3000000000002088
    vertex 0.3729626989505964 -0.4727930298276339 -0.3266489249586874
    vertex 0.38 -0.4 -0.4
  endloop
endfacet
facet normal -0.995359 -0.0962268 0
  outer loop
    vertex -0.38 -0.4 -0.4
    vertex -0.3729626989380022 -0.4727930298921618 -0.3266489250722145
    vertex -0.38 -0.4 -0.3000000000002088
  endloop
endfacet
facet normal 0.995359 -0.0962268 0
  outer loop
    vertex 0.38 -0.4 0.4
    vertex 0.3729626989534145 -0.472793029813195 0.3266489249322931
    vertex 0.38 -0.4 0.2999999999997424
  endloop
endfacet
facet normal 0.990858 -0.130449 -0.0343936
  outer loop
    vertex 0.38 -0.4 -0.4
    vertex 0.3729626989505964 -0.4727930298276339 -0.3266489249586874
    vertex 0.367051814075238 -0.4983512368202705 -0.4
  endloop
endfacet
facet normal -0.990858 -0.130449 -0.0343936
  outer loop
    vertex -0.3670518139337308 -0.4983512373483824 -0.4
    vertex -0.3729626989380022 -0.4727930298921618 -0.3266489250722145
    vertex -0.38 -0.4 -0.4
  endloop
endfacet
facet normal 0.990858 -0.130449 0.0343936
  outer loop
    vertex 0.367051814075238 -0.4983512368202705 0.4
    vertex 0.3729626989534145 -0.472793029813195 0.3266489249322931
    vertex 0.38 -0.4 0.4
  endloop
endfacet
facet normal -0.282356 -0.958791 0.0315464
  outer loop
    vertex -0.06052527531882352 -0.7751488918384015 -0.3075336187034641
    vertex -0.145419702961121 -0.7510742229083465 -0.3356785298628178
    vertex -0.09835123556876248 -0.7670518144105786 -0.4
  endloop
endfacet
facet normal 0.717083 -0.696985 0.00191441
  outer loop
    vertex 0.2987137231888418 -0.6348831870923503 -0.249068214364682
    vertex 0.2998236535324661 -0.6334647227793606 -0.1483913757167549
    vertex 0.242505505055452 -0.6925595324336572 -0.1935027925224403
  endloop
endfacet
facet normal -0.490949 -0.870133 0.042865
  outer loop
    vertex -0.1899999989000976 -0.7290896540731157 -0.4
    vertex -0.145419702961121 -0.7510742229083465 -0.3356785298628178
    vertex -0.2315360440048004 -0.7013155494271863 -0.31193061415692
  endloop
endfacet
facet normal 0.947187 -0.320673 0.00225051
  outer loop
    vertex 0.3709339601822519 -0.4825105883115102 0.1452275818653184
    vertex 0.3452184947167085 -0.5588212545773704 0.09482193859757537
    vertex 0.3704822689398062 -0.4845156103995773 0.04963994850084619
  endloop
endfacet
facet normal 0.951454 -0.307418 -0.015144
  outer loop
    vertex 0.3461039270529875 -0.556882349799142 -0.3071245128415153
    vertex 0.3729626989505964 -0.4727930298276339 -0.3266489249586874
    vertex 0.3705699563712486 -0.4841303003382903 -0.2468354716410145
  endloop
endfacet
facet normal 0.946203 -0.323575 -0.000198242
  outer loop
    vertex 0.3704822689398062 -0.4845156103995773 0.04963994850084619
    vertex 0.3446143180348383 -0.5601279857032597 -0.001137792254307324
    vertex 0.3705240988671212 -0.4843320351865635 -0.05034254564788671
  endloop
endfacet
facet normal -0.951338 -0.307773 -0.0151964
  outer loop
    vertex -0.3705702442684639 -0.4841290322231928 -0.2468345598861255
    vertex -0.3729626989380022 -0.4727930298921618 -0.3266489250722145
    vertex -0.3459918900237921 -0.5571292844690772 -0.3070324323069276
  endloop
endfacet
facet normal 0.948788 -0.3157 -0.0115797
  outer loop
    vertex 0.3678285558404288 -0.4954052069246986 0.242334290336169
    vertex 0.3477128525285131 -0.5532833069400727 0.1720896135625015
    vertex 0.3709339601822519 -0.4825105883115102 0.1452275818653184
  endloop
endfacet
facet normal 0.861394 -0.506471 0.038577
  outer loop
    vertex 0.3010763459448267 -0.6318470053990585 0.3150617590968131
    vertex 0.3285017881298401 -0.5910145941950448 0.2387552521081293
    vertex 0.3495009732752501 -0.5491612204282765 0.3193458326007482
  endloop
endfacet
facet normal 0.851094 -0.524993 0.0046757
  outer loop
    vertex 0.344062313897795 -0.5613106448914491 -0.09938834938085828
    vertex 0.2998236535324661 -0.6334647227793606 -0.1483913757167549
    vertex 0.3422040081780233 -0.5652162727666237 -0.1996587236874881
  endloop
endfacet
facet normal 0.725337 -0.688379 0.00461465
  outer loop
    vertex 0.245257588037345 -0.6902562928001803 9.081892051393536e-05
    vertex 0.3013808650400893 -0.6314510189817437 -0.04931033020685305
    vertex 0.3038806723457433 -0.6281590168603883 0.04884278025399846
  endloop
endfacet
facet normal 0.946482 -0.322753 -0.0015641
  outer loop
    vertex 0.3704822689398062 -0.4845156103995773 0.04963994850084619
    vertex 0.3452184947167085 -0.5588212545773704 0.09482193859757537
    vertex 0.3446143180348383 -0.5601279857032597 -0.001137792254307324
  endloop
endfacet
facet normal 0.718116 -0.695097 0.0339148
  outer loop
    vertex 0.2687005776133152 -0.668700576088461 -0.4
    vertex 0.3006712061354004 -0.632372170883442 -0.3323856945326223
    vertex 0.2360759202923221 -0.697771993072104 -0.3050313451706937
  endloop
endfacet
facet normal 0.719965 -0.693982 0.00627447
  outer loop
    vertex 0.301999957398765 -0.6306426364121434 0.149446575330757
    vertex 0.2406892008383482 -0.6940556216089012 0.1708326223683261
    vertex 0.2439564981575628 -0.6913506941929246 0.09510163723330017
  endloop
endfacet
facet normal -0.711315 -0.701717 0.0403005
  outer loop
    vertex -0.2315360440048004 -0.7013155494271863 -0.31193061415692
    vertex -0.3005777569132185 -0.6324930365602767 -0.3321918806815811
    vertex -0.2687005761723428 -0.6687005775294333 -0.4
  endloop
endfacet
facet normal 0.857951 -0.51372 0.00335651
  outer loop
    vertex 0.3038806723457433 -0.6281590168603883 0.04884278025399846
    vertex 0.3452184947167085 -0.5588212545773704 0.09482193859757537
    vertex 0.301999957398765 -0.6306426364121434 0.149446575330757
  endloop
endfacet
facet normal 0.858475 -0.512853 0.00157869
  outer loop
    vertex 0.3446143180348383 -0.5601279857032597 -0.001137792254307324
    vertex 0.3452184947167085 -0.5588212545773704 0.09482193859757537
    vertex 0.3038806723457433 -0.6281590168603883 0.04884278025399846
  endloop
endfacet
facet normal 0.854724 -0.51908 0.00144613
  outer loop
    vertex 0.344062313897795 -0.5613106448914491 -0.09938834938085828
    vertex 0.3446143180348383 -0.5601279857032597 -0.001137792254307324
    vertex 0.3013808650400893 -0.6314510189817437 -0.04931033020685305
  endloop
endfacet
facet normal -0.0176151 -0.998508 -0.0516897
  outer loop
    vertex 0.04959995480220862 -0.7767490470905254 -0.3141518940666442
    vertex 0.005434411013497928 -0.7799611390352129 -0.2370518944728968
    vertex -0.06052527531882352 -0.7751488918384015 -0.3075336187034641
  endloop
endfacet
facet normal 0.135582 -0.990756 -0.00455722
  outer loop
    vertex 0.008852757856993038 -0.7798968658443044 -0.1493255543320013
    vertex 0.005434411013497928 -0.7799611390352129 -0.2370518944728968
    vertex 0.09596406526262252 -0.7676831491627963 -0.2129714566227726
  endloop
endfacet
facet normal 0.712797 -0.700557 -0.0337748
  outer loop
    vertex 0.2689076009337353 -0.6684933931404327 0.2361530582396977
    vertex 0.2406892008383482 -0.6940556216089012 0.1708326223683261
    vertex 0.301999957398765 -0.6306426364121434 0.149446575330757
  endloop
endfacet
facet normal 0.500747 -0.864718 0.0389088
  outer loop
    vertex 0.1470367702400595 -0.7504000402359737 0.312428318319663
    vertex 0.1941789155000002 -0.726641315168862 0.2337392150502052
    vertex 0.2314318593335712 -0.7013955780787205 0.3153694630831171
  endloop
endfacet
facet normal -0.0874827 -0.996157 0.00413869
  outer loop
    vertex -0.07283137989092535 -0.7729552119265579 -0.2051330414768579
    vertex 0.005434411013497928 -0.7799611390352129 -0.2370518944728968
    vertex 0.008852757856993038 -0.7798968658443044 -0.1493255543320013
  endloop
endfacet
facet normal 0.264618 -0.963676 -0.0361289
  outer loop
    vertex 0.0983512387205322 -0.7670518135660644 0.4
    vertex 0.05337778343359709 -0.7762323912633202 0.3154784803314842
    vertex 0.1470367702400595 -0.7504000402359737 0.312428318319663
  endloop
endfacet
facet normal 0.718007 -0.696036 -0.0005039
  outer loop
    vertex 0.242505505055452 -0.6925595324336572 -0.1935027925224403
    vertex 0.2998236535324661 -0.6334647227793606 -0.1483913757167549
    vertex 0.2428470362469657 -0.6922760971856319 -0.09836349629588481
  endloop
endfacet
facet normal 0.856495 -0.516135 -0.0045027
  outer loop
    vertex 0.3013808650400893 -0.6314510189817437 -0.04931033020685305
    vertex 0.3446143180348383 -0.5601279857032597 -0.001137792254307324
    vertex 0.3038806723457433 -0.6281590168603883 0.04884278025399846
  endloop
endfacet
facet normal -0.851633 -0.523269 0.0301794
  outer loop
    vertex -0.3290896531556072 -0.5900000004892688 -0.4
    vertex -0.3005777569132185 -0.6324930365602767 -0.3321918806815811
    vertex -0.3459918900237921 -0.5571292844690772 -0.3070324323069276
  endloop
endfacet
facet normal 0.851877 -0.52286 0.0303828
  outer loop
    vertex 0.3461039270529875 -0.556882349799142 -0.3071245128415153
    vertex 0.3006712061354004 -0.632372170883442 -0.3323856945326223
    vertex 0.3290896537958481 -0.5899999993803391 -0.4
  endloop
endfacet
facet normal -0.524935 -0.851005 -0.0152995
  outer loop
    vertex -0.1589764989734595 -0.7451470306610527 0.1484390113878457
    vertex -0.1700428968676785 -0.7398314482575856 0.2324646413021194
    vertex -0.232080712557701 -0.7008962327094006 0.1953213749307878
  endloop
endfacet
facet normal -0.689831 -0.723815 -0.0149885
  outer loop
    vertex -0.232080712557701 -0.7008962327094006 0.1953213749307878
    vertex -0.2856470294069248 -0.6506108030213371 0.2323085955465464
    vertex -0.2935357175076123 -0.6413229838769843 0.1468567957997631
  endloop
endfacet
facet normal -0.792445 -0.608064 -0.0478467
  outer loop
    vertex -0.2687005761723428 -0.6687005775294333 -0.4
    vertex -0.3005777569132185 -0.6324930365602767 -0.3321918806815811
    vertex -0.3290896531556072 -0.5900000004892688 -0.4
  endloop
endfacet
facet normal 0.792439 -0.60806 -0.0479918
  outer loop
    vertex 0.3290896537958481 -0.5899999993803391 -0.4
    vertex 0.3006712061354004 -0.632372170883442 -0.3323856945326223
    vertex 0.2687005776133152 -0.668700576088461 -0.4
  endloop
endfacet
facet normal -0.854229 -0.519688 0.0147691
  outer loop
    vertex -0.3459918900237921 -0.5571292844690772 -0.3070324323069276
    vertex -0.3005777569132185 -0.6324930365602767 -0.3321918806815811
    vertex -0.2944753064018955 -0.6401755481299247 -0.2495613796338189
  endloop
endfacet
facet normal 0.856116 -0.516763 0.00453965
  outer loop
    vertex 0.2987137231888418 -0.6348831870923503 -0.249068214364682
    vertex 0.3006712061354004 -0.632372170883442 -0.3323856945326223
    vertex 0.3461039270529875 -0.556882349799142 -0.3071245128415153
  endloop
endfacet
facet normal -0.382196 -0.922702 -0.0504778
  outer loop
    vertex -0.09835123556876248 -0.7670518144105786 -0.4
    vertex -0.145419702961121 -0.7510742229083465 -0.3356785298628178
    vertex -0.1899999989000976 -0.7290896540731157 -0.4
  endloop
endfacet
facet normal 0.555398 -0.831554 0.00718434
  outer loop
    vertex 0.1747009072925286 -0.7374605058242629 -0.1488268955745175
    vertex 0.1800630237483268 -0.7346301054576673 -0.2357491600921678
    vertex 0.242505505055452 -0.6925595324336572 -0.1935027925224403
  endloop
endfacet
facet normal 0.612621 -0.789142 0.0441676
  outer loop
    vertex 0.1941789155000002 -0.726641315168862 0.2337392150502052
    vertex 0.2406892008383482 -0.6940556216089012 0.1708326223683261
    vertex 0.2689076009337353 -0.6684933931404327 0.2361530582396977
  endloop
endfacet
facet normal 0.956275 -0.291443 -0.0244896
  outer loop
    vertex 0.3495009732752501 -0.5491612204282765 0.3193458326007482
    vertex 0.3729626989534145 -0.472793029813195 0.3266489249322931
    vertex 0.367051814075238 -0.4983512368202705 0.4
  endloop
endfacet
facet normal -0.95904 -0.282485 -0.021095
  outer loop
    vertex -0.3670518139337308 -0.4983512373483824 0.4
    vertex -0.3729565198460386 -0.4728246819720582 0.3266171367274808
    vertex -0.3520989478519537 -0.5429207155087996 0.3170326247643371
  endloop
endfacet
facet normal 0.994688 -0.101786 0.0153616
  outer loop
    vertex 0.3705699563712486 -0.4841303003382903 -0.2468354716410145
    vertex 0.3729626989505964 -0.4727930298276339 -0.3266489249586874
    vertex 0.38 -0.4 -0.3000000000002088
  endloop
endfacet
facet normal -0.994688 -0.101785 0.0153595
  outer loop
    vertex -0.38 -0.4 -0.3000000000002088
    vertex -0.3729626989380022 -0.4727930298921618 -0.3266489250722145
    vertex -0.3705702442684639 -0.4841290322231928 -0.2468345598861255
  endloop
endfacet
facet normal -0.994703 -0.101691 -0.015007
  outer loop
    vertex -0.3706915924605548 -0.4835927226441268 0.2494584423103056
    vertex -0.3729565198460386 -0.4728246819720582 0.3266171367274808
    vertex -0.38 -0.4 0.2999999999997424
  endloop
endfacet
facet normal 0.993686 -0.107648 -0.0316384
  outer loop
    vertex 0.38 -0.4 0.2999999999997424
    vertex 0.3729626989534145 -0.472793029813195 0.3266489249322931
    vertex 0.3678285558404288 -0.4954052069246986 0.242334290336169
  endloop
endfacet
facet normal 0.864785 -0.500967 -0.0343309
  outer loop
    vertex 0.301999957398765 -0.6306426364121434 0.149446575330757
    vertex 0.3477128525285131 -0.5532833069400727 0.1720896135625015
    vertex 0.3285017881298401 -0.5910145941950448 0.2387552521081293
  endloop
endfacet
facet normal 0.550462 -0.834838 -0.00606958
  outer loop
    vertex 0.2439564981575628 -0.6913506941929246 0.09510163723330017
    vertex 0.2406892008383482 -0.6940556216089012 0.1708326223683261
    vertex 0.1741292669569157 -0.7377558265804562 0.1451177967553224
  endloop
endfacet
facet normal 0.859754 -0.510631 0.00884348
  outer loop
    vertex 0.3452184947167085 -0.5588212545773704 0.09482193859757537
    vertex 0.3477128525285131 -0.5532833069400727 0.1720896135625015
    vertex 0.301999957398765 -0.6306426364121434 0.149446575330757
  endloop
endfacet
facet normal -0.957955 -0.286672 0.0118871
  outer loop
    vertex -0.3520989478519537 -0.5429207155087996 0.3170326247643371
    vertex -0.3729565198460386 -0.4728246819720582 0.3266171367274808
    vertex -0.3706915924605548 -0.4835927226441268 0.2494584423103056
  endloop
endfacet
facet normal 0.955126 -0.295448 0.0210754
  outer loop
    vertex 0.3678285558404288 -0.4954052069246986 0.242334290336169
    vertex 0.3729626989534145 -0.472793029813195 0.3266489249322931
    vertex 0.3495009732752501 -0.5491612204282765 0.3193458326007482
  endloop
endfacet
facet normal 0.554391 -0.83199 -0.0210804
  outer loop
    vertex 0.1741292669569157 -0.7377558265804562 0.1451177967553224
    vertex 0.2406892008383482 -0.6940556216089012 0.1708326223683261
    vertex 0.1941789155000002 -0.726641315168862 0.2337392150502052
  endloop
endfacet
facet normal 0.949216 -0.31452 -0.00810027
  outer loop
    vertex 0.3709339601822519 -0.4825105883115102 0.1452275818653184
    vertex 0.3477128525285131 -0.5532833069400727 0.1720896135625015
    vertex 0.3452184947167085 -0.5588212545773704 0.09482193859757537
  endloop
endfacet
facet normal 1 -0 0
  outer loop
    vertex 0.38 0.2151123067332338 -0.2183329897416241
    vertex 0.38 0.3167622259895747 -0.2508754910708523
    vertex 0.38 0.3103703873526927 -0.1586725655797178
  endloop
endfacet
facet normal 1 0 0
  outer loop
    vertex 0.38 -0.3103703875326631 -0.1586725653741847
    vertex 0.38 -0.3168954996406927 -0.2508337578054111
    vertex 0.38 -0.2151159311543421 -0.2179632858529731
  endloop
endfacet
facet normal 1 0 0
  outer loop
    vertex 0.38 -0.2136502941837737 0.1121717866528791
    vertex 0.38 -0.3117237554982376 0.1523612452690466
    vertex 0.38 -0.3100604949605074 0.05719015915285264
  endloop
endfacet
facet normal 1 0 0
  outer loop
    vertex 0.38 0.3103703873526927 -0.1586725655797178
    vertex 0.38 0.2327026972998215 -0.1258366212365937
    vertex 0.38 0.2151123067332338 -0.2183329897416241
  endloop
endfacet
facet normal 1 0 0
  outer loop
    vertex 0.38 -0.2151159311543421 -0.2179632858529731
    vertex 0.38 -0.2332450428816813 -0.1238607942353431
    vertex 0.38 -0.3103703875326631 -0.1586725653741847
  endloop
endfacet
facet normal 1 0 -0
  outer loop
    vertex 0.38 0.310764222360118 0.05597126750951587
    vertex 0.38 0.3170496084136534 0.1511205446127566
    vertex 0.38 0.2156019172624845 0.1122379807107775
  endloop
endfacet
facet normal 1 -0 0
  outer loop
    vertex 0.38 -0.3100604949605074 0.05719015915285264
    vertex 0.38 -0.2334700617189014 0.01964485454316245
    vertex 0.38 -0.2136502941837737 0.1121717866528791
  endloop
endfacet
facet normal 1 0 0
  outer loop
    vertex 0.38 0.2156019172624845 0.1122379807107775
    vertex 0.38 0.2331300508948452 0.02023689448334148
    vertex 0.38 0.310764222360118 0.05597126750951587
  endloop
endfacet
facet normal 1 0 0
  outer loop
    vertex 0.38 0.2156019172624845 0.1122379807107775
    vertex 0.38 0.3170496084136534 0.1511205446127566
    vertex 0.38 0.2476192752846285 0.2087553554310989
  endloop
endfacet
facet normal 1 0 0
  outer loop
    vertex 0.38 -0.2151159311543421 -0.2179632858529731
    vertex 0.38 -0.3168954996406927 -0.2508337578054111
    vertex 0.38 -0.2506921366281741 -0.3153419405565753
  endloop
endfacet
facet normal 1 0 -0
  outer loop
    vertex 0.38 0.2495762630748061 -0.3153227954164197
    vertex 0.38 0.3167622259895747 -0.2508754910708523
    vertex 0.38 0.2151123067332338 -0.2183329897416241
  endloop
endfacet
facet normal 1 -0 0
  outer loop
    vertex 0.38 0.192961234838001 -0.05318963474814364
    vertex 0.38 0.2327026972998215 -0.1258366212365937
    vertex 0.38 0.2981855500216758 -0.05184424461746662
  endloop
endfacet
facet normal 1 0 0
  outer loop
    vertex 0.38 -0.2975293304457924 -0.05153141903173797
    vertex 0.38 -0.2332450428816813 -0.1238607942353431
    vertex 0.38 -0.196110189790939 -0.05261895658299853
  endloop
endfacet
facet normal 1 0 0
  outer loop
    vertex 0.38 -0.196110189790939 -0.05261895658299853
    vertex 0.38 -0.2334700617189014 0.01964485454316245
    vertex 0.38 -0.2975293304457924 -0.05153141903173797
  endloop
endfacet
facet normal 1 0 0
  outer loop
    vertex 0.38 0.2981855500216758 -0.05184424461746662
    vertex 0.38 0.2331300508948452 0.02023689448334148
    vertex 0.38 0.192961234838001 -0.05318963474814364
  endloop
endfacet
facet normal 1 0 0
  outer loop
    vertex 0.38 -0.2136502941837737 0.1121717866528791
    vertex 0.38 -0.2354451033340275 0.1954296626057046
    vertex 0.38 -0.3117237554982376 0.1523612452690466
  endloop
endfacet
facet normal 1 0 0
  outer loop
    vertex 0.38 0.2981855500216758 -0.05184424461746662
    vertex 0.38 0.2327026972998215 -0.1258366212365937
    vertex 0.38 0.3103703873526927 -0.1586725655797178
  endloop
endfacet
facet normal 1 0 0
  outer loop
    vertex 0.38 -0.3103703875326631 -0.1586725653741847
    vertex 0.38 -0.2332450428816813 -0.1238607942353431
    vertex 0.38 -0.2975293304457924 -0.05153141903173797
  endloop
endfacet
facet normal 1 0 0
  outer loop
    vertex 0.38 -0.100000063327035 -0.05359012715336658
    vertex 0.38 -0.1499999994205403 0.03301270243557503
    vertex 0.38 -0.196110189790939 -0.05261895658299853
  endloop
endfacet
facet normal 1 0 0
  outer loop
    vertex 0.38 0.4 -0.1000000000007782
    vertex 0.38 0.2981855500216758 -0.05184424461746662
    vertex 0.38 0.3103703873526927 -0.1586725655797178
  endloop
endfacet
facet normal 1 -0 0
  outer loop
    vertex 0.38 -0.1497513071895571 0.3164054511625775
    vertex 0.38 -0.04999999970109714 0.3133974597945927
    vertex 0.38 -0.1000000000007782 0.4
  endloop
endfacet
facet normal 1 0 0
  outer loop
    vertex 0.38 -0.2151159311543421 -0.2179632858529731
    vertex 0.38 -0.2506921366281741 -0.3153419405565753
    vertex 0.38 -0.1500000000145764 -0.3133974595619933
  endloop
endfacet
facet normal 1 0 0
  outer loop
    vertex 0.38 -0.09951688953355969 -0.2265172989820692
    vertex 0.38 -0.2151159311543421 -0.2179632858529731
    vertex 0.38 -0.1500000000145764 -0.3133974595619933
  endloop
endfacet
facet normal 1 0 0
  outer loop
    vertex 0.38 -0.1500000000145764 -0.3133974595619933
    vertex 0.38 -0.2506921366281741 -0.3153419405565753
    vertex 0.38 -0.2000000000004825 -0.4
  endloop
endfacet
facet normal 1 0 0
  outer loop
    vertex 0.38 -0.2000000000004825 -0.4
    vertex 0.38 -0.2506921366281741 -0.3153419405565753
    vertex 0.38 -0.3000000000002088 -0.4
  endloop
endfacet
facet normal 1 0 0
  outer loop
    vertex 0.38 -1.063038546078587e-12 -0.4
    vertex 0.38 -0.0499198085208073 -0.3133526751369855
    vertex 0.38 -0.1000000000007782 -0.4
  endloop
endfacet
facet normal 1 0 0
  outer loop
    vertex 0.38 0.04999771142984849 -0.1402027781711295
    vertex 0.38 -0.05000000001368388 -0.1401923787095342
    vertex 0.38 -1.961573931841265e-06 -0.226803832701866
  endloop
endfacet
facet normal 1 0 0
  outer loop
    vertex 0.38 0.09998822981618788 -0.2268484006980461
    vertex 0.38 0.04999771142984849 -0.1402027781711295
    vertex 0.38 -1.961573931841265e-06 -0.226803832701866
  endloop
endfacet
facet normal 1 0 0
  outer loop
    vertex 0.38 -0.05000000001368388 -0.1401923787095342
    vertex 0.38 -0.09951688953355969 -0.2265172989820692
    vertex 0.38 -1.961573931841265e-06 -0.226803832701866
  endloop
endfacet
facet normal 1 0 0
  outer loop
    vertex 0.38 -0.14709937548467 -0.1385177443348209
    vertex 0.38 -0.2151159311543421 -0.2179632858529731
    vertex 0.38 -0.09951688953355969 -0.2265172989820692
  endloop
endfacet
facet normal 1 0 0
  outer loop
    vertex 0.38 0.04999992506892442 0.03301235607035818
    vertex 0.38 -2.346745819892249e-08 0.1196151278505113
    vertex 0.38 -0.05000007356671932 0.03301236452041445
  endloop
endfacet
facet normal 1 0 0
  outer loop
    vertex 0.38 0.09998822981618788 -0.2268484006980461
    vertex 0.38 0.2151123067332338 -0.2183329897416241
    vertex 0.38 0.147097021739609 -0.1385283436545557
  endloop
endfacet
facet normal 1 0 0
  outer loop
    vertex 0.38 0.09998822981618788 -0.2268484006980461
    vertex 0.38 -1.961573931841265e-06 -0.226803832701866
    vertex 0.38 0.04999999999906579 -0.3133974595759842
  endloop
endfacet
facet normal 1 0 -0
  outer loop
    vertex 0.38 0.1499293774302477 -0.3137183488539734
    vertex 0.38 0.2151123067332338 -0.2183329897416241
    vertex 0.38 0.09998822981618788 -0.2268484006980461
  endloop
endfacet
facet normal 1 0 0
  outer loop
    vertex 0.38 -0.09951688953355969 -0.2265172989820692
    vertex 0.38 -0.0499198085208073 -0.3133526751369855
    vertex 0.38 -1.961573931841265e-06 -0.226803832701866
  endloop
endfacet
facet normal 1 0 0
  outer loop
    vertex 0.38 0.04999999999906579 -0.3133974595759842
    vertex 0.38 -0.0499198085208073 -0.3133526751369855
    vertex 0.38 -1.063038546078587e-12 -0.4
  endloop
endfacet
facet normal 1 0 -0
  outer loop
    vertex 0.38 -0.1000000000007782 -0.4
    vertex 0.38 -0.0499198085208073 -0.3133526751369855
    vertex 0.38 -0.1500000000145764 -0.3133974595619933
  endloop
endfacet
facet normal 1 0 0
  outer loop
    vertex 0.38 -0.1500000000145764 -0.3133974595619933
    vertex 0.38 -0.0499198085208073 -0.3133526751369855
    vertex 0.38 -0.09951688953355969 -0.2265172989820692
  endloop
endfacet
facet normal 1 0 0
  outer loop
    vertex 0.38 -0.14709937548467 -0.1385177443348209
    vertex 0.38 -0.09951688953355969 -0.2265172989820692
    vertex 0.38 -0.05000000001368388 -0.1401923787095342
  endloop
endfacet
facet normal 1 0 0
  outer loop
    vertex 0.38 -0.100000063327035 -0.05359012715336658
    vertex 0.38 -0.196110189790939 -0.05261895658299853
    vertex 0.38 -0.14709937548467 -0.1385177443348209
  endloop
endfacet
facet normal 1 0 0
  outer loop
    vertex 0.38 -2.346745819892249e-08 0.1196151278505113
    vertex 0.38 -0.04999999842113095 0.2062177820338854
    vertex 0.38 -0.1000000154223602 0.1196151668922038
  endloop
endfacet
facet normal 1 0 0
  outer loop
    vertex 0.38 0.09999999266425696 0.1196152017389494
    vertex 0.38 0.05000000158924206 0.2062177814282375
    vertex 0.38 -2.346745819892249e-08 0.1196151278505113
  endloop
endfacet
facet normal 1 0 0
  outer loop
    vertex 0.38 0.1499293774302477 -0.3137183488539734
    vertex 0.38 0.09998822981618788 -0.2268484006980461
    vertex 0.38 0.04999999999906579 -0.3133974595759842
  endloop
endfacet
facet normal 1 0 0
  outer loop
    vertex 0.38 0.09999999999919462 -0.4
    vertex 0.38 0.04999999999906579 -0.3133974595759842
    vertex 0.38 -1.063038546078587e-12 -0.4
  endloop
endfacet
facet normal 1 -0 0
  outer loop
    vertex 0.38 -1.063038546078587e-12 0.4
    vertex 0.38 0.04999999999906579 0.3133974595759842
    vertex 0.38 0.09999999999919462 0.4
  endloop
endfacet
facet normal 1 0 0
  outer loop
    vertex 0.38 -0.4 -1.063038546078587e-12
    vertex 0.38 -0.3100604949605074 0.05719015915285264
    vertex 0.38 -0.4 0.09999999999919462
  endloop
endfacet
facet normal 1 0 0
  outer loop
    vertex 0.38 0.4 0.09999999999919462
    vertex 0.38 0.310764222360118 0.05597126750951587
    vertex 0.38 0.4 -1.063038546078587e-12
  endloop
endfacet
facet normal 1 0 0
  outer loop
    vertex 0.38 0.2999999999997424 -0.4
    vertex 0.38 0.2495762630748061 -0.3153227954164197
    vertex 0.38 0.1999999999994631 -0.4
  endloop
endfacet
facet normal 1 0 0
  outer loop
    vertex 0.38 -0.4 0.1999999999994631
    vertex 0.38 -0.3033843704700208 0.2504725142233221
    vertex 0.38 -0.4 0.2999999999997424
  endloop
endfacet
facet normal 1 0 0
  outer loop
    vertex 0.38 -0.1000000000007782 -0.4
    vertex 0.38 -0.1500000000145764 -0.3133974595619933
    vertex 0.38 -0.2000000000004825 -0.4
  endloop
endfacet
facet normal 1 0 0
  outer loop
    vertex 0.38 -0.4 -0.2000000000004825
    vertex 0.38 -0.3103703875326631 -0.1586725653741847
    vertex 0.38 -0.4 -0.1000000000007782
  endloop
endfacet
facet normal 1 -0 0
  outer loop
    vertex 0.38 -0.2000000000004825 0.4
    vertex 0.38 -0.1497513071895571 0.3164054511625775
    vertex 0.38 -0.1000000000007782 0.4
  endloop
endfacet
facet normal 1 0 0
  outer loop
    vertex 0.38 0.4 -0.1000000000007782
    vertex 0.38 0.3103703873526927 -0.1586725655797178
    vertex 0.38 0.4 -0.2000000000004825
  endloop
endfacet
facet normal 1 0 -0
  outer loop
    vertex 0.38 0.09998822981618788 -0.2268484006980461
    vertex 0.38 0.147097021739609 -0.1385283436545557
    vertex 0.38 0.04999771142984849 -0.1402027781711295
  endloop
endfacet
facet normal 1 0 0
  outer loop
    vertex 0.38 0.1500000016096976 0.2062177807908777
    vertex 0.38 0.05000000158924206 0.2062177814282375
    vertex 0.38 0.09999999266425696 0.1196152017389494
  endloop
endfacet
facet normal 1 0 0
  outer loop
    vertex 0.38 -2.346745819892249e-08 0.1196151278505113
    vertex 0.38 -0.1000000154223602 0.1196151668922038
    vertex 0.38 -0.05000007356671932 0.03301236452041445
  endloop
endfacet
facet normal 1 0 -0
  outer loop
    vertex 0.38 0.04999992506892442 0.03301235607035818
    vertex 0.38 0.09999999266425696 0.1196152017389494
    vertex 0.38 -2.346745819892249e-08 0.1196151278505113
  endloop
endfacet
facet normal 1 0 0
  outer loop
    vertex 0.38 -0.04999999842113095 0.2062177820338854
    vertex 0.38 -0.1492955551852965 0.2018587641370171
    vertex 0.38 -0.1000000154223602 0.1196151668922038
  endloop
endfacet
facet normal 1 0 -0
  outer loop
    vertex 0.38 -2.346745819892249e-08 0.1196151278505113
    vertex 0.38 0.05000000158924206 0.2062177814282375
    vertex 0.38 -0.04999999842113095 0.2062177820338854
  endloop
endfacet
facet normal 1 0 0
  outer loop
    vertex 0.38 -1.961573931841265e-06 -0.226803832701866
    vertex 0.38 -0.0499198085208073 -0.3133526751369855
    vertex 0.38 0.04999999999906579 -0.3133974595759842
  endloop
endfacet
facet normal 1 0 -0
  outer loop
    vertex 0.38 0.09999999999919462 -0.4
    vertex 0.38 0.1499293774302477 -0.3137183488539734
    vertex 0.38 0.04999999999906579 -0.3133974595759842
  endloop
endfacet
facet normal 1 0 0
  outer loop
    vertex 0.38 -0.3100604949605074 0.05719015915285264
    vertex 0.38 -0.3117237554982376 0.1523612452690466
    vertex 0.38 -0.4 0.09999999999919462
  endloop
endfacet
facet normal 1 0 0
  outer loop
    vertex 0.38 0.04999999999906579 0.3133974595759842
    vertex 0.38 0.1499999999993342 0.313397459621321
    vertex 0.38 0.09999999999919462 0.4
  endloop
endfacet
facet normal 1 -0 0
  outer loop
    vertex 0.38 -0.4 -1.063038546078587e-12
    vertex 0.38 -0.2975293304457924 -0.05153141903173797
    vertex 0.38 -0.3100604949605074 0.05719015915285264
  endloop
endfacet
facet normal 1 -0 0
  outer loop
    vertex 0.38 -0.4 0.1999999999994631
    vertex 0.38 -0.3117237554982376 0.1523612452690466
    vertex 0.38 -0.3033843704700208 0.2504725142233221
  endloop
endfacet
facet normal 1 0 0
  outer loop
    vertex 0.38 0.2495762630748061 -0.3153227954164197
    vertex 0.38 0.1499293774302477 -0.3137183488539734
    vertex 0.38 0.1999999999994631 -0.4
  endloop
endfacet
facet normal 1 0 -0
  outer loop
    vertex 0.38 -0.3103703875326631 -0.1586725653741847
    vertex 0.38 -0.2975293304457924 -0.05153141903173797
    vertex 0.38 -0.4 -0.1000000000007782
  endloop
endfacet
facet normal 1 -0 0
  outer loop
    vertex 0.38 0.04999992506892442 0.03301235607035818
    vertex 0.38 0.1472613280804983 0.03143147168322458
    vertex 0.38 0.09999999266425696 0.1196152017389494
  endloop
endfacet
facet normal 1 0 0
  outer loop
    vertex 0.38 -0.1492955551852965 0.2018587641370171
    vertex 0.38 -0.2136502941837737 0.1121717866528791
    vertex 0.38 -0.1000000154223602 0.1196151668922038
  endloop
endfacet
facet normal 1 0 -0
  outer loop
    vertex 0.38 0.1472613280804983 0.03143147168322458
    vertex 0.38 0.2156019172624845 0.1122379807107775
    vertex 0.38 0.09999999266425696 0.1196152017389494
  endloop
endfacet
facet normal 1 0 0
  outer loop
    vertex 0.38 0.2156019172624845 0.1122379807107775
    vertex 0.38 0.1500000016096976 0.2062177807908777
    vertex 0.38 0.09999999266425696 0.1196152017389494
  endloop
endfacet
facet normal 1 0 0
  outer loop
    vertex 0.38 -0.4 -0.1000000000007782
    vertex 0.38 -0.2975293304457924 -0.05153141903173797
    vertex 0.38 -0.4 -1.063038546078587e-12
  endloop
endfacet
facet normal 1 0 0
  outer loop
    vertex 0.38 0.1999999999994631 0.4
    vertex 0.38 0.1499999999993342 0.313397459621321
    vertex 0.38 0.250638266373583 0.3081352853678149
  endloop
endfacet
facet normal 1 0 0
  outer loop
    vertex 0.38 0.1999999999994631 -0.4
    vertex 0.38 0.1499293774302477 -0.3137183488539734
    vertex 0.38 0.09999999999919462 -0.4
  endloop
endfacet
facet normal 1 0 0
  outer loop
    vertex 0.38 -0.4 0.09999999999919462
    vertex 0.38 -0.3117237554982376 0.1523612452690466
    vertex 0.38 -0.4 0.1999999999994631
  endloop
endfacet
facet normal 1 -0 0
  outer loop
    vertex 0.38 0.09999999999919462 0.4
    vertex 0.38 0.1499999999993342 0.313397459621321
    vertex 0.38 0.1999999999994631 0.4
  endloop
endfacet
facet normal 1 -0 0
  outer loop
    vertex 0.38 0.1999999999994631 0.4
    vertex 0.38 0.250638266373583 0.3081352853678149
    vertex 0.38 0.2999999999997424 0.4
  endloop
endfacet
facet normal 1 0 -0
  outer loop
    vertex 0.38 0.2156019172624845 0.1122379807107775
    vertex 0.38 0.2476192752846285 0.2087553554310989
    vertex 0.38 0.1500000016096976 0.2062177807908777
  endloop
endfacet
facet normal 1 0 0
  outer loop
    vertex 0.38 0.2495762630748061 -0.3153227954164197
    vertex 0.38 0.2151123067332338 -0.2183329897416241
    vertex 0.38 0.1499293774302477 -0.3137183488539734
  endloop
endfacet
facet normal 1 0 0
  outer loop
    vertex 0.38 -0.100000063327035 -0.05359012715336658
    vertex 0.38 -0.14709937548467 -0.1385177443348209
    vertex 0.38 -0.05000000001368388 -0.1401923787095342
  endloop
endfacet
facet normal 1 -0 0
  outer loop
    vertex 0.38 -0.1000000000007782 0.4
    vertex 0.38 -0.04999999970109714 0.3133974597945927
    vertex 0.38 -1.063038546078587e-12 0.4
  endloop
endfacet
facet normal 1 0 0
  outer loop
    vertex 0.38 0.4 -1.063038546078587e-12
    vertex 0.38 0.2981855500216758 -0.05184424461746662
    vertex 0.38 0.4 -0.1000000000007782
  endloop
endfacet
facet normal 1 0 0
  outer loop
    vertex 0.38 -0.05000007356671932 0.03301236452041445
    vertex 0.38 -0.1499999994205403 0.03301270243557503
    vertex 0.38 -0.100000063327035 -0.05359012715336658
  endloop
endfacet
facet normal 1 0 0
  outer loop
    vertex 0.38 -0.1000000154223602 0.1196151668922038
    vertex 0.38 -0.1499999994205403 0.03301270243557503
    vertex 0.38 -0.05000007356671932 0.03301236452041445
  endloop
endfacet
facet normal 1 0 0
  outer loop
    vertex 0.38 -1.063038546078587e-12 0.4
    vertex 0.38 -0.04999999970109714 0.3133974597945927
    vertex 0.38 0.04999999999906579 0.3133974595759842
  endloop
endfacet
facet normal 1 0 0
  outer loop
    vertex 0.38 0.310764222360118 0.05597126750951587
    vertex 0.38 0.2981855500216758 -0.05184424461746662
    vertex 0.38 0.4 -1.063038546078587e-12
  endloop
endfacet
facet normal 1 0 0
  outer loop
    vertex 0.38 -3.810745770049806e-07 -0.05359157198367592
    vertex 0.38 -0.100000063327035 -0.05359012715336658
    vertex 0.38 -0.05000000001368388 -0.1401923787095342
  endloop
endfacet
facet normal 1 0 0
  outer loop
    vertex 0.38 0.04999771142984849 -0.1402027781711295
    vertex 0.38 -3.810745770049806e-07 -0.05359157198367592
    vertex 0.38 -0.05000000001368388 -0.1401923787095342
  endloop
endfacet
facet normal 1 0 -0
  outer loop
    vertex 0.38 -3.810745770049806e-07 -0.05359157198367592
    vertex 0.38 0.04999992506892442 0.03301235607035818
    vertex 0.38 -0.05000007356671932 0.03301236452041445
  endloop
endfacet
facet normal 1 0 0
  outer loop
    vertex 0.38 -3.810745770049806e-07 -0.05359157198367592
    vertex 0.38 -0.05000007356671932 0.03301236452041445
    vertex 0.38 -0.100000063327035 -0.05359012715336658
  endloop
endfacet
facet normal 1 -0 0
  outer loop
    vertex 0.38 -0.2136502941837737 0.1121717866528791
    vertex 0.38 -0.1499999994205403 0.03301270243557503
    vertex 0.38 -0.1000000154223602 0.1196151668922038
  endloop
endfacet
facet normal 1 0 -0
  outer loop
    vertex 0.38 0.04999771142984849 -0.1402027781711295
    vertex 0.38 0.09905926726110809 -0.05357811744840291
    vertex 0.38 -3.810745770049806e-07 -0.05359157198367592
  endloop
endfacet
facet normal 1 0 0
  outer loop
    vertex 0.38 -3.810745770049806e-07 -0.05359157198367592
    vertex 0.38 0.09905926726110809 -0.05357811744840291
    vertex 0.38 0.04999992506892442 0.03301235607035818
  endloop
endfacet
facet normal 1 0 0
  outer loop
    vertex 0.38 0.04999992506892442 0.03301235607035818
    vertex 0.38 0.09905926726110809 -0.05357811744840291
    vertex 0.38 0.1472613280804983 0.03143147168322458
  endloop
endfacet
facet normal 1 0 0
  outer loop
    vertex 0.38 0.147097021739609 -0.1385283436545557
    vertex 0.38 0.09905926726110809 -0.05357811744840291
    vertex 0.38 0.04999771142984849 -0.1402027781711295
  endloop
endfacet
facet normal 1 0 0
  outer loop
    vertex 0.38 0.09905926726110809 -0.05357811744840291
    vertex 0.38 0.192961234838001 -0.05318963474814364
    vertex 0.38 0.1472613280804983 0.03143147168322458
  endloop
endfacet
facet normal 1 0 -0
  outer loop
    vertex 0.38 0.147097021739609 -0.1385283436545557
    vertex 0.38 0.192961234838001 -0.05318963474814364
    vertex 0.38 0.09905926726110809 -0.05357811744840291
  endloop
endfacet
facet normal 1 0 0
  outer loop
    vertex 0.38 0.4 0.1999999999994631
    vertex 0.38 0.3238052143527761 0.2492558871285707
    vertex 0.38 0.3170496084136534 0.1511205446127566
  endloop
endfacet
facet normal 1 0 0
  outer loop
    vertex 0.38 -0.3033843704700208 0.2504725142233221
    vertex 0.38 -0.1991715413333196 0.2602840027462198
    vertex 0.38 -0.2465170230417348 0.3256594812284578
  endloop
endfacet
facet normal 1 0 0
  outer loop
    vertex 0.38 0.2476192752846285 0.2087553554310989
    vertex 0.38 0.3238052143527761 0.2492558871285707
    vertex 0.38 0.250638266373583 0.3081352853678149
  endloop
endfacet
facet normal 1 0 -0
  outer loop
    vertex 0.38 -0.2354451033340275 0.1954296626057046
    vertex 0.38 -0.1991715413333196 0.2602840027462198
    vertex 0.38 -0.3033843704700208 0.2504725142233221
  endloop
endfacet
facet normal 1 0 -0
  outer loop
    vertex 0.38 -0.2975293304457924 -0.05153141903173797
    vertex 0.38 -0.2334700617189014 0.01964485454316245
    vertex 0.38 -0.3100604949605074 0.05719015915285264
  endloop
endfacet
facet normal 1 0 0
  outer loop
    vertex 0.38 0.310764222360118 0.05597126750951587
    vertex 0.38 0.2331300508948452 0.02023689448334148
    vertex 0.38 0.2981855500216758 -0.05184424461746662
  endloop
endfacet
facet normal 1 -0 0
  outer loop
    vertex 0.38 -0.3000000000002088 0.4
    vertex 0.38 -0.2465170230417348 0.3256594812284578
    vertex 0.38 -0.2000000000004825 0.4
  endloop
endfacet
facet normal 1 0 0
  outer loop
    vertex 0.38 0.4 -0.2000000000004825
    vertex 0.38 0.3167622259895747 -0.2508754910708523
    vertex 0.38 0.4 -0.3000000000002088
  endloop
endfacet
facet normal 1 0 0
  outer loop
    vertex 0.38 -0.4 -0.3000000000002088
    vertex 0.38 -0.3168954996406927 -0.2508337578054111
    vertex 0.38 -0.4 -0.2000000000004825
  endloop
endfacet
facet normal 1 0 0
  outer loop
    vertex 0.38 0.4 0.1999999999994631
    vertex 0.38 0.3170496084136534 0.1511205446127566
    vertex 0.38 0.4 0.09999999999919462
  endloop
endfacet
facet normal 1 0 -0
  outer loop
    vertex 0.38 0.3170496084136534 0.1511205446127566
    vertex 0.38 0.3238052143527761 0.2492558871285707
    vertex 0.38 0.2476192752846285 0.2087553554310989
  endloop
endfacet
facet normal 1 0 0
  outer loop
    vertex 0.38 -0.2000000000004825 0.4
    vertex 0.38 -0.2465170230417348 0.3256594812284578
    vertex 0.38 -0.1497513071895571 0.3164054511625775
  endloop
endfacet
facet normal 1 0 0
  outer loop
    vertex 0.38 0.3103703873526927 -0.1586725655797178
    vertex 0.38 0.3167622259895747 -0.2508754910708523
    vertex 0.38 0.4 -0.2000000000004825
  endloop
endfacet
facet normal 1 -0 0
  outer loop
    vertex 0.38 -0.4 -0.2000000000004825
    vertex 0.38 -0.3168954996406927 -0.2508337578054111
    vertex 0.38 -0.3103703875326631 -0.1586725653741847
  endloop
endfacet
facet normal 1 -0 0
  outer loop
    vertex 0.38 0.1472613280804983 0.03143147168322458
    vertex 0.38 0.2331300508948452 0.02023689448334148
    vertex 0.38 0.2156019172624845 0.1122379807107775
  endloop
endfacet
facet normal 1 0 0
  outer loop
    vertex 0.38 -0.2136502941837737 0.1121717866528791
    vertex 0.38 -0.2334700617189014 0.01964485454316245
    vertex 0.38 -0.1499999994205403 0.03301270243557503
  endloop
endfacet
facet normal 1 0 0
  outer loop
    vertex 0.38 -0.14709937548467 -0.1385177443348209
    vertex 0.38 -0.2332450428816813 -0.1238607942353431
    vertex 0.38 -0.2151159311543421 -0.2179632858529731
  endloop
endfacet
facet normal 1 0 -0
  outer loop
    vertex 0.38 0.2151123067332338 -0.2183329897416241
    vertex 0.38 0.2327026972998215 -0.1258366212365937
    vertex 0.38 0.147097021739609 -0.1385283436545557
  endloop
endfacet
facet normal 1 0 0
  outer loop
    vertex 0.38 0.4 -0.3000000000002088
    vertex 0.38 0.326794919238367 -0.3267949192384918
    vertex 0.38 0.4 -0.4
  endloop
endfacet
facet normal 1 -0 0
  outer loop
    vertex 0.38 -0.4 0.4
    vertex 0.38 -0.3267949192384918 0.3267949192383671
    vertex 0.38 -0.3000000000002088 0.4
  endloop
endfacet
facet normal 1 0 0
  outer loop
    vertex 0.38 0.4 -0.4
    vertex 0.38 0.326794919238367 -0.3267949192384918
    vertex 0.38 0.2999999999997424 -0.4
  endloop
endfacet
facet normal 1 0 0
  outer loop
    vertex 0.38 -0.4 0.2999999999997424
    vertex 0.38 -0.3267949192384918 0.3267949192383671
    vertex 0.38 -0.4 0.4
  endloop
endfacet
facet normal 1 0 0
  outer loop
    vertex 0.38 -0.3000000000002088 -0.4
    vertex 0.38 -0.3267949192644294 -0.3267949192644294
    vertex 0.38 -0.4 -0.4
  endloop
endfacet
facet normal 1 0 0
  outer loop
    vertex 0.38 -0.4 -0.4
    vertex 0.38 -0.3267949192644294 -0.3267949192644294
    vertex 0.38 -0.4 -0.3000000000002088
  endloop
endfacet
facet normal 1 0 0
  outer loop
    vertex 0.38 0.4 0.09999999999919462
    vertex 0.38 0.3170496084136534 0.1511205446127566
    vertex 0.38 0.310764222360118 0.05597126750951587
  endloop
endfacet
facet normal 1 -0 0
  outer loop
    vertex 0.38 0.2999999999997424 0.4
    vertex 0.38 0.3275241375616916 0.3275241375616916
    vertex 0.38 0.4 0.4
  endloop
endfacet
facet normal 1 0 0
  outer loop
    vertex 0.38 0.4 0.4
    vertex 0.38 0.3275241375616916 0.3275241375616916
    vertex 0.38 0.4 0.2999999999997424
  endloop
endfacet
facet normal 1 0 0
  outer loop
    vertex 0.38 -0.3117237554982376 0.1523612452690466
    vertex 0.38 -0.2354451033340275 0.1954296626057046
    vertex 0.38 -0.3033843704700208 0.2504725142233221
  endloop
endfacet
facet normal 1 0 0
  outer loop
    vertex 0.38 -0.1492955551852965 0.2018587641370171
    vertex 0.38 -0.2354451033340275 0.1954296626057046
    vertex 0.38 -0.2136502941837737 0.1121717866528791
  endloop
endfacet
facet normal 1 0 0
  outer loop
    vertex 0.38 0.250638266373583 0.3081352853678149
    vertex 0.38 0.1999999999994724 0.259807620241843
    vertex 0.38 0.2476192752846285 0.2087553554310989
  endloop
endfacet
facet normal 1 0 0
  outer loop
    vertex 0.38 0.4 0.2999999999997424
    vertex 0.38 0.3238052143527761 0.2492558871285707
    vertex 0.38 0.4 0.1999999999994631
  endloop
endfacet
facet normal 1 0 0
  outer loop
    vertex 0.38 -0.1499999994205403 0.03301270243557503
    vertex 0.38 -0.2334700617189014 0.01964485454316245
    vertex 0.38 -0.196110189790939 -0.05261895658299853
  endloop
endfacet
facet normal 1 0 -0
  outer loop
    vertex 0.38 0.192961234838001 -0.05318963474814364
    vertex 0.38 0.2331300508948452 0.02023689448334148
    vertex 0.38 0.1472613280804983 0.03143147168322458
  endloop
endfacet
facet normal 1 0 0
  outer loop
    vertex 0.38 -0.196110189790939 -0.05261895658299853
    vertex 0.38 -0.2332450428816813 -0.1238607942353431
    vertex 0.38 -0.14709937548467 -0.1385177443348209
  endloop
endfacet
facet normal 1 0 0
  outer loop
    vertex 0.38 0.147097021739609 -0.1385283436545557
    vertex 0.38 0.2327026972998215 -0.1258366212365937
    vertex 0.38 0.192961234838001 -0.05318963474814364
  endloop
endfacet
facet normal 1 -0 0
  outer loop
    vertex 0.38 -0.4 -0.3000000000002088
    vertex 0.38 -0.3267949192644294 -0.3267949192644294
    vertex 0.38 -0.3168954996406927 -0.2508337578054111
  endloop
endfacet
facet normal 1 0 0
  outer loop
    vertex 0.38 -0.3000000000002088 0.4
    vertex 0.38 -0.3267949192384918 0.3267949192383671
    vertex 0.38 -0.2465170230417348 0.3256594812284578
  endloop
endfacet
facet normal 1 0 0
  outer loop
    vertex 0.38 0.3167622259895747 -0.2508754910708523
    vertex 0.38 0.326794919238367 -0.3267949192384918
    vertex 0.38 0.4 -0.3000000000002088
  endloop
endfacet
facet normal 1 0 0
  outer loop
    vertex 0.38 0.250638266373583 0.3081352853678149
    vertex 0.38 0.3275241375616916 0.3275241375616916
    vertex 0.38 0.2999999999997424 0.4
  endloop
endfacet
facet normal 1 0 0
  outer loop
    vertex 0.38 -0.2506921366281741 -0.3153419405565753
    vertex 0.38 -0.3267949192644294 -0.3267949192644294
    vertex 0.38 -0.3000000000002088 -0.4
  endloop
endfacet
facet normal 1 0 0
  outer loop
    vertex 0.38 -0.3033843704700208 0.2504725142233221
    vertex 0.38 -0.3267949192384918 0.3267949192383671
    vertex 0.38 -0.4 0.2999999999997424
  endloop
endfacet
facet normal 1 0 -0
  outer loop
    vertex 0.38 0.2999999999997424 -0.4
    vertex 0.38 0.326794919238367 -0.3267949192384918
    vertex 0.38 0.2495762630748061 -0.3153227954164197
  endloop
endfacet
facet normal 1 0 -0
  outer loop
    vertex 0.38 0.3238052143527761 0.2492558871285707
    vertex 0.38 0.3275241375616916 0.3275241375616916
    vertex 0.38 0.250638266373583 0.3081352853678149
  endloop
endfacet
facet normal 1 0 0
  outer loop
    vertex 0.38 -0.1497513071895571 0.3164054511625775
    vertex 0.38 -0.09999999973384277 0.2598076218041118
    vertex 0.38 -0.04999999970109714 0.3133974597945927
  endloop
endfacet
facet normal 1 0 0
  outer loop
    vertex 0.38 0.05000000158924206 0.2062177814282375
    vertex 0.38 3.228342038141818e-10 0.2598076212396364
    vertex 0.38 -0.04999999842113095 0.2062177820338854
  endloop
endfacet
facet normal 1 0 0
  outer loop
    vertex 0.38 0.2476192752846285 0.2087553554310989
    vertex 0.38 0.1999999999994724 0.259807620241843
    vertex 0.38 0.1500000016096976 0.2062177807908777
  endloop
endfacet
facet normal 1 0 0
  outer loop
    vertex 0.38 -0.04999999842113095 0.2062177820338854
    vertex 0.38 -0.09999999973384277 0.2598076218041118
    vertex 0.38 -0.1492955551852965 0.2018587641370171
  endloop
endfacet
facet normal 1 0 0
  outer loop
    vertex 0.38 0.1500000016096976 0.2062177807908777
    vertex 0.38 0.100000000023496 0.2598076205284371
    vertex 0.38 0.05000000158924206 0.2062177814282375
  endloop
endfacet
facet normal 1 0 0
  outer loop
    vertex 0.38 0.100000000023496 0.2598076205284371
    vertex 0.38 3.228342038141818e-10 0.2598076212396364
    vertex 0.38 0.05000000158924206 0.2062177814282375
  endloop
endfacet
facet normal 1 0 0
  outer loop
    vertex 0.38 0.1999999999994724 0.259807620241843
    vertex 0.38 0.100000000023496 0.2598076205284371
    vertex 0.38 0.1500000016096976 0.2062177807908777
  endloop
endfacet
facet normal 1 0 0
  outer loop
    vertex 0.38 0.1499999999993342 0.313397459621321
    vertex 0.38 0.1999999999994724 0.259807620241843
    vertex 0.38 0.250638266373583 0.3081352853678149
  endloop
endfacet
facet normal 1 -0 0
  outer loop
    vertex 0.38 0.04999999999906579 0.3133974595759842
    vertex 0.38 0.100000000023496 0.2598076205284371
    vertex 0.38 0.1499999999993342 0.313397459621321
  endloop
endfacet
facet normal 1 0 0
  outer loop
    vertex 0.38 0.1499999999993342 0.313397459621321
    vertex 0.38 0.100000000023496 0.2598076205284371
    vertex 0.38 0.1999999999994724 0.259807620241843
  endloop
endfacet
facet normal 1 0 0
  outer loop
    vertex 0.38 0.04999999999906579 0.3133974595759842
    vertex 0.38 3.228342038141818e-10 0.2598076212396364
    vertex 0.38 0.100000000023496 0.2598076205284371
  endloop
endfacet
facet normal 1 0 0
  outer loop
    vertex 0.38 3.228342038141818e-10 0.2598076212396364
    vertex 0.38 -0.09999999973384277 0.2598076218041118
    vertex 0.38 -0.04999999842113095 0.2062177820338854
  endloop
endfacet
facet normal 1 0 0
  outer loop
    vertex 0.38 -0.04999999970109714 0.3133974597945927
    vertex 0.38 -0.09999999973384277 0.2598076218041118
    vertex 0.38 3.228342038141818e-10 0.2598076212396364
  endloop
endfacet
facet normal 1 0 0
  outer loop
    vertex 0.38 -0.04999999970109714 0.3133974597945927
    vertex 0.38 3.228342038141818e-10 0.2598076212396364
    vertex 0.38 0.04999999999906579 0.3133974595759842
  endloop
endfacet
facet normal 1 0 0
  outer loop
    vertex 0.38 -0.2465170230417348 0.3256594812284578
    vertex 0.38 -0.3267949192384918 0.3267949192383671
    vertex 0.38 -0.3033843704700208 0.2504725142233221
  endloop
endfacet
facet normal 1 -0 0
  outer loop
    vertex 0.38 0.2495762630748061 -0.3153227954164197
    vertex 0.38 0.326794919238367 -0.3267949192384918
    vertex 0.38 0.3167622259895747 -0.2508754910708523
  endloop
endfacet
facet normal 1 0 0
  outer loop
    vertex 0.38 -0.3168954996406927 -0.2508337578054111
    vertex 0.38 -0.3267949192644294 -0.3267949192644294
    vertex 0.38 -0.2506921366281741 -0.3153419405565753
  endloop
endfacet
facet normal 1 0 0
  outer loop
    vertex 0.38 -0.09999999973384277 0.2598076218041118
    vertex 0.38 -0.1991715413333196 0.2602840027462198
    vertex 0.38 -0.1492955551852965 0.2018587641370171
  endloop
endfacet
facet normal 1 0 0
  outer loop
    vertex 0.38 -0.1497513071895571 0.3164054511625775
    vertex 0.38 -0.1991715413333196 0.2602840027462198
    vertex 0.38 -0.09999999973384277 0.2598076218041118
  endloop
endfacet
facet normal 1 0 0
  outer loop
    vertex 0.38 -0.2465170230417348 0.3256594812284578
    vertex 0.38 -0.1991715413333196 0.2602840027462198
    vertex 0.38 -0.1497513071895571 0.3164054511625775
  endloop
endfacet
facet normal 1 0 0
  outer loop
    vertex 0.38 0.4 0.2999999999997424
    vertex 0.38 0.3275241375616916 0.3275241375616916
    vertex 0.38 0.3238052143527761 0.2492558871285707
  endloop
endfacet
facet normal 1 0 0
  outer loop
    vertex 0.38 -0.1492955551852965 0.2018587641370171
    vertex 0.38 -0.1991715413333196 0.2602840027462198
    vertex 0.38 -0.2354451033340275 0.1954296626057046
  endloop
endfacet
facet normal -0.244235 0.969269 -0.0294526
  outer loop
    vertex -0.08490032870017025 0.7703942955643392 -0.2108922541319695
    vertex -0.04522327275709473 0.7772994243318394 -0.3126691740015751
    vertex -0.1385600970463816 0.7538376739502131 -0.3107890878234435
  endloop
endfacet
facet normal -0.871603 0.489454 0.0272611
  outer loop
    vertex -0.3372923162456543 0.5750254078745185 0.2138864184468398
    vertex -0.352116019102251 0.542878651629917 0.3171103090790258
    vertex -0.3060008512022644 0.6253075210983638 0.3115684962386028
  endloop
endfacet
facet normal -0.871558 0.489534 -0.0272477
  outer loop
    vertex -0.3059854521413277 0.6253284337980169 -0.3114899355053182
    vertex -0.3520996115516086 0.542919080409882 -0.3170318649789883
    vertex -0.3371880240882017 0.5752262435010644 -0.2135686454517715
  endloop
endfacet
facet normal 0.25666 0.966018 -0.0305696
  outer loop
    vertex 0.1432993739636016 0.751945009087556 -0.3112818673194899
    vertex 0.04959995129087036 0.7767490475528018 -0.3141518938285603
    vertex 0.09487367550400549 0.7679660116048229 -0.2115866352482154
  endloop
endfacet
facet normal -0.820855 0.570315 -0.0306184
  outer loop
    vertex -0.3060008512022644 0.6253075210983638 0.3115684962386028
    vertex -0.2849447398892591 0.6514090197455981 0.2332510170531966
    vertex -0.3372923162456543 0.5750254078745185 0.2138864184468398
  endloop
endfacet
facet normal -0.82172 0.569135 0.0293618
  outer loop
    vertex -0.3371880240882017 0.5752262435010644 -0.2135686454517715
    vertex -0.285635915800522 0.6506234697804599 -0.2322944256705305
    vertex -0.3059854521413277 0.6253284337980169 -0.3114899355053182
  endloop
endfacet
facet normal -0.344166 0.938451 0.0293332
  outer loop
    vertex -0.1385600970463816 0.7538376739502131 -0.3107890878234435
    vertex -0.1701130635051187 0.7397963296224718 -0.2317777501967252
    vertex -0.08490032870017025 0.7703942955643392 -0.2108922541319695
  endloop
endfacet
facet normal 0.135755 0.990742 7.61042e-05
  outer loop
    vertex 0.008267548601595464 0.7799100520387954 0.1493629482656322
    vertex 0.09427564140824665 0.7681196862938244 0.21712624991658
    vertex 0.09420284355807457 0.7681383221909571 0.1043771733873295
  endloop
endfacet
facet normal 0.356011 0.934482 -7.54058e-05
  outer loop
    vertex 0.09420284355807457 0.7681383221909571 0.1043771733873295
    vertex 0.09427564140824665 0.7681196862938244 0.21712624991658
    vertex 0.1745977877489463 0.7375138701048802 0.1507253724178406
  endloop
endfacet
facet normal 0.371534 0.92789 0.0313562
  outer loop
    vertex 0.09487367550400549 0.7679660116048229 -0.2115866352482154
    vertex 0.1799608977789905 0.7346850389105849 -0.2349220563543752
    vertex 0.1432993739636016 0.751945009087556 -0.3112818673194899
  endloop
endfacet
facet normal 0.120591 0.992195 0.0317349
  outer loop
    vertex 0.04959995129087036 0.7767490475528018 -0.3141518938285603
    vertex 0.002813308584733578 0.7799895857715144 -0.2376816051027379
    vertex 0.09487367550400549 0.7679660116048229 -0.2115866352482154
  endloop
endfacet
facet normal -0.684291 0.729209 -0.000387302
  outer loop
    vertex -0.2317729920370498 0.7011333262231094 -0.2984910618830974
    vertex -0.285635915800522 0.6506234697804599 -0.2322944256705305
    vertex -0.232099425286755 0.7008817986877207 -0.1953184636012168
  endloop
endfacet
facet normal 0.120001 0.992564 0.0203896
  outer loop
    vertex 0.008267548601595464 0.7799100520387954 0.1493629482656322
    vertex -0.006671282745174746 0.7799414349429843 0.2357558676064434
    vertex 0.09427564140824665 0.7681196862938244 0.21712624991658
  endloop
endfacet
facet normal -0.531536 0.847035 0.000383256
  outer loop
    vertex -0.232099425286755 0.7008817986877207 -0.1953184636012168
    vertex -0.1701130635051187 0.7397963296224718 -0.2317777501967252
    vertex -0.2317729920370498 0.7011333262231094 -0.2984910618830974
  endloop
endfacet
facet normal -0.684148 0.729343 -0.00113109
  outer loop
    vertex -0.2323561723488334 0.7006835698394565 0.1976034128275855
    vertex -0.2849447398892591 0.6514090197455981 0.2332510170531966
    vertex -0.2333412596044553 0.6999197502102958 0.3009192277864887
  endloop
endfacet
facet normal -0.942763 0.331924 -0.0320173
  outer loop
    vertex -0.3706879057484971 0.4836090696742484 0.2495177818744255
    vertex -0.352116019102251 0.542878651629917 0.3171103090790258
    vertex -0.3372923162456543 0.5750254078745185 0.2138864184468398
  endloop
endfacet
facet normal -0.942704 0.332076 0.0321737
  outer loop
    vertex -0.3371880240882017 0.5752262435010644 -0.2135686454517715
    vertex -0.3520996115516086 0.542919080409882 -0.3170318649789883
    vertex -0.3706915668594912 0.4835928361718596 -0.2494584021688455
  endloop
endfacet
facet normal -0.10011 0.99457 0.02845
  outer loop
    vertex -0.08490032870017025 0.7703942955643392 -0.2108922541319695
    vertex 0.002813308584733578 0.7799895857715144 -0.2376816051027379
    vertex -0.04522327275709473 0.7772994243318394 -0.3126691740015751
  endloop
endfacet
facet normal 0.553123 0.833075 0.0064436
  outer loop
    vertex 0.2346806942464085 0.698872835413364 -0.3020471121257529
    vertex 0.1799608977789905 0.7346850389105849 -0.2349220563543752
    vertex 0.2405319788222451 0.6941842401690734 -0.1981501248643774
  endloop
endfacet
facet normal 0.694202 0.71975 -0.00661579
  outer loop
    vertex 0.2405319788222451 0.6941842401690734 -0.1981501248643774
    vertex 0.2875620552810049 0.6484110793877043 -0.2430164222269561
    vertex 0.2346806942464085 0.698872835413364 -0.3020471121257529
  endloop
endfacet
facet normal 0.550651 0.834715 -0.00587176
  outer loop
    vertex 0.2399533008499795 0.6946564328352586 0.1987387122220247
    vertex 0.178445282903927 0.7354955752455425 0.2361335015053931
    vertex 0.234709954934752 0.6988498570428413 0.3031466356373969
  endloop
endfacet
facet normal 0.927864 0.370942 0.0383483
  outer loop
    vertex 0.3496600998667632 0.5487878172471294 -0.3190226761059883
    vertex 0.3320971904073108 0.5846928697150227 -0.2413840730960806
    vertex 0.3678260346474105 0.4954149266915924 -0.2422861656667206
  endloop
endfacet
facet normal -0.536202 0.844089 0.00112786
  outer loop
    vertex -0.2333412596044553 0.6999197502102958 0.3009192277864887
    vertex -0.1729783341697846 0.7383467096158116 0.2397119927405822
    vertex -0.2323561723488334 0.7006835698394565 0.1976034128275855
  endloop
endfacet
facet normal 0.927677 0.371427 -0.038164
  outer loop
    vertex 0.3677401030045907 0.495745582885964 0.2433420817834733
    vertex 0.3320838937326497 0.5847167765076097 0.2425264111058263
    vertex 0.3497873535132123 0.5484884080398973 0.3202670194501839
  endloop
endfacet
facet normal 0.693491 0.720441 0.00589129
  outer loop
    vertex 0.234709954934752 0.6988498570428413 0.3031466356373969
    vertex 0.2873188825046938 0.6486922993505306 0.2440355922024703
    vertex 0.2399533008499795 0.6946564328352586 0.1987387122220247
  endloop
endfacet
facet normal -0.710345 0.702606 -0.0418867
  outer loop
    vertex -0.3059854521413277 0.6253284337980169 -0.3114899355053182
    vertex -0.285635915800522 0.6506234697804599 -0.2322944256705305
    vertex -0.2317729920370498 0.7011333262231094 -0.2984910618830974
  endloop
endfacet
facet normal -0.712816 0.700111 0.041687
  outer loop
    vertex -0.2333412596044553 0.6999197502102958 0.3009192277864887
    vertex -0.2849447398892591 0.6514090197455981 0.2332510170531966
    vertex -0.3060008512022644 0.6253075210983638 0.3115684962386028
  endloop
endfacet
facet normal 0.927477 0.371592 -0.0413152
  outer loop
    vertex 0.3320971904073108 0.5846928697150227 -0.2413840730960806
    vertex 0.3480635467431513 0.5524853023362519 -0.172635601217528
    vertex 0.3678260346474105 0.4954149266915924 -0.2422861656667206
  endloop
endfacet
facet normal -0.496107 0.867145 -0.0440163
  outer loop
    vertex -0.2317729920370498 0.7011333262231094 -0.2984910618830974
    vertex -0.1701130635051187 0.7397963296224718 -0.2317777501967252
    vertex -0.1385600970463816 0.7538376739502131 -0.3107890878234435
  endloop
endfacet
facet normal -0.837571 0.546286 0.0067919
  outer loop
    vertex -0.3371880240882017 0.5752262435010644 -0.2135686454517715
    vertex -0.3403959108302435 0.5689101059441056 -0.101143362811139
    vertex -0.2935418343331471 0.6413155434205 -0.1468479437665048
  endloop
endfacet
facet normal -0.93978 0.341695 -0.00761853
  outer loop
    vertex -0.370129937820418 0.4860455061525791 -0.1498377726058298
    vertex -0.3403959108302435 0.5689101059441056 -0.101143362811139
    vertex -0.3371880240882017 0.5752262435010644 -0.2135686454517715
  endloop
endfacet
facet normal 0.927294 0.372006 0.0416928
  outer loop
    vertex 0.3677401030045907 0.495745582885964 0.2433420817834733
    vertex 0.3481728611909532 0.5522355370145396 0.1745052167067388
    vertex 0.3320838937326497 0.5847167765076097 0.2425264111058263
  endloop
endfacet
facet normal -0.941233 0.337758 -3.09983e-05
  outer loop
    vertex -0.3701238728960466 0.4860715906233359 -0.04977672993113386
    vertex -0.3403959108302435 0.5689101059441056 -0.101143362811139
    vertex -0.370129937820418 0.4860455061525791 -0.1498377726058298
  endloop
endfacet
facet normal -0.993483 0.113978 3.05049e-05
  outer loop
    vertex -0.38 0.4 -0.1000000000007782
    vertex -0.3701238728960466 0.4860715906233359 -0.04977672993113386
    vertex -0.370129937820418 0.4860455061525791 -0.1498377726058298
  endloop
endfacet
facet normal -0.838577 0.544722 -0.00819708
  outer loop
    vertex -0.3411651327129871 0.5673509851208828 0.1000931436561265
    vertex -0.3372923162456543 0.5750254078745185 0.2138864184468398
    vertex -0.2937465373632535 0.6410663223826563 0.1476997069566599
  endloop
endfacet
facet normal -0.993481 0.113995 0
  outer loop
    vertex -0.38 0.4 -1.063038546078587e-12
    vertex -0.3701238728960466 0.4860715906233359 -0.04977672993113386
    vertex -0.38 0.4 -0.1000000000007782
  endloop
endfacet
facet normal -0.942108 0.33531 0.000458451
  outer loop
    vertex -0.370225782132043 0.4856321799600886 0.149971706963301
    vertex -0.3411651327129871 0.5673509851208828 0.1000931436561265
    vertex -0.370134951900687 0.4860239349336923 0.05009737843204898
  endloop
endfacet
facet normal -0.940395 0.339962 0.00907758
  outer loop
    vertex -0.370225782132043 0.4856321799600886 0.149971706963301
    vertex -0.3372923162456543 0.5750254078745185 0.2138864184468398
    vertex -0.3411651327129871 0.5673509851208828 0.1000931436561265
  endloop
endfacet
facet normal -0.505932 0.862573 -0.00063393
  outer loop
    vertex -0.2327402663368916 0.7003863652455496 0.09974531007618975
    vertex -0.2323561723488334 0.7006835698394565 0.1976034128275855
    vertex -0.1488377197282799 0.7496388610925364 0.1547778666292096
  endloop
endfacet
facet normal -0.993519 0.113669 -0.000457686
  outer loop
    vertex -0.38 0.4 0.09999999999919462
    vertex -0.370225782132043 0.4856321799600886 0.149971706963301
    vertex -0.370134951900687 0.4860239349336923 0.05009737843204898
  endloop
endfacet
facet normal 0.993748 0.111628 -0.0019554
  outer loop
    vertex 0.3703367417202939 0.4851510289544191 0.0500877010410562
    vertex 0.3707057333414959 0.48352999022952 0.1450717215936239
    vertex 0.38 0.4 0.09999999999919462
  endloop
endfacet
facet normal -0.519119 0.854702 -7.50858e-05
  outer loop
    vertex -0.2327922513665113 0.7003460798873711 0.0005849998681474733
    vertex -0.2327402663368916 0.7003863652455496 0.09974531007618975
    vertex -0.1592281345635062 0.7450310147847958 0.05036888656584476
  endloop
endfacet
facet normal 0.993835 0.110828 0.00291268
  outer loop
    vertex 0.3709282103372354 0.4825364330221243 -0.1451477716251894
    vertex 0.3703756897660407 0.4849814593327838 -0.04965604459871586
    vertex 0.38 0.4 -0.1000000000007782
  endloop
endfacet
facet normal -0.938784 0.344493 -0.00318888
  outer loop
    vertex -0.370129937820418 0.4860455061525791 -0.1498377726058298
    vertex -0.3371880240882017 0.5752262435010644 -0.2135686454517715
    vertex -0.3706915668594912 0.4835928361718596 -0.2494584021688455
  endloop
endfacet
facet normal 0.992691 0.119637 -0.0158409
  outer loop
    vertex 0.38 0.4 -0.2000000000004825
    vertex 0.3678260346474105 0.4954149266915924 -0.2422861656667206
    vertex 0.3709282103372354 0.4825364330221243 -0.1451477716251894
  endloop
endfacet
facet normal -0.938952 0.344038 0.0026331
  outer loop
    vertex -0.3706879057484971 0.4836090696742484 0.2495177818744255
    vertex -0.3372923162456543 0.5750254078745185 0.2138864184468398
    vertex -0.370225782132043 0.4856321799600886 0.149971706963301
  endloop
endfacet
facet normal -0.841825 0.53975 0.000234022
  outer loop
    vertex -0.3411651327129871 0.5673509851208828 0.1000931436561265
    vertex -0.2945267776737003 0.6401124262364335 0.05028573949454468
    vertex -0.341074573708802 0.5675354743609813 0.000345057448161934
  endloop
endfacet
facet normal -0.512585 0.858536 0.0131211
  outer loop
    vertex -0.2327402663368916 0.7003863652455496 0.09974531007618975
    vertex -0.1488377197282799 0.7496388610925364 0.1547778666292096
    vertex -0.1592281345635062 0.7450310147847958 0.05036888656584476
  endloop
endfacet
facet normal -0.698322 0.715784 7.52987e-05
  outer loop
    vertex -0.2945267776737003 0.6401124262364335 0.05028573949454468
    vertex -0.2327402663368916 0.7003863652455496 0.09974531007618975
    vertex -0.2327922513665113 0.7003460798873711 0.0005849998681474733
  endloop
endfacet
facet normal -0.697705 0.716384 -0.00142668
  outer loop
    vertex -0.2937465373632535 0.6410663223826563 0.1476997069566599
    vertex -0.2327402663368916 0.7003863652455496 0.09974531007618975
    vertex -0.2945267776737003 0.6401124262364335 0.05028573949454468
  endloop
endfacet
facet normal -0.841446 0.540339 0.00144849
  outer loop
    vertex -0.3411651327129871 0.5673509851208828 0.1000931436561265
    vertex -0.2937465373632535 0.6410663223826563 0.1476997069566599
    vertex -0.2945267776737003 0.6401124262364335 0.05028573949454468
  endloop
endfacet
facet normal -0.941973 0.335688 -0.000234324
  outer loop
    vertex -0.3411651327129871 0.5673509851208828 0.1000931436561265
    vertex -0.341074573708802 0.5675354743609813 0.000345057448161934
    vertex -0.370134951900687 0.4860239349336923 0.05009737843204898
  endloop
endfacet
facet normal -0.841692 0.539957 -0.000190922
  outer loop
    vertex -0.2945267776737003 0.6401124262364335 0.05028573949454468
    vertex -0.294420958969289 0.6402421672388181 -0.04929505482082469
    vertex -0.341074573708802 0.5675354743609813 0.000345057448161934
  endloop
endfacet
facet normal 0.355525 0.934666 0.000890032
  outer loop
    vertex 0.173895773839275 0.7378761013165029 0.0507491351472879
    vertex 0.09420284355807457 0.7681383221909571 0.1043771733873295
    vertex 0.1745977877489463 0.7375138701048802 0.1507253724178406
  endloop
endfacet
facet normal 0.354735 0.934966 0.00135465
  outer loop
    vertex 0.1737882072580601 0.737931441298423 -0.1469265138890583
    vertex 0.09487367550400549 0.7679660116048229 -0.2115866352482154
    vertex 0.09354655984631043 0.7683056354998123 -0.09846739447803066
  endloop
endfacet
facet normal -0.698274 0.715831 0.00019062
  outer loop
    vertex -0.2945267776737003 0.6401124262364335 0.05028573949454468
    vertex -0.2327922513665113 0.7003460798873711 0.0005849998681474733
    vertex -0.294420958969289 0.6402421672388181 -0.04929505482082469
  endloop
endfacet
facet normal -0.993699 0.112058 -0.00233566
  outer loop
    vertex -0.3706879057484971 0.4836090696742484 0.2495177818744255
    vertex -0.370225782132043 0.4856321799600886 0.149971706963301
    vertex -0.38 0.4 0.1999999999994631
  endloop
endfacet
facet normal 0.992623 0.120312 0.0150002
  outer loop
    vertex 0.38 0.4 0.1999999999994631
    vertex 0.3707057333414959 0.48352999022952 0.1450717215936239
    vertex 0.3677401030045907 0.495745582885964 0.2433420817834733
  endloop
endfacet
facet normal -0.993667 0.112327 0.00283646
  outer loop
    vertex -0.370129937820418 0.4860455061525791 -0.1498377726058298
    vertex -0.3706915668594912 0.4835928361718596 -0.2494584021688455
    vertex -0.38 0.4 -0.2000000000004825
  endloop
endfacet
facet normal -0.696904 0.717164 0.000557256
  outer loop
    vertex -0.2937465373632535 0.6410663223826563 0.1476997069566599
    vertex -0.2323561723488334 0.7006835698394565 0.1976034128275855
    vertex -0.2327402663368916 0.7003863652455496 0.09974531007618975
  endloop
endfacet
facet normal -0.993855 0.110692 0
  outer loop
    vertex -0.38 0.4 0.2999999999997424
    vertex -0.3706879057484971 0.4836090696742484 0.2495177818744255
    vertex -0.38 0.4 0.1999999999994631
  endloop
endfacet
facet normal 0.991901 0.12701 -0
  outer loop
    vertex 0.38 0.4 0.1999999999994631
    vertex 0.3677401030045907 0.495745582885964 0.2433420817834733
    vertex 0.38 0.4 0.2999999999997424
  endloop
endfacet
facet normal 0.354166 0.935183 0.000276822
  outer loop
    vertex 0.1740020619911812 0.7378213765036445 -0.04870192636124615
    vertex 0.1737882072580601 0.737931441298423 -0.1469265138890583
    vertex 0.09354655984631043 0.7683056354998123 -0.09846739447803066
  endloop
endfacet
facet normal 0.993635 0.112646 0.000196492
  outer loop
    vertex 0.38 0.4 -1.063038546078587e-12
    vertex 0.3703756897660407 0.4849814593327838 -0.04965604459871586
    vertex 0.3703367417202939 0.4851510289544191 0.0500877010410562
  endloop
endfacet
facet normal 0.991958 0.126564 -0
  outer loop
    vertex 0.38 0.4 -0.3000000000002088
    vertex 0.3678260346474105 0.4954149266915924 -0.2422861656667206
    vertex 0.38 0.4 -0.2000000000004825
  endloop
endfacet
facet normal -0.698126 0.715975 -0.000166239
  outer loop
    vertex -0.2327922513665113 0.7003460798873711 0.0005849998681474733
    vertex -0.2326769382698945 0.7004354213426701 -0.09889151324216844
    vertex -0.294420958969289 0.6402421672388181 -0.04929505482082469
  endloop
endfacet
facet normal 0.552072 0.833765 0.00727118
  outer loop
    vertex 0.2405319788222451 0.6941842401690734 -0.1981501248643774
    vertex 0.1737882072580601 0.737931441298423 -0.1469265138890583
    vertex 0.2456451910169941 0.689928336197455 -0.09836384350340388
  endloop
endfacet
facet normal -0.519758 0.854313 0.00084187
  outer loop
    vertex -0.2326769382698945 0.7004354213426701 -0.09889151324216844
    vertex -0.160167835248879 0.744595798801564 -0.1459273367861831
    vertex -0.232099425286755 0.7008817986877207 -0.1953184636012168
  endloop
endfacet
facet normal 0.555619 0.831437 -0.000278033
  outer loop
    vertex 0.2456451910169941 0.689928336197455 -0.09836384350340388
    vertex 0.1737882072580601 0.737931441298423 -0.1469265138890583
    vertex 0.1740020619911812 0.7378213765036445 -0.04870192636124615
  endloop
endfacet
facet normal -0.993485 0.11396 0
  outer loop
    vertex -0.38 0.4 -0.1000000000007782
    vertex -0.370129937820418 0.4860455061525791 -0.1498377726058298
    vertex -0.38 0.4 -0.2000000000004825
  endloop
endfacet
facet normal 0.994014 0.109255 -0
  outer loop
    vertex 0.38 0.4 -0.2000000000004825
    vertex 0.3709282103372354 0.4825364330221243 -0.1451477716251894
    vertex 0.38 0.4 -0.1000000000007782
  endloop
endfacet
facet normal -0.993485 0.113963 -5.58285e-05
  outer loop
    vertex -0.370134951900687 0.4860239349336923 0.05009737843204898
    vertex -0.3701238728960466 0.4860715906233359 -0.04977672993113386
    vertex -0.38 0.4 -1.063038546078587e-12
  endloop
endfacet
facet normal -0.318451 0.94791 0.0074749
  outer loop
    vertex -0.07735902163967692 0.7720424461952589 -0.09861769265432196
    vertex -0.08490032870017025 0.7703942955643392 -0.2108922541319695
    vertex -0.160167835248879 0.744595798801564 -0.1459273367861831
  endloop
endfacet
facet normal -0.993489 0.113931 0
  outer loop
    vertex -0.38 0.4 0.09999999999919462
    vertex -0.370134951900687 0.4860239349336923 0.05009737843204898
    vertex -0.38 0.4 -1.063038546078587e-12
  endloop
endfacet
facet normal 0.993622 0.11276 -0
  outer loop
    vertex 0.38 0.4 -1.063038546078587e-12
    vertex 0.3703367417202939 0.4851510289544191 0.0500877010410562
    vertex 0.38 0.4 0.09999999999919462
  endloop
endfacet
facet normal 0.726946 0.686648 -0.00796424
  outer loop
    vertex 0.3057780084035557 0.6256098614350778 -0.1549709482061664
    vertex 0.2405319788222451 0.6941842401690734 -0.1981501248643774
    vertex 0.2456451910169941 0.689928336197455 -0.09836384350340388
  endloop
endfacet
facet normal 0.555786 0.831325 -0.000890589
  outer loop
    vertex 0.173895773839275 0.7378761013165029 0.0507491351472879
    vertex 0.1745977877489463 0.7375138701048802 0.1507253724178406
    vertex 0.2454614119201256 0.69008394519204 0.1005801641681263
  endloop
endfacet
facet normal -0.0960262 0.995345 -0.00816139
  outer loop
    vertex -0.07735902163967692 0.7720424461952589 -0.09861769265432196
    vertex 0.008376228320910582 0.7799076714138792 -0.1481453358770588
    vertex -0.08490032870017025 0.7703942955643392 -0.2108922541319695
  endloop
endfacet
facet normal -0.993857 0.11067 0
  outer loop
    vertex -0.38 0.4 -0.2000000000004825
    vertex -0.3706915668594912 0.4835928361718596 -0.2494584021688455
    vertex -0.38 0.4 -0.3000000000002088
  endloop
endfacet
facet normal -0.518965 0.854796 0.000166122
  outer loop
    vertex -0.2327922513665113 0.7003460798873711 0.0005849998681474733
    vertex -0.159139420914169 0.7450719413558613 -0.04905187697750646
    vertex -0.2326769382698945 0.7004354213426701 -0.09889151324216844
  endloop
endfacet
facet normal -0.313928 0.949446 -0.00133391
  outer loop
    vertex -0.07735902163967692 0.7720424461952589 -0.09861769265432196
    vertex -0.160167835248879 0.744595798801564 -0.1459273367861831
    vertex -0.159139420914169 0.7450719413558613 -0.04905187697750646
  endloop
endfacet
facet normal -0.696405 0.717649 -0.000848732
  outer loop
    vertex -0.2326769382698945 0.7004354213426701 -0.09889151324216844
    vertex -0.232099425286755 0.7008817986877207 -0.1953184636012168
    vertex -0.2935418343331471 0.6413155434205 -0.1468479437665048
  endloop
endfacet
facet normal 0.3545 0.935055 -0.000851703
  outer loop
    vertex 0.09344495956815783 0.7683314262064878 0.0009288502008860666
    vertex 0.09420284355807457 0.7681383221909571 0.1043771733873295
    vertex 0.173895773839275 0.7378761013165029 0.0507491351472879
  endloop
endfacet
facet normal -0.307313 0.95154 -0.0114112
  outer loop
    vertex -0.1488377197282799 0.7496388610925364 0.1547778666292096
    vertex -0.07757786190313734 0.7719968754472781 0.1000458005368291
    vertex -0.1592281345635062 0.7450310147847958 0.05036888656584476
  endloop
endfacet
facet normal -0.313405 0.949619 0.000111258
  outer loop
    vertex -0.1592281345635062 0.7450310147847958 0.05036888656584476
    vertex -0.07747271559024139 0.7720187876157245 0.0007320481281197777
    vertex -0.159139420914169 0.7450719413558613 -0.04905187697750646
  endloop
endfacet
facet normal -0.993549 0.113406 0
  outer loop
    vertex -0.38 0.4 0.1999999999994631
    vertex -0.370225782132043 0.4856321799600886 0.149971706963301
    vertex -0.38 0.4 0.09999999999919462
  endloop
endfacet
facet normal 0.993867 0.110586 -0
  outer loop
    vertex 0.38 0.4 0.09999999999919462
    vertex 0.3707057333414959 0.48352999022952 0.1450717215936239
    vertex 0.38 0.4 0.1999999999994631
  endloop
endfacet
facet normal 0.993648 0.112533 -0
  outer loop
    vertex 0.38 0.4 -0.1000000000007782
    vertex 0.3703756897660407 0.4849814593327838 -0.04965604459871586
    vertex 0.38 0.4 -1.063038546078587e-12
  endloop
endfacet
facet normal -0.519101 0.854713 -0.000111354
  outer loop
    vertex -0.2327922513665113 0.7003460798873711 0.0005849998681474733
    vertex -0.1592281345635062 0.7450310147847958 0.05036888656584476
    vertex -0.159139420914169 0.7450719413558613 -0.04905187697750646
  endloop
endfacet
facet normal -0.519534 0.854449 0.00131567
  outer loop
    vertex -0.159139420914169 0.7450719413558613 -0.04905187697750646
    vertex -0.160167835248879 0.744595798801564 -0.1459273367861831
    vertex -0.2326769382698945 0.7004354213426701 -0.09889151324216844
  endloop
endfacet
facet normal -0.313271 0.949664 -0.000132354
  outer loop
    vertex -0.07747271559024139 0.7720187876157245 0.0007320481281197777
    vertex -0.07735902163967692 0.7720424461952589 -0.09861769265432196
    vertex -0.159139420914169 0.7450719413558613 -0.04905187697750646
  endloop
endfacet
facet normal 0.135766 0.99074 -0.00138174
  outer loop
    vertex 0.09487367550400549 0.7679660116048229 -0.2115866352482154
    vertex 0.008376228320910582 0.7799076714138792 -0.1481453358770588
    vertex 0.09354655984631043 0.7683056354998123 -0.09846739447803066
  endloop
endfacet
facet normal 0.55237 0.833562 -0.0078336
  outer loop
    vertex 0.1745977877489463 0.7375138701048802 0.1507253724178406
    vertex 0.2399533008499795 0.6946564328352586 0.1987387122220247
    vertex 0.2454614119201256 0.69008394519204 0.1005801641681263
  endloop
endfacet
facet normal -0.697397 0.716683 0.00160089
  outer loop
    vertex -0.2326769382698945 0.7004354213426701 -0.09889151324216844
    vertex -0.2935418343331471 0.6413155434205 -0.1468479437665048
    vertex -0.294420958969289 0.6402421672388181 -0.04929505482082469
  endloop
endfacet
facet normal 0.135625 0.99076 -0.00017827
  outer loop
    vertex 0.008113300629621754 0.7799133774334531 0.05049506553748423
    vertex 0.008267548601595464 0.7799100520387954 0.1493629482656322
    vertex 0.09420284355807457 0.7681383221909571 0.1043771733873295
  endloop
endfacet
facet normal -0.0919222 0.995766 0.000122381
  outer loop
    vertex -0.07747271559024139 0.7720187876157245 0.0007320481281197777
    vertex -0.07757786190313734 0.7719968754472781 0.1000458005368291
    vertex 0.008113300629621754 0.7799133774334531 0.05049506553748423
  endloop
endfacet
facet normal -0.0915931 0.995797 0.000132316
  outer loop
    vertex -0.07747271559024139 0.7720187876157245 0.0007320481281197777
    vertex 0.008252651360369019 0.779910375938226 -0.04884825162314427
    vertex -0.07735902163967692 0.7720424461952589 -0.09861769265432196
  endloop
endfacet
facet normal -0.313533 0.949577 -0.000122436
  outer loop
    vertex -0.1592281345635062 0.7450310147847958 0.05036888656584476
    vertex -0.07757786190313734 0.7719968754472781 0.1000458005368291
    vertex -0.07747271559024139 0.7720187876157245 0.0007320481281197777
  endloop
endfacet
facet normal -0.091891 0.995769 0.000176855
  outer loop
    vertex 0.008113300629621754 0.7799133774334531 0.05049506553748423
    vertex -0.07757786190313734 0.7719968754472781 0.1000458005368291
    vertex 0.008267548601595464 0.7799100520387954 0.1493629482656322
  endloop
endfacet
facet normal 0.134986 0.990847 0.000860648
  outer loop
    vertex 0.008113300629621754 0.7799133774334531 0.05049506553748423
    vertex 0.09420284355807457 0.7681383221909571 0.1043771733873295
    vertex 0.09344495956815783 0.7683314262064878 0.0009288502008860666
  endloop
endfacet
facet normal -0.0917601 0.995781 -0.000158799
  outer loop
    vertex -0.07747271559024139 0.7720187876157245 0.0007320481281197777
    vertex 0.008113300629621754 0.7799133774334531 0.05049506553748423
    vertex 0.008252651360369019 0.779910375938226 -0.04884825162314427
  endloop
endfacet
facet normal -0.0914356 0.995811 -0.000140916
  outer loop
    vertex 0.008252651360369019 0.779910375938226 -0.04884825162314427
    vertex 0.008376228320910582 0.7799076714138792 -0.1481453358770588
    vertex -0.07735902163967692 0.7720424461952589 -0.09861769265432196
  endloop
endfacet
facet normal 0.382428 0.923263 -0.0365413
  outer loop
    vertex 0.09835123556876248 0.7670518144105786 -0.4
    vertex 0.1432993739636016 0.751945009087556 -0.3112818673194899
    vertex 0.1899999989000976 0.7290896540731157 -0.4
  endloop
endfacet
facet normal 0.382401 0.923197 0.0384252
  outer loop
    vertex 0.1899999989000976 0.7290896540731157 0.4
    vertex 0.143829780731487 0.751728580264289 0.3155589145675207
    vertex 0.09835123556876248 0.7670518144105786 0.4
  endloop
endfacet
facet normal -0.382398 0.923191 0.038591
  outer loop
    vertex -0.0983512387205322 0.7670518135660644 0.4
    vertex -0.1426764868299299 0.7521979842444713 0.3161208476891255
    vertex -0.1900000012045684 0.7290896527426287 0.4
  endloop
endfacet
facet normal -0.382441 0.923294 -0.0356119
  outer loop
    vertex -0.1900000012045684 0.7290896527426287 -0.4
    vertex -0.1385600970463816 0.7538376739502131 -0.3107890878234435
    vertex -0.0983512387205322 0.7670518135660644 -0.4
  endloop
endfacet
facet normal -0.253982 0.966503 -0.0369397
  outer loop
    vertex -0.0983512387205322 0.7670518135660644 0.4
    vertex -0.04896489579851947 0.776832109804141 0.3163356787965993
    vertex -0.1426764868299299 0.7521979842444713 0.3161208476891255
  endloop
endfacet
facet normal -0.130428 0.990697 0.0388214
  outer loop
    vertex -1.910161396880592e-09 0.78 0.4
    vertex -0.04896489579851947 0.776832109804141 0.3163356787965993
    vertex -0.0983512387205322 0.7670518135660644 0.4
  endloop
endfacet
facet normal -0.130437 0.990769 -0.0369074
  outer loop
    vertex -0.0983512387205322 0.7670518135660644 -0.4
    vertex -0.04522327275709473 0.7772994243318394 -0.3126691740015751
    vertex -1.910161396880592e-09 0.78 -0.4
  endloop
endfacet
facet normal -0.242996 0.969429 0.034072
  outer loop
    vertex -0.1385600970463816 0.7538376739502131 -0.3107890878234435
    vertex -0.04522327275709473 0.7772994243318394 -0.3126691740015751
    vertex -0.0983512387205322 0.7670518135660644 -0.4
  endloop
endfacet
facet normal -0.941917 0.335845 5.57644e-05
  outer loop
    vertex -0.341074573708802 0.5675354743609813 0.000345057448161934
    vertex -0.3701238728960466 0.4860715906233359 -0.04977672993113386
    vertex -0.370134951900687 0.4860239349336923 0.05009737843204898
  endloop
endfacet
facet normal 0.130429 0.990706 0.0386094
  outer loop
    vertex 0.09835123556876248 0.7670518144105786 0.4
    vertex 0.04911705511408227 0.7768123072524573 0.3158698626946012
    vertex -1.910161396880592e-09 0.78 0.4
  endloop
endfacet
facet normal 0.255718 0.966021 -0.0375753
  outer loop
    vertex 0.143829780731487 0.751728580264289 0.3155589145675207
    vertex 0.04911705511408227 0.7768123072524573 0.3158698626946012
    vertex 0.09835123556876248 0.7670518144105786 0.4
  endloop
endfacet
facet normal 0.134894 0.99086 0.000140891
  outer loop
    vertex 0.09354655984631043 0.7683056354998123 -0.09846739447803066
    vertex 0.008376228320910582 0.7799076714138792 -0.1481453358770588
    vertex 0.008252651360369019 0.779910375938226 -0.04884825162314427
  endloop
endfacet
facet normal 0.130433 0.990735 -0.0378415
  outer loop
    vertex -1.910161396880592e-09 0.78 -0.4
    vertex 0.04959995129087036 0.7767490475528018 -0.3141518938285603
    vertex 0.09835123556876248 0.7670518144105786 -0.4
  endloop
endfacet
facet normal 0.254727 0.966361 0.0354958
  outer loop
    vertex 0.09835123556876248 0.7670518144105786 -0.4
    vertex 0.04959995129087036 0.7767490475528018 -0.3141518938285603
    vertex 0.1432993739636016 0.751945009087556 -0.3112818673194899
  endloop
endfacet
facet normal 2.19939e-05 0.999283 -0.03785
  outer loop
    vertex 0.04911705511408227 0.7768123072524573 0.3158698626946012
    vertex -0.04896489579851947 0.776832109804141 0.3163356787965993
    vertex -1.910161396880592e-09 0.78 0.4
  endloop
endfacet
facet normal 0.00633528 0.999395 0.0341855
  outer loop
    vertex -1.910161396880592e-09 0.78 -0.4
    vertex -0.04522327275709473 0.7772994243318394 -0.3126691740015751
    vertex 0.04959995129087036 0.7767490475528018 -0.3141518938285603
  endloop
endfacet
facet normal 0.134746 0.99088 -0.000119374
  outer loop
    vertex 0.09344495956815783 0.7683314262064878 0.0009288502008860666
    vertex 0.09354655984631043 0.7683056354998123 -0.09846739447803066
    vertex 0.008252651360369019 0.779910375938226 -0.04884825162314427
  endloop
endfacet
facet normal 0.729549 0.683926 -0.00210647
  outer loop
    vertex 0.3046125403376853 0.6271809857118814 -0.04850521039706585
    vertex 0.3057780084035557 0.6256098614350778 -0.1549709482061664
    vertex 0.2456451910169941 0.689928336197455 -0.09836384350340388
  endloop
endfacet
facet normal 0.555431 0.831562 -0.00015336
  outer loop
    vertex 0.173895773839275 0.7378761013165029 0.0507491351472879
    vertex 0.2454614119201256 0.69008394519204 0.1005801641681263
    vertex 0.245564142173334 0.6899969863268834 0.001127083908884718
  endloop
endfacet
facet normal 0.354113 0.935203 -0.000136155
  outer loop
    vertex 0.09344495956815783 0.7683314262064878 0.0009288502008860666
    vertex 0.173895773839275 0.7378761013165029 0.0507491351472879
    vertex 0.1740020619911812 0.7378213765036445 -0.04870192636124615
  endloop
endfacet
facet normal -0.254118 0.966353 0.0398275
  outer loop
    vertex -0.04896489579851947 0.776832109804141 0.3163356787965993
    vertex -0.09622483071872441 0.7676149914695439 0.2384342098959901
    vertex -0.1426764868299299 0.7521979842444713 0.3161208476891255
  endloop
endfacet
facet normal -0.941567 0.336821 -0.0017342
  outer loop
    vertex -0.341074573708802 0.5675354743609813 0.000345057448161934
    vertex -0.3403959108302435 0.5689101059441056 -0.101143362811139
    vertex -0.3701238728960466 0.4860715906233359 -0.04977672993113386
  endloop
endfacet
facet normal -0.608436 0.792929 0.0327078
  outer loop
    vertex -0.1900000012045684 0.7290896527426287 0.4
    vertex -0.2333412596044553 0.6999197502102958 0.3009192277864887
    vertex -0.2687005776133152 0.668700576088461 0.4
  endloop
endfacet
facet normal 0.498386 0.866017 -0.0403226
  outer loop
    vertex 0.1899999989000976 0.7290896540731157 0.4
    vertex 0.234709954934752 0.6988498570428413 0.3031466356373969
    vertex 0.143829780731487 0.751728580264289 0.3155589145675207
  endloop
endfacet
facet normal 0.608424 0.792913 0.0332984
  outer loop
    vertex 0.2687005761723428 0.6687005775294333 0.4
    vertex 0.234709954934752 0.6988498570428413 0.3031466356373969
    vertex 0.1899999989000976 0.7290896540731157 0.4
  endloop
endfacet
facet normal -0.494146 0.86848 -0.0395287
  outer loop
    vertex -0.1426764868299299 0.7521979842444713 0.3161208476891255
    vertex -0.2333412596044553 0.6999197502102958 0.3009192277864887
    vertex -0.1900000012045684 0.7290896527426287 0.4
  endloop
endfacet
facet normal 0.255981 0.966152 0.0320156
  outer loop
    vertex 0.143829780731487 0.751728580264289 0.3155589145675207
    vertex 0.09427564140824665 0.7681196862938244 0.21712624991658
    vertex 0.04911705511408227 0.7768123072524573 0.3158698626946012
  endloop
endfacet
facet normal 0.134586 0.990902 0.000158848
  outer loop
    vertex 0.008113300629621754 0.7799133774334531 0.05049506553748423
    vertex 0.09344495956815783 0.7683314262064878 0.0009288502008860666
    vertex 0.008252651360369019 0.779910375938226 -0.04884825162314427
  endloop
endfacet
facet normal 0.555694 0.831387 -0.000120981
  outer loop
    vertex 0.245564142173334 0.6899969863268834 0.001127083908884718
    vertex 0.2456451910169941 0.689928336197455 -0.09836384350340388
    vertex 0.1740020619911812 0.7378213765036445 -0.04870192636124615
  endloop
endfacet
facet normal 0.354251 0.93515 0.000119459
  outer loop
    vertex 0.09344495956815783 0.7683314262064878 0.0009288502008860666
    vertex 0.1740020619911812 0.7378213765036445 -0.04870192636124615
    vertex 0.09354655984631043 0.7683056354998123 -0.09846739447803066
  endloop
endfacet
facet normal -0.60845 0.792947 -0.0320058
  outer loop
    vertex -0.2687005776133152 0.668700576088461 -0.4
    vertex -0.2317729920370498 0.7011333262231094 -0.2984910618830974
    vertex -0.1900000012045684 0.7290896527426287 -0.4
  endloop
endfacet
facet normal 0.608431 0.792923 -0.0329293
  outer loop
    vertex 0.1899999989000976 0.7290896540731157 -0.4
    vertex 0.2346806942464085 0.698872835413364 -0.3020471121257529
    vertex 0.2687005761723428 0.6687005775294333 -0.4
  endloop
endfacet
facet normal 0.498837 0.865793 0.0395408
  outer loop
    vertex 0.1432993739636016 0.751945009087556 -0.3112818673194899
    vertex 0.2346806942464085 0.698872835413364 -0.3020471121257529
    vertex 0.1899999989000976 0.7290896540731157 -0.4
  endloop
endfacet
facet normal -0.487864 0.87203 0.0393975
  outer loop
    vertex -0.1900000012045684 0.7290896527426287 -0.4
    vertex -0.2317729920370498 0.7011333262231094 -0.2984910618830974
    vertex -0.1385600970463816 0.7538376739502131 -0.3107890878234435
  endloop
endfacet
facet normal 0.55557 0.83147 0.000136233
  outer loop
    vertex 0.173895773839275 0.7378761013165029 0.0507491351472879
    vertex 0.245564142173334 0.6899969863268834 0.001127083908884718
    vertex 0.1740020619911812 0.7378213765036445 -0.04870192636124615
  endloop
endfacet
facet normal 0.728668 0.684868 0.00012103
  outer loop
    vertex 0.245564142173334 0.6899969863268834 0.001127083908884718
    vertex 0.3046125403376853 0.6271809857118814 -0.04850521039706585
    vertex 0.2456451910169941 0.689928336197455 -0.09836384350340388
  endloop
endfacet
facet normal 0.792732 0.608284 0.0395778
  outer loop
    vertex 0.3290896531556072 0.5900000004892688 0.4
    vertex 0.3034227417355327 0.6287676546142226 0.3182677199185571
    vertex 0.2687005761723428 0.6687005775294333 0.4
  endloop
endfacet
facet normal -0.792842 0.608369 0.0358948
  outer loop
    vertex -0.2687005776133152 0.668700576088461 0.4
    vertex -0.3060008512022644 0.6253075210983638 0.3115684962386028
    vertex -0.3290896537958481 0.5899999993803391 0.4
  endloop
endfacet
facet normal 0.725319 0.688359 0.00863528
  outer loop
    vertex 0.2399533008499795 0.6946564328352586 0.1987387122220247
    vertex 0.3050640259865951 0.6265743587629679 0.1569137782394402
    vertex 0.2454614119201256 0.69008394519204 0.1005801641681263
  endloop
endfacet
facet normal -0.841104 0.540871 0.00170141
  outer loop
    vertex -0.294420958969289 0.6402421672388181 -0.04929505482082469
    vertex -0.3403959108302435 0.5689101059441056 -0.101143362811139
    vertex -0.341074573708802 0.5675354743609813 0.000345057448161934
  endloop
endfacet
facet normal 0.792736 0.608288 -0.0394512
  outer loop
    vertex 0.2687005761723428 0.6687005775294333 -0.4
    vertex 0.3034094480936241 0.6287852853824354 -0.3180001563456081
    vertex 0.3290896531556072 0.5900000004892688 -0.4
  endloop
endfacet
facet normal -0.792843 0.60837 -0.0358688
  outer loop
    vertex -0.3290896537958481 0.5899999993803391 -0.4
    vertex -0.3059854521413277 0.6253284337980169 -0.3114899355053182
    vertex -0.2687005776133152 0.668700576088461 -0.4
  endloop
endfacet
facet normal -0.840011 0.542567 -0.00160011
  outer loop
    vertex -0.2935418343331471 0.6413155434205 -0.1468479437665048
    vertex -0.3403959108302435 0.5689101059441056 -0.101143362811139
    vertex -0.294420958969289 0.6402421672388181 -0.04929505482082469
  endloop
endfacet
facet normal 0.726922 0.68672 0.000150428
  outer loop
    vertex 0.2454614119201256 0.69008394519204 0.1005801641681263
    vertex 0.3035251044679925 0.6286318240265214 0.05144981803557869
    vertex 0.245564142173334 0.6899969863268834 0.001127083908884718
  endloop
endfacet
facet normal 0.717391 0.695782 -0.0351791
  outer loop
    vertex 0.3034227417355327 0.6287676546142226 0.3182677199185571
    vertex 0.234709954934752 0.6988498570428413 0.3031466356373969
    vertex 0.2687005761723428 0.6687005775294333 0.4
  endloop
endfacet
facet normal -0.718592 0.694413 -0.0376452
  outer loop
    vertex -0.2687005776133152 0.668700576088461 0.4
    vertex -0.2333412596044553 0.6999197502102958 0.3009192277864887
    vertex -0.3060008512022644 0.6253075210983638 0.3115684962386028
  endloop
endfacet
facet normal 0.727815 0.68577 -0.00203581
  outer loop
    vertex 0.245564142173334 0.6899969863268834 0.001127083908884718
    vertex 0.3035251044679925 0.6286318240265214 0.05144981803557869
    vertex 0.3046125403376853 0.6271809857118814 -0.04850521039706585
  endloop
endfacet
facet normal 0.71752 0.695662 0.0349175
  outer loop
    vertex 0.2687005761723428 0.6687005775294333 -0.4
    vertex 0.2346806942464085 0.698872835413364 -0.3020471121257529
    vertex 0.3034094480936241 0.6287852853824354 -0.3180001563456081
  endloop
endfacet
facet normal -0.717346 0.695641 0.0386992
  outer loop
    vertex -0.3059854521413277 0.6253284337980169 -0.3114899355053182
    vertex -0.2317729920370498 0.7011333262231094 -0.2984910618830974
    vertex -0.2687005776133152 0.668700576088461 -0.4
  endloop
endfacet
facet normal 0.727957 0.685617 0.00275321
  outer loop
    vertex 0.3050640259865951 0.6265743587629679 0.1569137782394402
    vertex 0.3035251044679925 0.6286318240265214 0.05144981803557869
    vertex 0.2454614119201256 0.69008394519204 0.1005801641681263
  endloop
endfacet
facet normal 0.360254 0.932836 0.00581519
  outer loop
    vertex 0.09427564140824665 0.7681196862938244 0.21712624991658
    vertex 0.178445282903927 0.7354955752455425 0.2361335015053931
    vertex 0.1745977877489463 0.7375138701048802 0.1507253724178406
  endloop
endfacet
facet normal -0.923175 0.382392 -0.0390375
  outer loop
    vertex -0.367051814075238 0.4983512368202705 -0.4
    vertex -0.3520996115516086 0.542919080409882 -0.3170318649789883
    vertex -0.3290896537958481 0.5899999993803391 -0.4
  endloop
endfacet
facet normal 0.923119 0.382369 0.0405569
  outer loop
    vertex 0.3670518139337308 0.4983512373483824 0.4
    vertex 0.3497873535132123 0.5484884080398973 0.3202670194501839
    vertex 0.3290896531556072 0.5900000004892688 0.4
  endloop
endfacet
facet normal -0.923174 0.382391 0.0390706
  outer loop
    vertex -0.3290896537958481 0.5899999993803391 0.4
    vertex -0.352116019102251 0.542878651629917 0.3171103090790258
    vertex -0.367051814075238 0.4983512368202705 0.4
  endloop
endfacet
facet normal 0.923144 0.382379 -0.0398978
  outer loop
    vertex 0.3290896531556072 0.5900000004892688 -0.4
    vertex 0.3496600998667632 0.5487878172471294 -0.3190226761059883
    vertex 0.3670518139337308 0.4983512373483824 -0.4
  endloop
endfacet
facet normal -0.137273 0.989955 -0.0338507
  outer loop
    vertex -0.04896489579851947 0.776832109804141 0.3163356787965993
    vertex -0.006671282745174746 0.7799414349429843 0.2357558676064434
    vertex -0.09622483071872441 0.7676149914695439 0.2384342098959901
  endloop
endfacet
facet normal 0.109421 0.993292 -0.0374001
  outer loop
    vertex 0.09427564140824665 0.7681196862938244 0.21712624991658
    vertex -0.006671282745174746 0.7799414349429843 0.2357558676064434
    vertex 0.04911705511408227 0.7768123072524573 0.3158698626946012
  endloop
endfacet
facet normal 0.131527 0.991286 -0.00726489
  outer loop
    vertex 0.09487367550400549 0.7679660116048229 -0.2115866352482154
    vertex 0.002813308584733578 0.7799895857715144 -0.2376816051027379
    vertex 0.008376228320910582 0.7799076714138792 -0.1481453358770588
  endloop
endfacet
facet normal 0.362113 0.932091 -0.00898602
  outer loop
    vertex 0.1737882072580601 0.737931441298423 -0.1469265138890583
    vertex 0.1799608977789905 0.7346850389105849 -0.2349220563543752
    vertex 0.09487367550400549 0.7679660116048229 -0.2115866352482154
  endloop
endfacet
facet normal -0.873133 0.486309 0.0338097
  outer loop
    vertex -0.3290896537958481 0.5899999993803391 -0.4
    vertex -0.3520996115516086 0.542919080409882 -0.3170318649789883
    vertex -0.3059854521413277 0.6253284337980169 -0.3114899355053182
  endloop
endfacet
facet normal 0.865798 0.499159 -0.0351283
  outer loop
    vertex 0.3290896531556072 0.5900000004892688 0.4
    vertex 0.3497873535132123 0.5484884080398973 0.3202670194501839
    vertex 0.3034227417355327 0.6287676546142226 0.3182677199185571
  endloop
endfacet
facet normal -0.873177 0.486227 -0.0338471
  outer loop
    vertex -0.3060008512022644 0.6253075210983638 0.3115684962386028
    vertex -0.352116019102251 0.542878651629917 0.3171103090790258
    vertex -0.3290896537958481 0.5899999993803391 0.4
  endloop
endfacet
facet normal 0.865399 0.49989 0.0345764
  outer loop
    vertex 0.3034094480936241 0.6287852853824354 -0.3180001563456081
    vertex 0.3496600998667632 0.5487878172471294 -0.3190226761059883
    vertex 0.3290896531556072 0.5900000004892688 -0.4
  endloop
endfacet
facet normal -0.827162 0.561754 -0.0153395
  outer loop
    vertex -0.2935418343331471 0.6413155434205 -0.1468479437665048
    vertex -0.285635915800522 0.6506234697804599 -0.2322944256705305
    vertex -0.3371880240882017 0.5752262435010644 -0.2135686454517715
  endloop
endfacet
facet normal 0.505256 0.861644 -0.0478195
  outer loop
    vertex 0.1432993739636016 0.751945009087556 -0.3112818673194899
    vertex 0.1799608977789905 0.7346850389105849 -0.2349220563543752
    vertex 0.2346806942464085 0.698872835413364 -0.3020471121257529
  endloop
endfacet
facet normal -0.334904 0.94215 -0.0138744
  outer loop
    vertex -0.08490032870017025 0.7703942955643392 -0.2108922541319695
    vertex -0.1701130635051187 0.7397963296224718 -0.2317777501967252
    vertex -0.160167835248879 0.744595798801564 -0.1459273367861831
  endloop
endfacet
facet normal -0.826773 0.562277 0.0170848
  outer loop
    vertex -0.3372923162456543 0.5750254078745185 0.2138864184468398
    vertex -0.2849447398892591 0.6514090197455981 0.2332510170531966
    vertex -0.2937465373632535 0.6410663223826563 0.1476997069566599
  endloop
endfacet
facet normal -0.273701 0.961199 -0.0344079
  outer loop
    vertex -0.09622483071872441 0.7676149914695439 0.2384342098959901
    vertex -0.0622438759946 0.7748675764869094 0.1707334973337911
    vertex -0.1488377197282799 0.7496388610925364 0.1547778666292096
  endloop
endfacet
facet normal 0.506992 0.860773 0.0450342
  outer loop
    vertex 0.234709954934752 0.6988498570428413 0.3031466356373969
    vertex 0.178445282903927 0.7354955752455425 0.2361335015053931
    vertex 0.143829780731487 0.751728580264289 0.3155589145675207
  endloop
endfacet
facet normal -0.995355 0.0962691 0
  outer loop
    vertex -0.38 0.4 -0.3000000000002088
    vertex -0.3729565199417384 0.4728246814819515 -0.3266171358013777
    vertex -0.38 0.4 -0.4
  endloop
endfacet
facet normal -0.99086 0.130449 -0.0343516
  outer loop
    vertex -0.38 0.4 -0.4
    vertex -0.3729565199417384 0.4728246814819515 -0.3266171358013777
    vertex -0.367051814075238 0.4983512368202705 -0.4
  endloop
endfacet
facet normal -0.995359 0.0962268 0
  outer loop
    vertex -0.38 0.4 0.4
    vertex -0.3729626989509409 0.472793029825869 0.3266489249545627
    vertex -0.38 0.4 0.2999999999997424
  endloop
endfacet
facet normal 0.995359 0.0962268 -0
  outer loop
    vertex 0.38 0.4 0.2999999999997424
    vertex 0.3729626989379392 0.4727930298924848 0.326648925071763
    vertex 0.38 0.4 0.4
  endloop
endfacet
facet normal 0.995359 0.0962269 -0
  outer loop
    vertex 0.38 0.4 -0.4
    vertex 0.3729626989375944 0.472793029894251 -0.3266489250758865
    vertex 0.38 0.4 -0.3000000000002088
  endloop
endfacet
facet normal -0.990858 0.130449 0.0343936
  outer loop
    vertex -0.367051814075238 0.4983512368202705 0.4
    vertex -0.3729626989509409 0.472793029825869 0.3266489249545627
    vertex -0.38 0.4 0.4
  endloop
endfacet
facet normal 0.990858 0.130449 0.0343936
  outer loop
    vertex 0.38 0.4 0.4
    vertex 0.3729626989379392 0.4727930298924848 0.326648925071763
    vertex 0.3670518139337308 0.4983512373483824 0.4
  endloop
endfacet
facet normal 0.990858 0.130449 -0.0343936
  outer loop
    vertex 0.3670518139337308 0.4983512373483824 -0.4
    vertex 0.3729626989375944 0.472793029894251 -0.3266489250758865
    vertex 0.38 0.4 -0.4
  endloop
endfacet
facet normal 0.947828 0.31877 -0.00267778
  outer loop
    vertex 0.3709282103372354 0.4825364330221243 -0.1451477716251894
    vertex 0.3459544614283842 0.5572116745594825 -0.09533493762318712
    vertex 0.3703756897660407 0.4849814593327838 -0.04965604459871586
  endloop
endfacet
facet normal -0.504538 0.862279 0.0437748
  outer loop
    vertex -0.1426764868299299 0.7521979842444713 0.3161208476891255
    vertex -0.1729783341697846 0.7383467096158116 0.2397119927405822
    vertex -0.2333412596044553 0.6999197502102958 0.3009192277864887
  endloop
endfacet
facet normal 0.949113 0.314729 0.0114159
  outer loop
    vertex 0.3678260346474105 0.4954149266915924 -0.2422861656667206
    vertex 0.3480635467431513 0.5524853023362519 -0.172635601217528
    vertex 0.3709282103372354 0.4825364330221243 -0.1451477716251894
  endloop
endfacet
facet normal 0.947259 0.320464 0.00178929
  outer loop
    vertex 0.3703367417202939 0.4851510289544191 0.0500877010410562
    vertex 0.3456238372822569 0.5579372125317146 0.09713343713978795
    vertex 0.3707057333414959 0.48352999022952 0.1450717215936239
  endloop
endfacet
facet normal 0.945873 0.324538 -0.000182386
  outer loop
    vertex 0.3703756897660407 0.4849814593327838 -0.04965604459871586
    vertex 0.3445674188613091 0.5602288796043184 0.001368698322404938
    vertex 0.3703367417202939 0.4851510289544191 0.0500877010410562
  endloop
endfacet
facet normal 0.864971 0.500542 -0.0358144
  outer loop
    vertex 0.3034094480936241 0.6287852853824354 -0.3180001563456081
    vertex 0.3320971904073108 0.5846928697150227 -0.2413840730960806
    vertex 0.3496600998667632 0.5487878172471294 -0.3190226761059883
  endloop
endfacet
facet normal 0.946635 0.322287 0.00352227
  outer loop
    vertex 0.3703756897660407 0.4849814593327838 -0.04965604459871586
    vertex 0.3459544614283842 0.5572116745594825 -0.09533493762318712
    vertex 0.3445674188613091 0.5602288796043184 0.001368698322404938
  endloop
endfacet
facet normal 0.859926 0.510413 -0.00259047
  outer loop
    vertex 0.3050640259865951 0.6265743587629679 0.1569137782394402
    vertex 0.3456238372822569 0.5579372125317146 0.09713343713978795
    vertex 0.3035251044679925 0.6286318240265214 0.05144981803557869
  endloop
endfacet
facet normal 0.946371 0.32307 -0.00270868
  outer loop
    vertex 0.3703367417202939 0.4851510289544191 0.0500877010410562
    vertex 0.3445674188613091 0.5602288796043184 0.001368698322404938
    vertex 0.3456238372822569 0.5579372125317146 0.09713343713978795
  endloop
endfacet
facet normal 0.858392 0.512987 0.00280661
  outer loop
    vertex 0.3456238372822569 0.5579372125317146 0.09713343713978795
    vertex 0.3445674188613091 0.5602288796043184 0.001368698322404938
    vertex 0.3035251044679925 0.6286318240265214 0.05144981803557869
  endloop
endfacet
facet normal 0.858096 0.513486 0.00188223
  outer loop
    vertex 0.3035251044679925 0.6286318240265214 0.05144981803557869
    vertex 0.3445674188613091 0.5602288796043184 0.001368698322404938
    vertex 0.3046125403376853 0.6271809857118814 -0.04850521039706585
  endloop
endfacet
facet normal -0.283474 0.958715 0.0225583
  outer loop
    vertex -0.1488377197282799 0.7496388610925364 0.1547778666292096
    vertex -0.0622438759946 0.7748675764869094 0.1707334973337911
    vertex -0.07757786190313734 0.7719968754472781 0.1000458005368291
  endloop
endfacet
facet normal 0.861512 0.507734 0.0019382
  outer loop
    vertex 0.3046125403376853 0.6271809857118814 -0.04850521039706585
    vertex 0.3459544614283842 0.5572116745594825 -0.09533493762318712
    vertex 0.3057780084035557 0.6256098614350778 -0.1549709482061664
  endloop
endfacet
facet normal 0.859885 0.510475 -0.00359356
  outer loop
    vertex 0.3445674188613091 0.5602288796043184 0.001368698322404938
    vertex 0.3459544614283842 0.5572116745594825 -0.09533493762318712
    vertex 0.3046125403376853 0.6271809857118814 -0.04850521039706585
  endloop
endfacet
facet normal 0.709674 0.703699 -0.0341964
  outer loop
    vertex 0.2346806942464085 0.698872835413364 -0.3020471121257529
    vertex 0.2875620552810049 0.6484110793877043 -0.2430164222269561
    vertex 0.3034094480936241 0.6287852853824354 -0.3180001563456081
  endloop
endfacet
facet normal 0.864993 0.500472 0.0362478
  outer loop
    vertex 0.3497873535132123 0.5484884080398973 0.3202670194501839
    vertex 0.3320838937326497 0.5847167765076097 0.2425264111058263
    vertex 0.3034227417355327 0.6287676546142226 0.3182677199185571
  endloop
endfacet
facet normal 0.00518722 0.999219 -0.0391697
  outer loop
    vertex -0.04522327275709473 0.7772994243318394 -0.3126691740015751
    vertex 0.002813308584733578 0.7799895857715144 -0.2376816051027379
    vertex 0.04959995129087036 0.7767490475528018 -0.3141518938285603
  endloop
endfacet
facet normal 0.709848 0.703493 0.0348306
  outer loop
    vertex 0.3034227417355327 0.6287676546142226 0.3182677199185571
    vertex 0.2873188825046938 0.6486922993505306 0.2440355922024703
    vertex 0.234709954934752 0.6988498570428413 0.3031466356373969
  endloop
endfacet
facet normal 0.948794 0.315716 -0.0106124
  outer loop
    vertex 0.3707057333414959 0.48352999022952 0.1450717215936239
    vertex 0.3481728611909532 0.5522355370145396 0.1745052167067388
    vertex 0.3677401030045907 0.495745582885964 0.2433420817834733
  endloop
endfacet
facet normal 0.000385829 0.999248 0.0387604
  outer loop
    vertex 0.04911705511408227 0.7768123072524573 0.3158698626946012
    vertex -0.006671282745174746 0.7799414349429843 0.2357558676064434
    vertex -0.04896489579851947 0.776832109804141 0.3163356787965993
  endloop
endfacet
facet normal -0.10647 0.994287 0.00752468
  outer loop
    vertex 0.008376228320910582 0.7799076714138792 -0.1481453358770588
    vertex 0.002813308584733578 0.7799895857715144 -0.2376816051027379
    vertex -0.08490032870017025 0.7703942955643392 -0.2108922541319695
  endloop
endfacet
facet normal 0.713384 0.699964 0.0336765
  outer loop
    vertex 0.3057780084035557 0.6256098614350778 -0.1549709482061664
    vertex 0.2875620552810049 0.6484110793877043 -0.2430164222269561
    vertex 0.2405319788222451 0.6941842401690734 -0.1981501248643774
  endloop
endfacet
facet normal -0.355872 0.93425 0.0230617
  outer loop
    vertex -0.1488377197282799 0.7496388610925364 0.1547778666292096
    vertex -0.1729783341697846 0.7383467096158116 0.2397119927405822
    vertex -0.09622483071872441 0.7676149914695439 0.2384342098959901
  endloop
endfacet
facet normal 0.367123 0.929688 -0.030009
  outer loop
    vertex 0.143829780731487 0.751728580264289 0.3155589145675207
    vertex 0.178445282903927 0.7354955752455425 0.2361335015053931
    vertex 0.09427564140824665 0.7681196862938244 0.21712624991658
  endloop
endfacet
facet normal 0.552461 0.833501 0.00800369
  outer loop
    vertex 0.2405319788222451 0.6941842401690734 -0.1981501248643774
    vertex 0.1799608977789905 0.7346850389105849 -0.2349220563543752
    vertex 0.1737882072580601 0.737931441298423 -0.1469265138890583
  endloop
endfacet
facet normal 0.712105 0.701298 -0.0329982
  outer loop
    vertex 0.2399533008499795 0.6946564328352586 0.1987387122220247
    vertex 0.2873188825046938 0.6486922993505306 0.2440355922024703
    vertex 0.3050640259865951 0.6265743587629679 0.1569137782394402
  endloop
endfacet
facet normal 0.55098 0.834503 -0.00510043
  outer loop
    vertex 0.1745977877489463 0.7375138701048802 0.1507253724178406
    vertex 0.178445282903927 0.7354955752455425 0.2361335015053931
    vertex 0.2399533008499795 0.6946564328352586 0.1987387122220247
  endloop
endfacet
facet normal -0.518195 0.854599 -0.0336648
  outer loop
    vertex -0.2323561723488334 0.7006835698394565 0.1976034128275855
    vertex -0.1729783341697846 0.7383467096158116 0.2397119927405822
    vertex -0.1488377197282799 0.7496388610925364 0.1547778666292096
  endloop
endfacet
facet normal 0.81971 0.57238 -0.0213621
  outer loop
    vertex 0.3320971904073108 0.5846928697150227 -0.2413840730960806
    vertex 0.2875620552810049 0.6484110793877043 -0.2430164222269561
    vertex 0.3057780084035557 0.6256098614350778 -0.1549709482061664
  endloop
endfacet
facet normal -0.525989 0.850386 0.0133916
  outer loop
    vertex -0.160167835248879 0.744595798801564 -0.1459273367861831
    vertex -0.1701130635051187 0.7397963296224718 -0.2317777501967252
    vertex -0.232099425286755 0.7008817986877207 -0.1953184636012168
  endloop
endfacet
facet normal -0.689849 0.723797 0.0150171
  outer loop
    vertex -0.232099425286755 0.7008817986877207 -0.1953184636012168
    vertex -0.285635915800522 0.6506234697804599 -0.2322944256705305
    vertex -0.2935418343331471 0.6413155434205 -0.1468479437665048
  endloop
endfacet
facet normal 0.819388 0.572837 0.0214664
  outer loop
    vertex 0.3050640259865951 0.6265743587629679 0.1569137782394402
    vertex 0.2873188825046938 0.6486922993505306 0.2440355922024703
    vertex 0.3320838937326497 0.5847167765076097 0.2425264111058263
  endloop
endfacet
facet normal -0.135136 0.990089 0.038237
  outer loop
    vertex -0.006671282745174746 0.7799414349429843 0.2357558676064434
    vertex -0.0622438759946 0.7748675764869094 0.1707334973337911
    vertex -0.09622483071872441 0.7676149914695439 0.2384342098959901
  endloop
endfacet
facet normal -0.689607 0.723994 -0.016578
  outer loop
    vertex -0.2937465373632535 0.6410663223826563 0.1476997069566599
    vertex -0.2849447398892591 0.6514090197455981 0.2332510170531966
    vertex -0.2323561723488334 0.7006835698394565 0.1976034128275855
  endloop
endfacet
facet normal -0.356569 0.933853 -0.0278811
  outer loop
    vertex -0.09622483071872441 0.7676149914695439 0.2384342098959901
    vertex -0.1729783341697846 0.7383467096158116 0.2397119927405822
    vertex -0.1426764868299299 0.7521979842444713 0.3161208476891255
  endloop
endfacet
facet normal 0.956478 0.290797 -0.0242479
  outer loop
    vertex 0.3670518139337308 0.4983512373483824 0.4
    vertex 0.3729626989379392 0.4727930298924848 0.326648925071763
    vertex 0.3497873535132123 0.5484884080398973 0.3202670194501839
  endloop
endfacet
facet normal -0.959065 0.282397 -0.0211125
  outer loop
    vertex -0.352116019102251 0.542878651629917 0.3171103090790258
    vertex -0.3729626989509409 0.472793029825869 0.3266489249545627
    vertex -0.367051814075238 0.4983512368202705 0.4
  endloop
endfacet
facet normal 0.956461 0.290848 0.0242673
  outer loop
    vertex 0.3496600998667632 0.5487878172471294 -0.3190226761059883
    vertex 0.3729626989375944 0.472793029894251 -0.3266489250758865
    vertex 0.3670518139337308 0.4983512373483824 -0.4
  endloop
endfacet
facet normal -0.959041 0.282482 0.0210941
  outer loop
    vertex -0.367051814075238 0.4983512368202705 -0.4
    vertex -0.3729565199417384 0.4728246814819515 -0.3266171358013777
    vertex -0.3520996115516086 0.542919080409882 -0.3170318649789883
  endloop
endfacet
facet normal -0.994703 0.101683 -0.0150774
  outer loop
    vertex -0.38 0.4 0.2999999999997424
    vertex -0.3729626989509409 0.472793029825869 0.3266489249545627
    vertex -0.3706879057484971 0.4836090696742484 0.2495177818744255
  endloop
endfacet
facet normal 0.993621 0.107972 -0.0325428
  outer loop
    vertex 0.3677401030045907 0.495745582885964 0.2433420817834733
    vertex 0.3729626989379392 0.4727930298924848 0.326648925071763
    vertex 0.38 0.4 0.2999999999997424
  endloop
endfacet
facet normal -0.994703 0.101691 0.0150071
  outer loop
    vertex -0.3706915668594912 0.4835928361718596 -0.2494584021688455
    vertex -0.3729565199417384 0.4728246814819515 -0.3266171358013777
    vertex -0.38 0.4 -0.3000000000002088
  endloop
endfacet
facet normal 0.993686 0.107647 0.0316377
  outer loop
    vertex 0.38 0.4 -0.3000000000002088
    vertex 0.3729626989375944 0.472793029894251 -0.3266489250758865
    vertex 0.3678260346474105 0.4954149266915924 -0.2422861656667206
  endloop
endfacet
facet normal 0.868428 0.494897 0.0301648
  outer loop
    vertex 0.3057780084035557 0.6256098614350778 -0.1549709482061664
    vertex 0.3480635467431513 0.5524853023362519 -0.172635601217528
    vertex 0.3320971904073108 0.5846928697150227 -0.2413840730960806
  endloop
endfacet
facet normal 0.867857 0.495816 -0.0314873
  outer loop
    vertex 0.3320838937326497 0.5847167765076097 0.2425264111058263
    vertex 0.3481728611909532 0.5522355370145396 0.1745052167067388
    vertex 0.3050640259865951 0.6265743587629679 0.1569137782394402
  endloop
endfacet
facet normal 0.864153 0.503156 0.00860894
  outer loop
    vertex 0.3050640259865951 0.6265743587629679 0.1569137782394402
    vertex 0.3481728611909532 0.5522355370145396 0.1745052167067388
    vertex 0.3456238372822569 0.5579372125317146 0.09713343713978795
  endloop
endfacet
facet normal -0.0783866 0.996647 -0.0234708
  outer loop
    vertex -0.07757786190313734 0.7719968754472781 0.1000458005368291
    vertex -0.0622438759946 0.7748675764869094 0.1707334973337911
    vertex 0.008267548601595464 0.7799100520387954 0.1493629482656322
  endloop
endfacet
facet normal -0.0753624 0.997066 -0.0133937
  outer loop
    vertex 0.008267548601595464 0.7799100520387954 0.1493629482656322
    vertex -0.0622438759946 0.7748675764869094 0.1707334973337911
    vertex -0.006671282745174746 0.7799414349429843 0.2357558676064434
  endloop
endfacet
facet normal 0.864917 0.501865 -0.00708684
  outer loop
    vertex 0.3459544614283842 0.5572116745594825 -0.09533493762318712
    vertex 0.3480635467431513 0.5524853023362519 -0.172635601217528
    vertex 0.3057780084035557 0.6256098614350778 -0.1549709482061664
  endloop
endfacet
facet normal 0.955472 0.29432 0.0211908
  outer loop
    vertex 0.3497873535132123 0.5484884080398973 0.3202670194501839
    vertex 0.3729626989379392 0.4727930298924848 0.326648925071763
    vertex 0.3677401030045907 0.495745582885964 0.2433420817834733
  endloop
endfacet
facet normal -0.957984 0.286572 0.0119324
  outer loop
    vertex -0.3706879057484971 0.4836090696742484 0.2495177818744255
    vertex -0.3729626989509409 0.472793029825869 0.3266489249545627
    vertex -0.352116019102251 0.542878651629917 0.3171103090790258
  endloop
endfacet
facet normal -0.957956 0.28667 -0.0118869
  outer loop
    vertex -0.3520996115516086 0.542919080409882 -0.3170318649789883
    vertex -0.3729565199417384 0.4728246814819515 -0.3266171358013777
    vertex -0.3706915668594912 0.4835928361718596 -0.2494584021688455
  endloop
endfacet
facet normal 0.955262 0.295018 -0.0209453
  outer loop
    vertex 0.3678260346474105 0.4954149266915924 -0.2422861656667206
    vertex 0.3729626989375944 0.472793029894251 -0.3266489250758865
    vertex 0.3496600998667632 0.5487878172471294 -0.3190226761059883
  endloop
endfacet
facet normal 0.819143 0.573123 0.0231155
  outer loop
    vertex 0.3034094480936241 0.6287852853824354 -0.3180001563456081
    vertex 0.2875620552810049 0.6484110793877043 -0.2430164222269561
    vertex 0.3320971904073108 0.5846928697150227 -0.2413840730960806
  endloop
endfacet
facet normal 0.818846 0.573523 -0.0237006
  outer loop
    vertex 0.3320838937326497 0.5847167765076097 0.2425264111058263
    vertex 0.2873188825046938 0.6486922993505306 0.2440355922024703
    vertex 0.3034227417355327 0.6287676546142226 0.3182677199185571
  endloop
endfacet
facet normal 0.949698 0.313094 0.00676832
  outer loop
    vertex 0.3709282103372354 0.4825364330221243 -0.1451477716251894
    vertex 0.3480635467431513 0.5524853023362519 -0.172635601217528
    vertex 0.3459544614283842 0.5572116745594825 -0.09533493762318712
  endloop
endfacet
facet normal 0.949143 0.314743 -0.0080756
  outer loop
    vertex 0.3456238372822569 0.5579372125317146 0.09713343713978795
    vertex 0.3481728611909532 0.5522355370145396 0.1745052167067388
    vertex 0.3707057333414959 0.48352999022952 0.1450717215936239
  endloop
endfacet
facet normal -0 0 1
  outer loop
    vertex -0.02123149882481912 -0.6045247835121934 0.4000000000000001
    vertex 0.03796216193062182 -0.6883512372116316 0.4000000000000001
    vertex 0.09708727762361616 -0.6039414293916627 0.4000000000000001
  endloop
endfacet
facet normal 0 0 1
  outer loop
    vertex 0.04581227980745127 -0.5300857950132467 0.4000000000000001
    vertex -0.02123149882481912 -0.6045247835121934 0.4000000000000001
    vertex 0.09708727762361616 -0.6039414293916627 0.4000000000000001
  endloop
endfacet
facet normal 0 -0 1
  outer loop
    vertex -0.1893882362539842 0.5153654662807923 0.4000000000000001
    vertex -0.1763249507939177 0.6204819376318588 0.4000000000000001
    vertex -0.2466905147551469 0.5806845565072556 0.4000000000000001
  endloop
endfacet
facet normal 0 0 1
  outer loop
    vertex -0.1121461369987876 0.5476198125512892 0.4000000000000001
    vertex -0.1763249507939177 0.6204819376318588 0.4000000000000001
    vertex -0.1893882362539842 0.5153654662807923 0.4000000000000001
  endloop
endfacet
facet normal 0 0 1
  outer loop
    vertex -0.1112994220187118 -0.668700577017504 0.4000000000000001
    vertex -0.1294467735725189 -0.5619831642757922 0.4000000000000001
    vertex -0.1863699375283977 -0.6411479771864722 0.4000000000000001
  endloop
endfacet
facet normal 0 0 1
  outer loop
    vertex 0.2188494474654475 0.1677929624076712 0.4000000000000001
    vertex 0.2311368560525492 0.05839385197388441 0.4000000000000001
    vertex 0.3023965220389501 0.1376978023964803 0.4000000000000001
  endloop
endfacet
facet normal 0 0 1
  outer loop
    vertex 0.3023965220389501 0.1376978023964803 0.4000000000000001
    vertex 0.2311368560525492 0.05839385197388441 0.4000000000000001
    vertex 0.3160983268682319 0.05144755787691395 0.4000000000000001
  endloop
endfacet
facet normal 0 0 1
  outer loop
    vertex -0.1294467735725189 -0.5619831642757922 0.4000000000000001
    vertex -0.2324029169783175 -0.5772659130365159 0.4000000000000001
    vertex -0.1863699375283977 -0.6411479771864722 0.4000000000000001
  endloop
endfacet
facet normal 0 -0 1
  outer loop
    vertex -0.1112994220187118 -0.668700577017504 0.4000000000000001
    vertex -0.02123149882481912 -0.6045247835121934 0.4000000000000001
    vertex -0.1294467735725189 -0.5619831642757922 0.4000000000000001
  endloop
endfacet
facet normal 0 0 1
  outer loop
    vertex -0.2148982840568366 0.4129012416343483 0.4000000000000001
    vertex -0.2699491553186695 0.5088748031548275 0.4000000000000001
    vertex -0.3054145971473215 0.4335076789813123 0.4000000000000001
  endloop
endfacet
facet normal -0 0 1
  outer loop
    vertex -0.2699491553186695 0.5088748031548275 0.4000000000000001
    vertex -0.2148982840568366 0.4129012416343483 0.4000000000000001
    vertex -0.1893882362539842 0.5153654662807923 0.4000000000000001
  endloop
endfacet
facet normal -0 0 1
  outer loop
    vertex 0.2248988494384526 0.3434037957949738 0.4000000000000001
    vertex 0.2933974596213283 0.2499999999996027 0.4000000000000001
    vertex 0.3129267940552383 0.3454106698314895 0.4000000000000001
  endloop
endfacet
facet normal 0 0 1
  outer loop
    vertex 0.2933974596213283 0.2499999999996027 0.4000000000000001
    vertex 0.2248988494384526 0.3434037957949738 0.4000000000000001
    vertex 0.2015120833029378 0.2526560915716861 0.4000000000000001
  endloop
endfacet
facet normal 0 0 1
  outer loop
    vertex 0.2065522469139163 -0.2936235067096471 0.4000000000000001
    vertex 0.1403469359087652 -0.1990782080889773 0.4000000000000001
    vertex 0.1180913162821845 -0.2952310086979921 0.4000000000000001
  endloop
endfacet
facet normal 0 0 1
  outer loop
    vertex 0.1403469359087652 -0.1990782080889773 0.4000000000000001
    vertex 0.2065522469139163 -0.2936235067096471 0.4000000000000001
    vertex 0.2299531690543568 -0.1999724661035019 0.4000000000000001
  endloop
endfacet
facet normal 0 0 1
  outer loop
    vertex 0.2311368560525492 0.05839385197388441 0.4000000000000001
    vertex 0.2869582562496601 -0.03885386498392648 0.4000000000000001
    vertex 0.3160983268682319 0.05144755787691395 0.4000000000000001
  endloop
endfacet
facet normal 0 -0 1
  outer loop
    vertex 0.1430829367598225 0.4966159207596829 0.4000000000000001
    vertex 0.2241897898274912 0.5722898019014664 0.4000000000000001
    vertex 0.1278174157018675 0.588737828116875 0.4000000000000001
  endloop
endfacet
facet normal 0 0 1
  outer loop
    vertex 0.2869582562496601 -0.03885386498392648 0.4000000000000001
    vertex 0.2311368560525492 0.05839385197388441 0.4000000000000001
    vertex 0.2066825479389859 -0.02784956093896496 0.4000000000000001
  endloop
endfacet
facet normal 0 0 1
  outer loop
    vertex 0.03796216193062182 -0.6883512372116316 0.4000000000000001
    vertex -0.02123149882481912 -0.6045247835121934 0.4000000000000001
    vertex -0.03858399851430203 -0.7017256824303814 0.4000000000000001
  endloop
endfacet
facet normal 0 0 1
  outer loop
    vertex 0.1225680241561816 -0.496845644605838 0.4000000000000001
    vertex 0.04581227980745127 -0.5300857950132467 0.4000000000000001
    vertex 0.09708727762361616 -0.6039414293916627 0.4000000000000001
  endloop
endfacet
facet normal 0 0 1
  outer loop
    vertex 0.1225680241561816 -0.496845644605838 0.4000000000000001
    vertex 0.09708727762361616 -0.6039414293916627 0.4000000000000001
    vertex 0.1818103730701827 -0.5575036484793945 0.4000000000000001
  endloop
endfacet
facet normal 0 -0 1
  outer loop
    vertex 0.2188494474654475 0.1677929624076712 0.4000000000000001
    vertex 0.2933974596213283 0.2499999999996027 0.4000000000000001
    vertex 0.2015120833029378 0.2526560915716861 0.4000000000000001
  endloop
endfacet
facet normal 0 0 1
  outer loop
    vertex 0.2933974596213283 0.2499999999996027 0.4000000000000001
    vertex 0.2188494474654475 0.1677929624076712 0.4000000000000001
    vertex 0.3023965220389501 0.1376978023964803 0.4000000000000001
  endloop
endfacet
facet normal 0 0 1
  outer loop
    vertex -0.2324029169783175 -0.5772659130365159 0.4000000000000001
    vertex -0.1294467735725189 -0.5619831642757922 0.4000000000000001
    vertex -0.2052373392640259 -0.4902060300166358 0.4000000000000001
  endloop
endfacet
facet normal 0 0 1
  outer loop
    vertex 0.2102566324081865 -0.1092413809855133 0.4000000000000001
    vertex 0.1403469359087652 -0.1990782080889773 0.4000000000000001
    vertex 0.2299531690543568 -0.1999724661035019 0.4000000000000001
  endloop
endfacet
facet normal 0 0 1
  outer loop
    vertex 0.2241897898274912 0.5722898019014664 0.4000000000000001
    vertex 0.1430829367598225 0.4966159207596829 0.4000000000000001
    vertex 0.2244881269819111 0.4913119027934937 0.4000000000000001
  endloop
endfacet
facet normal 0 -0 1
  outer loop
    vertex 0.1403469359087652 -0.1990782080889773 0.4000000000000001
    vertex 0.2102566324081865 -0.1092413809855133 0.4000000000000001
    vertex 0.1258206838730129 -0.09414554704756319 0.4000000000000001
  endloop
endfacet
facet normal 0 -0 1
  outer loop
    vertex 0.1437693036558728 -0.3873341985638095 0.4000000000000001
    vertex 0.2065522469139163 -0.2936235067096471 0.4000000000000001
    vertex 0.1180913162821845 -0.2952310086979921 0.4000000000000001
  endloop
endfacet
facet normal 0 0 1
  outer loop
    vertex -0.2036453765907561 -0.3956594266291451 0.4000000000000001
    vertex -0.206056798900319 -0.298348149069558 0.4000000000000001
    vertex -0.2955230170877393 -0.3448279147266388 0.4000000000000001
  endloop
endfacet
facet normal 0 0 1
  outer loop
    vertex -0.02123149882481912 -0.6045247835121934 0.4000000000000001
    vertex -0.1112994220187118 -0.668700577017504 0.4000000000000001
    vertex -0.03858399851430203 -0.7017256824303814 0.4000000000000001
  endloop
endfacet
facet normal 0 0 1
  outer loop
    vertex 0.2065522469139163 -0.2936235067096471 0.4000000000000001
    vertex 0.1437693036558728 -0.3873341985638095 0.4000000000000001
    vertex 0.2249876732965273 -0.3775069890103713 0.4000000000000001
  endloop
endfacet
facet normal 0 0 1
  outer loop
    vertex 0.134443473866392 0.00686679690817725 0.4000000000000001
    vertex 0.1258206838730129 -0.09414554704756319 0.4000000000000001
    vertex 0.2066825479389859 -0.02784956093896496 0.4000000000000001
  endloop
endfacet
facet normal 0 0 1
  outer loop
    vertex 0.2731631164595494 -0.5195031510226624 0.4000000000000001
    vertex 0.2077934111437328 -0.4614310325721521 0.4000000000000001
    vertex 0.1818103730701827 -0.5575036484793945 0.4000000000000001
  endloop
endfacet
facet normal 0 -0 1
  outer loop
    vertex -0.2883512369295334 -0.4379621606078743 0.4000000000000001
    vertex -0.2036453765907561 -0.3956594266291451 0.4000000000000001
    vertex -0.2955230170877393 -0.3448279147266388 0.4000000000000001
  endloop
endfacet
facet normal -0 0 1
  outer loop
    vertex 0.1258206838730129 -0.09414554704756319 0.4000000000000001
    vertex 0.2102566324081865 -0.1092413809855133 0.4000000000000001
    vertex 0.2066825479389859 -0.02784956093896496 0.4000000000000001
  endloop
endfacet
facet normal 0 0 1
  outer loop
    vertex -0.2064196677243363 -0.1991126331491609 0.4000000000000001
    vertex -0.2936377488996239 -0.248732314808144 0.4000000000000001
    vertex -0.206056798900319 -0.298348149069558 0.4000000000000001
  endloop
endfacet
facet normal 0 0 1
  outer loop
    vertex -0.2936377488996239 -0.248732314808144 0.4000000000000001
    vertex -0.2064196677243363 -0.1991126331491609 0.4000000000000001
    vertex -0.2928070390531196 -0.1497057462020112 0.4000000000000001
  endloop
endfacet
facet normal 0 0 1
  outer loop
    vertex -0.1186268313348754 -0.3484623249676553 0.4000000000000001
    vertex -0.1195493992611947 -0.248778827526483 0.4000000000000001
    vertex -0.206056798900319 -0.298348149069558 0.4000000000000001
  endloop
endfacet
facet normal 0 0 1
  outer loop
    vertex -0.1195493992611947 -0.248778827526483 0.4000000000000001
    vertex -0.2064196677243363 -0.1991126331491609 0.4000000000000001
    vertex -0.206056798900319 -0.298348149069558 0.4000000000000001
  endloop
endfacet
facet normal -6.36647e-16 0 1
  outer loop
    vertex -0.38 -0.09999999999919462 0.4
    vertex -0.38 -0.1999999999994631 0.4
    vertex -0.2928070390531196 -0.1497057462020112 0.4000000000000001
  endloop
endfacet
facet normal -6.39743e-16 5.36665e-18 1
  outer loop
    vertex -0.38 -0.1999999999994631 0.4
    vertex -0.2936377488996239 -0.248732314808144 0.4000000000000001
    vertex -0.2928070390531196 -0.1497057462020112 0.4000000000000001
  endloop
endfacet
facet normal -6.4132e-16 -1.04975e-18 1
  outer loop
    vertex -0.38 0.1000000000007782 0.4
    vertex -0.2933608251616326 0.05020631086322588 0.4000000000000001
    vertex -0.2935244666563503 0.1501793420186574 0.4000000000000001
  endloop
endfacet
facet normal -0 0 1
  outer loop
    vertex -0.293203103462181 -0.04961778402310003 0.4000000000000001
    vertex -0.2065051980518655 -0.09922791576347496 0.4000000000000001
    vertex -0.206683341768164 0.0007832141880915552 0.4000000000000001
  endloop
endfacet
facet normal 0 0 1
  outer loop
    vertex -0.121044837111637 0.4501105962651042 0.4000000000000001
    vertex -0.2148982840568366 0.4129012416343483 0.4000000000000001
    vertex -0.1222370206384348 0.3524584078757967 0.4000000000000001
  endloop
endfacet
facet normal 0 -0 1
  outer loop
    vertex -0.2933608251616326 0.05020631086322588 0.4000000000000001
    vertex -0.2068512619693132 0.1006597615877863 0.4000000000000001
    vertex -0.2935244666563503 0.1501793420186574 0.4000000000000001
  endloop
endfacet
facet normal -6.5441e-16 0 1
  outer loop
    vertex -0.38 0.4 0.4
    vertex -0.38 0.3000000000002088 0.4
    vertex -0.2951737322858635 0.3474111132971157 0.4000000000000001
  endloop
endfacet
facet normal 6.54529e-16 -0 1
  outer loop
    vertex 0.38 -0.4 0.4
    vertex 0.38 -0.3000000000002088 0.4
    vertex 0.2951891687562598 -0.3474444143369348 0.4000000000000001
  endloop
endfacet
facet normal 6.30376e-16 5.13546e-17 1
  outer loop
    vertex 0.38 -0.1000000000007782 0.4
    vertex 0.2869582562496601 -0.03885386498392648 0.4000000000000001
    vertex 0.2958645532389242 -0.14817840539582 0.4000000000000001
  endloop
endfacet
facet normal 0 0 1
  outer loop
    vertex -0.2148982840568366 0.4129012416343483 0.4000000000000001
    vertex -0.2075338466941439 0.2998223381033445 0.4000000000000001
    vertex -0.1222370206384348 0.3524584078757967 0.4000000000000001
  endloop
endfacet
facet normal 0 0 1
  outer loop
    vertex 0.2958645532389242 -0.14817840539582 0.4000000000000001
    vertex 0.2869582562496601 -0.03885386498392648 0.4000000000000001
    vertex 0.2102566324081865 -0.1092413809855133 0.4000000000000001
  endloop
endfacet
facet normal -6.38087e-16 -2.52501e-18 1
  outer loop
    vertex -0.38 -0.09999999999919462 0.4
    vertex -0.2928070390531196 -0.1497057462020112 0.4000000000000001
    vertex -0.293203103462181 -0.04961778402310003 0.4000000000000001
  endloop
endfacet
facet normal -0 0 1
  outer loop
    vertex -0.2075338466941439 0.2998223381033445 0.4000000000000001
    vertex -0.120790708741757 0.250584154754019 0.4000000000000001
    vertex -0.1222370206384348 0.3524584078757967 0.4000000000000001
  endloop
endfacet
facet normal 0 0 1
  outer loop
    vertex 0.1350163892700633 0.3961979810450826 0.4000000000000001
    vertex 0.05169121244584481 0.3509538485134038 0.4000000000000001
    vertex 0.1344599505614569 0.3005667815141188 0.4000000000000001
  endloop
endfacet
facet normal 0 0 1
  outer loop
    vertex 0.05169121244584481 0.3509538485134038 0.4000000000000001
    vertex 0.05167328454747165 0.2511738004072461 0.4000000000000001
    vertex 0.1344599505614569 0.3005667815141188 0.4000000000000001
  endloop
endfacet
facet normal -0 0 1
  outer loop
    vertex -0.03443923691328492 0.3008118087069978 0.4000000000000001
    vertex 0.05167328454747165 0.2511738004072461 0.4000000000000001
    vertex 0.05169121244584481 0.3509538485134038 0.4000000000000001
  endloop
endfacet
facet normal 0 -0 1
  outer loop
    vertex -0.03443923691328492 0.3008118087069978 0.4000000000000001
    vertex 0.05169121244584481 0.3509538485134038 0.4000000000000001
    vertex -0.03471521031294976 0.4005203077909664 0.4000000000000001
  endloop
endfacet
facet normal -0 0 1
  outer loop
    vertex -0.03471521031294976 0.4005203077909664 0.4000000000000001
    vertex 0.05169121244584481 0.3509538485134038 0.4000000000000001
    vertex 0.05134402554730649 0.4506002536020954 0.4000000000000001
  endloop
endfacet
facet normal 0 -0 1
  outer loop
    vertex -0.0339242604590642 -0.09864110015364914 0.4000000000000001
    vertex -0.03368238938648631 0.001261013315830098 0.4000000000000001
    vertex -0.1202273000778355 -0.04889315887715406 0.4000000000000001
  endloop
endfacet
facet normal 0 0 1
  outer loop
    vertex -0.03471521031294976 0.4005203077909664 0.4000000000000001
    vertex 0.05134402554730649 0.4506002536020954 0.4000000000000001
    vertex -0.0344494315790045 0.4991275313197555 0.4000000000000001
  endloop
endfacet
facet normal 6.59783e-16 -0 1
  outer loop
    vertex 0.38 -0.2000000000004825 0.4
    vertex 0.38 -0.1000000000007782 0.4
    vertex 0.2958645532389242 -0.14817840539582 0.4000000000000001
  endloop
endfacet
facet normal 0 0 1
  outer loop
    vertex 0.05311536296227788 -0.447499415449913 0.4000000000000001
    vertex 0.04581227980745127 -0.5300857950132467 0.4000000000000001
    vertex 0.1225680241561816 -0.496845644605838 0.4000000000000001
  endloop
endfacet
facet normal 0 0 1
  outer loop
    vertex 0.04998569046998978 -0.3479181992731529 0.4000000000000001
    vertex -0.03351476000589189 -0.2983060284631222 0.4000000000000001
    vertex -0.03324067878782054 -0.3979341641422489 0.4000000000000001
  endloop
endfacet
facet normal 0 0 1
  outer loop
    vertex 0.04980240446237841 -0.2482009308543739 0.4000000000000001
    vertex -0.03351476000589189 -0.2983060284631222 0.4000000000000001
    vertex 0.04998569046998978 -0.3479181992731529 0.4000000000000001
  endloop
endfacet
facet normal -6.41929e-16 0 1
  outer loop
    vertex -0.38 0.2000000000004825 0.4
    vertex -0.38 0.1000000000007782 0.4
    vertex -0.2935244666563503 0.1501793420186574 0.4000000000000001
  endloop
endfacet
facet normal 0 0 1
  outer loop
    vertex 0.04998569046998978 -0.3479181992731529 0.4000000000000001
    vertex -0.03324067878782054 -0.3979341641422489 0.4000000000000001
    vertex 0.05311536296227788 -0.447499415449913 0.4000000000000001
  endloop
endfacet
facet normal 0 0 1
  outer loop
    vertex 0.1350163892700633 0.3961979810450826 0.4000000000000001
    vertex 0.1344599505614569 0.3005667815141188 0.4000000000000001
    vertex 0.2248988494384526 0.3434037957949738 0.4000000000000001
  endloop
endfacet
facet normal 0 0 1
  outer loop
    vertex -0.1294467735725189 -0.5619831642757922 0.4000000000000001
    vertex -0.03245454717315652 -0.4974597686512729 0.4000000000000001
    vertex -0.1186015228800774 -0.4479411922166082 0.4000000000000001
  endloop
endfacet
facet normal -6.39552e-16 0 1
  outer loop
    vertex -0.38 1.063038546078587e-12 0.4
    vertex -0.38 -0.09999999999919462 0.4
    vertex -0.293203103462181 -0.04961778402310003 0.4000000000000001
  endloop
endfacet
facet normal -0 0 1
  outer loop
    vertex -0.0344494315790045 0.4991275313197555 0.4000000000000001
    vertex 0.05134402554730649 0.4506002536020954 0.4000000000000001
    vertex 0.04964681158073146 0.5466154913831864 0.4000000000000001
  endloop
endfacet
facet normal 0 0 1
  outer loop
    vertex -0.03443923691328492 0.3008118087069978 0.4000000000000001
    vertex -0.03418427261044987 0.2009996146074815 0.4000000000000001
    vertex 0.05167328454747165 0.2511738004072461 0.4000000000000001
  endloop
endfacet
facet normal 0 0 1
  outer loop
    vertex 0.04980240446237841 -0.2482009308543739 0.4000000000000001
    vertex -0.03378144255669035 -0.1985253342888096 0.4000000000000001
    vertex -0.03351476000589189 -0.2983060284631222 0.4000000000000001
  endloop
endfacet
facet normal 0 0 1
  outer loop
    vertex 0.05311536296227788 -0.447499415449913 0.4000000000000001
    vertex -0.03324067878782054 -0.3979341641422489 0.4000000000000001
    vertex -0.03245454717315652 -0.4974597686512729 0.4000000000000001
  endloop
endfacet
facet normal -0 0 1
  outer loop
    vertex -0.2951737322858635 0.3474111132971157 0.4000000000000001
    vertex -0.2075338466941439 0.2998223381033445 0.4000000000000001
    vertex -0.2148982840568366 0.4129012416343483 0.4000000000000001
  endloop
endfacet
facet normal 0 0 1
  outer loop
    vertex -0.03245454717315652 -0.4974597686512729 0.4000000000000001
    vertex -0.03324067878782054 -0.3979341641422489 0.4000000000000001
    vertex -0.1186015228800774 -0.4479411922166082 0.4000000000000001
  endloop
endfacet
facet normal 0 0 1
  outer loop
    vertex 0.05311536296227788 -0.447499415449913 0.4000000000000001
    vertex -0.03245454717315652 -0.4974597686512729 0.4000000000000001
    vertex 0.04581227980745127 -0.5300857950132467 0.4000000000000001
  endloop
endfacet
facet normal 0 0 1
  outer loop
    vertex 0.04966887557933433 -0.14837308820578 0.4000000000000001
    vertex -0.03378144255669035 -0.1985253342888096 0.4000000000000001
    vertex 0.04980240446237841 -0.2482009308543739 0.4000000000000001
  endloop
endfacet
facet normal 0 0 1
  outer loop
    vertex 0.04581227980745127 -0.5300857950132467 0.4000000000000001
    vertex -0.03245454717315652 -0.4974597686512729 0.4000000000000001
    vertex -0.02123149882481912 -0.6045247835121934 0.4000000000000001
  endloop
endfacet
facet normal 0 0 1
  outer loop
    vertex -0.2933608251616326 0.05020631086322588 0.4000000000000001
    vertex -0.293203103462181 -0.04961778402310003 0.4000000000000001
    vertex -0.206683341768164 0.0007832141880915552 0.4000000000000001
  endloop
endfacet
facet normal 0 0 1
  outer loop
    vertex 0.1437693036558728 -0.3873341985638095 0.4000000000000001
    vertex 0.05311536296227788 -0.447499415449913 0.4000000000000001
    vertex 0.1225680241561816 -0.496845644605838 0.4000000000000001
  endloop
endfacet
facet normal 0 0 1
  outer loop
    vertex -0.2951737322858635 0.3474111132971157 0.4000000000000001
    vertex -0.2938046289566343 0.2498000854426022 0.4000000000000001
    vertex -0.2075338466941439 0.2998223381033445 0.4000000000000001
  endloop
endfacet
facet normal 6.63327e-16 5.75351e-18 1
  outer loop
    vertex 0.2967454768019917 -0.249740829337552 0.4000000000000001
    vertex 0.38 -0.2000000000004825 0.4
    vertex 0.2958645532389242 -0.14817840539582 0.4000000000000001
  endloop
endfacet
facet normal 0 -0 1
  outer loop
    vertex -0.120790708741757 0.250584154754019 0.4000000000000001
    vertex -0.03443923691328492 0.3008118087069978 0.4000000000000001
    vertex -0.1222370206384348 0.3524584078757967 0.4000000000000001
  endloop
endfacet
facet normal 0 0 1
  outer loop
    vertex 0.04966887557933433 -0.14837308820578 0.4000000000000001
    vertex -0.0339242604590642 -0.09864110015364914 0.4000000000000001
    vertex -0.03378144255669035 -0.1985253342888096 0.4000000000000001
  endloop
endfacet
facet normal -0 0 1
  outer loop
    vertex -0.120790708741757 0.250584154754019 0.4000000000000001
    vertex -0.03418427261044987 0.2009996146074815 0.4000000000000001
    vertex -0.03443923691328492 0.3008118087069978 0.4000000000000001
  endloop
endfacet
facet normal 0 -0 1
  outer loop
    vertex -0.03471521031294976 0.4005203077909664 0.4000000000000001
    vertex -0.0344494315790045 0.4991275313197555 0.4000000000000001
    vertex -0.121044837111637 0.4501105962651042 0.4000000000000001
  endloop
endfacet
facet normal 0 0 1
  outer loop
    vertex 0.05134402554730649 0.4506002536020954 0.4000000000000001
    vertex 0.05169121244584481 0.3509538485134038 0.4000000000000001
    vertex 0.1350163892700633 0.3961979810450826 0.4000000000000001
  endloop
endfacet
facet normal -0 0 1
  outer loop
    vertex 0.05134402554730649 0.4506002536020954 0.4000000000000001
    vertex 0.1350163892700633 0.3961979810450826 0.4000000000000001
    vertex 0.1430829367598225 0.4966159207596829 0.4000000000000001
  endloop
endfacet
facet normal 0 -0 1
  outer loop
    vertex -0.2065051980518655 -0.09922791576347496 0.4000000000000001
    vertex -0.1202273000778355 -0.04889315887715406 0.4000000000000001
    vertex -0.206683341768164 0.0007832141880915552 0.4000000000000001
  endloop
endfacet
facet normal 0 -0 1
  outer loop
    vertex -0.1197516271768343 -0.1488232047148631 0.4000000000000001
    vertex -0.0339242604590642 -0.09864110015364914 0.4000000000000001
    vertex -0.1202273000778355 -0.04889315887715406 0.4000000000000001
  endloop
endfacet
facet normal 0 -0 1
  outer loop
    vertex 0.2951891687562598 -0.3474444143369348 0.4000000000000001
    vertex 0.2967454768019917 -0.249740829337552 0.4000000000000001
    vertex 0.2065522469139163 -0.2936235067096471 0.4000000000000001
  endloop
endfacet
facet normal 0 0 1
  outer loop
    vertex -0.1195493992611947 -0.248778827526483 0.4000000000000001
    vertex -0.1197516271768343 -0.1488232047148631 0.4000000000000001
    vertex -0.2064196677243363 -0.1991126331491609 0.4000000000000001
  endloop
endfacet
facet normal 0 0 1
  outer loop
    vertex -0.03471521031294976 0.4005203077909664 0.4000000000000001
    vertex -0.121044837111637 0.4501105962651042 0.4000000000000001
    vertex -0.1222370206384348 0.3524584078757967 0.4000000000000001
  endloop
endfacet
facet normal 0 0 1
  outer loop
    vertex 0.05001631640731787 -0.04848018763449668 0.4000000000000001
    vertex -0.0339242604590642 -0.09864110015364914 0.4000000000000001
    vertex 0.04966887557933433 -0.14837308820578 0.4000000000000001
  endloop
endfacet
facet normal 0 0 1
  outer loop
    vertex -0.02123149882481912 -0.6045247835121934 0.4000000000000001
    vertex -0.03245454717315652 -0.4974597686512729 0.4000000000000001
    vertex -0.1294467735725189 -0.5619831642757922 0.4000000000000001
  endloop
endfacet
facet normal 0 0 1
  outer loop
    vertex 0.04964681158073146 0.5466154913831864 0.4000000000000001
    vertex 0.05134402554730649 0.4506002536020954 0.4000000000000001
    vertex 0.1430829367598225 0.4966159207596829 0.4000000000000001
  endloop
endfacet
facet normal 0 0 1
  outer loop
    vertex 0.04998569046998978 -0.3479181992731529 0.4000000000000001
    vertex 0.05311536296227788 -0.447499415449913 0.4000000000000001
    vertex 0.1437693036558728 -0.3873341985638095 0.4000000000000001
  endloop
endfacet
facet normal 0 0 1
  outer loop
    vertex -0.03324067878782054 -0.3979341641422489 0.4000000000000001
    vertex -0.03351476000589189 -0.2983060284631222 0.4000000000000001
    vertex -0.1186268313348754 -0.3484623249676553 0.4000000000000001
  endloop
endfacet
facet normal 0 0 1
  outer loop
    vertex -0.03378144255669035 -0.1985253342888096 0.4000000000000001
    vertex -0.1197516271768343 -0.1488232047148631 0.4000000000000001
    vertex -0.1195493992611947 -0.248778827526483 0.4000000000000001
  endloop
endfacet
facet normal -0 0 1
  outer loop
    vertex -0.03418427261044987 0.2009996146074815 0.4000000000000001
    vertex 0.05245555816651169 0.1513362771429994 0.4000000000000001
    vertex 0.05167328454747165 0.2511738004072461 0.4000000000000001
  endloop
endfacet
facet normal -6.42771e-16 0 1
  outer loop
    vertex -0.38 -0.1999999999994631 0.4
    vertex -0.38 -0.2999999999997424 0.4
    vertex -0.2936377488996239 -0.248732314808144 0.4000000000000001
  endloop
endfacet
facet normal 6.40988e-16 -0 1
  outer loop
    vertex 0.38 0.1999999999994631 0.4
    vertex 0.38 0.2999999999997424 0.4
    vertex 0.2933974596213283 0.2499999999996027 0.4000000000000001
  endloop
endfacet
facet normal 0 0 1
  outer loop
    vertex -0.03443923691328492 0.3008118087069978 0.4000000000000001
    vertex -0.03471521031294976 0.4005203077909664 0.4000000000000001
    vertex -0.1222370206384348 0.3524584078757967 0.4000000000000001
  endloop
endfacet
facet normal -6.44015e-16 0 1
  outer loop
    vertex -0.38 0.3000000000002088 0.4
    vertex -0.38 0.2000000000004825 0.4
    vertex -0.2938046289566343 0.2498000854426022 0.4000000000000001
  endloop
endfacet
facet normal 0 -0 1
  outer loop
    vertex 0.05245555816651169 0.1513362771429994 0.4000000000000001
    vertex 0.1359547094280036 0.2015169181420635 0.4000000000000001
    vertex 0.05167328454747165 0.2511738004072461 0.4000000000000001
  endloop
endfacet
facet normal 0 0 1
  outer loop
    vertex -0.03324067878782054 -0.3979341641422489 0.4000000000000001
    vertex -0.1186268313348754 -0.3484623249676553 0.4000000000000001
    vertex -0.1186015228800774 -0.4479411922166082 0.4000000000000001
  endloop
endfacet
facet normal -0 0 1
  outer loop
    vertex 0.05167328454747165 0.2511738004072461 0.4000000000000001
    vertex 0.1359547094280036 0.2015169181420635 0.4000000000000001
    vertex 0.1344599505614569 0.3005667815141188 0.4000000000000001
  endloop
endfacet
facet normal 0 0 1
  outer loop
    vertex 0.04966887557933433 -0.14837308820578 0.4000000000000001
    vertex 0.04980240446237841 -0.2482009308543739 0.4000000000000001
    vertex 0.1403469359087652 -0.1990782080889773 0.4000000000000001
  endloop
endfacet
facet normal 0 0 1
  outer loop
    vertex 0.05001631640731787 -0.04848018763449668 0.4000000000000001
    vertex -0.03368238938648631 0.001261013315830098 0.4000000000000001
    vertex -0.0339242604590642 -0.09864110015364914 0.4000000000000001
  endloop
endfacet
facet normal 0 0 1
  outer loop
    vertex 0.05272697117113214 0.05143840228943178 0.4000000000000001
    vertex -0.03368238938648631 0.001261013315830098 0.4000000000000001
    vertex 0.05001631640731787 -0.04848018763449668 0.4000000000000001
  endloop
endfacet
facet normal 0 -0 1
  outer loop
    vertex -0.1202273000778355 -0.04889315887715406 0.4000000000000001
    vertex -0.03368238938648631 0.001261013315830098 0.4000000000000001
    vertex -0.1202830417142247 0.05100223268438609 0.4000000000000001
  endloop
endfacet
facet normal 5.96626e-16 -0 1
  outer loop
    vertex 0.38 -0.1000000000007782 0.4
    vertex 0.38 -1.063038546078587e-12 0.4
    vertex 0.2869582562496601 -0.03885386498392648 0.4000000000000001
  endloop
endfacet
facet normal -6.40717e-16 0 1
  outer loop
    vertex -0.38 0.1000000000007782 0.4
    vertex -0.38 1.063038546078587e-12 0.4
    vertex -0.2933608251616326 0.05020631086322588 0.4000000000000001
  endloop
endfacet
facet normal -0 0 1
  outer loop
    vertex 0.05245555816651169 0.1513362771429994 0.4000000000000001
    vertex 0.1391184201783666 0.1016303240642728 0.4000000000000001
    vertex 0.1359547094280036 0.2015169181420635 0.4000000000000001
  endloop
endfacet
facet normal 0 0 1
  outer loop
    vertex 0.05272697117113214 0.05143840228943178 0.4000000000000001
    vertex 0.05001631640731787 -0.04848018763449668 0.4000000000000001
    vertex 0.134443473866392 0.00686679690817725 0.4000000000000001
  endloop
endfacet
facet normal 0 0 1
  outer loop
    vertex 0.05272697117113214 0.05143840228943178 0.4000000000000001
    vertex -0.03391342128644773 0.1011514083713575 0.4000000000000001
    vertex -0.03368238938648631 0.001261013315830098 0.4000000000000001
  endloop
endfacet
facet normal 0 0 1
  outer loop
    vertex 0.1359547094280036 0.2015169181420635 0.4000000000000001
    vertex 0.1391184201783666 0.1016303240642728 0.4000000000000001
    vertex 0.2188494474654475 0.1677929624076712 0.4000000000000001
  endloop
endfacet
facet normal 0 0 1
  outer loop
    vertex -0.03378144255669035 -0.1985253342888096 0.4000000000000001
    vertex -0.0339242604590642 -0.09864110015364914 0.4000000000000001
    vertex -0.1197516271768343 -0.1488232047148631 0.4000000000000001
  endloop
endfacet
facet normal 0 0 1
  outer loop
    vertex 0.2311368560525492 0.05839385197388441 0.4000000000000001
    vertex 0.1391184201783666 0.1016303240642728 0.4000000000000001
    vertex 0.134443473866392 0.00686679690817725 0.4000000000000001
  endloop
endfacet
facet normal -0 0 1
  outer loop
    vertex -0.2065051980518655 -0.09922791576347496 0.4000000000000001
    vertex -0.1197516271768343 -0.1488232047148631 0.4000000000000001
    vertex -0.1202273000778355 -0.04889315887715406 0.4000000000000001
  endloop
endfacet
facet normal 0 0 1
  outer loop
    vertex 0.1391184201783666 0.1016303240642728 0.4000000000000001
    vertex 0.05272697117113214 0.05143840228943178 0.4000000000000001
    vertex 0.134443473866392 0.00686679690817725 0.4000000000000001
  endloop
endfacet
facet normal 0 0 1
  outer loop
    vertex 0.05245555816651169 0.1513362771429994 0.4000000000000001
    vertex 0.05272697117113214 0.05143840228943178 0.4000000000000001
    vertex 0.1391184201783666 0.1016303240642728 0.4000000000000001
  endloop
endfacet
facet normal 8.43405e-17 -6.40629e-16 1
  outer loop
    vertex 1.910161396880592e-09 -0.78 0.4
    vertex 0.0983512387205322 -0.7670518135660644 0.4
    vertex 0.03796216193062182 -0.6883512372116316 0.4000000000000001
  endloop
endfacet
facet normal -8.02568e-17 6.09611e-16 1
  outer loop
    vertex -1.910161396880592e-09 0.78 0.4
    vertex -0.0983512387205322 0.7670518135660644 0.4
    vertex -0.03857394484067254 0.6838616968703417 0.4000000000000001
  endloop
endfacet
facet normal 6.66764e-16 -0 1
  outer loop
    vertex 0.38 -0.3000000000002088 0.4
    vertex 0.38 -0.2000000000004825 0.4
    vertex 0.2967454768019917 -0.249740829337552 0.4000000000000001
  endloop
endfacet
facet normal 0 0 1
  outer loop
    vertex 0.2188494474654475 0.1677929624076712 0.4000000000000001
    vertex 0.1391184201783666 0.1016303240642728 0.4000000000000001
    vertex 0.2311368560525492 0.05839385197388441 0.4000000000000001
  endloop
endfacet
facet normal 0 0 1
  outer loop
    vertex 0.05245555816651169 0.1513362771429994 0.4000000000000001
    vertex -0.03391342128644773 0.1011514083713575 0.4000000000000001
    vertex 0.05272697117113214 0.05143840228943178 0.4000000000000001
  endloop
endfacet
facet normal 4.61166e-16 -6.01003e-16 1
  outer loop
    vertex 0.1900000012045684 -0.7290896527426287 0.4
    vertex 0.2687005776133152 -0.668700576088461 0.4
    vertex 0.1846219514476651 -0.6408522461044978 0.4000000000000001
  endloop
endfacet
facet normal -3.5764e-16 4.66085e-16 1
  outer loop
    vertex -0.1900000012045684 0.7290896527426287 0.4
    vertex -0.2687005776133152 0.668700576088461 0.4
    vertex -0.1763249507939177 0.6204819376318588 0.4000000000000001
  endloop
endfacet
facet normal -2.47274e-16 -5.96972e-16 1
  outer loop
    vertex -0.1899999989000976 -0.7290896540731157 0.4
    vertex -0.09835123556876248 -0.7670518144105786 0.4
    vertex -0.1112994220187118 -0.668700577017504 0.4000000000000001
  endloop
endfacet
facet normal 2.69265e-16 6.50062e-16 1
  outer loop
    vertex 0.1899999989000976 0.7290896540731157 0.4
    vertex 0.09835123556876248 0.7670518144105786 0.4
    vertex 0.1136171726389728 0.6753348846295505 0.4000000000000001
  endloop
endfacet
facet normal 0 0 1
  outer loop
    vertex -0.03418427261044987 0.2009996146074815 0.4000000000000001
    vertex -0.03391342128644773 0.1011514083713575 0.4000000000000001
    vertex 0.05245555816651169 0.1513362771429994 0.4000000000000001
  endloop
endfacet
facet normal 0 0 1
  outer loop
    vertex -0.2064196677243363 -0.1991126331491609 0.4000000000000001
    vertex -0.2065051980518655 -0.09922791576347496 0.4000000000000001
    vertex -0.2928070390531196 -0.1497057462020112 0.4000000000000001
  endloop
endfacet
facet normal -6.4932e-16 -9.10743e-18 1
  outer loop
    vertex -0.2951737322858635 0.3474111132971157 0.4000000000000001
    vertex -0.38 0.3000000000002088 0.4
    vertex -0.2938046289566343 0.2498000854426022 0.4000000000000001
  endloop
endfacet
facet normal 0 0 1
  outer loop
    vertex -0.03351476000589189 -0.2983060284631222 0.4000000000000001
    vertex -0.03378144255669035 -0.1985253342888096 0.4000000000000001
    vertex -0.1195493992611947 -0.248778827526483 0.4000000000000001
  endloop
endfacet
facet normal 0 0 1
  outer loop
    vertex -0.03391342128644773 0.1011514083713575 0.4000000000000001
    vertex -0.1205245872067974 0.1508251856892691 0.4000000000000001
    vertex -0.1202830417142247 0.05100223268438609 0.4000000000000001
  endloop
endfacet
facet normal 0 0 1
  outer loop
    vertex -0.2075338466941439 0.2998223381033445 0.4000000000000001
    vertex -0.2071300838505216 0.2004098942170693 0.4000000000000001
    vertex -0.120790708741757 0.250584154754019 0.4000000000000001
  endloop
endfacet
facet normal -6.4013e-16 -1.0114e-18 1
  outer loop
    vertex -0.2933608251616326 0.05020631086322588 0.4000000000000001
    vertex -0.38 1.063038546078587e-12 0.4
    vertex -0.293203103462181 -0.04961778402310003 0.4000000000000001
  endloop
endfacet
facet normal 0 0 1
  outer loop
    vertex -0.120790708741757 0.250584154754019 0.4000000000000001
    vertex -0.1205245872067974 0.1508251856892691 0.4000000000000001
    vertex -0.03418427261044987 0.2009996146074815 0.4000000000000001
  endloop
endfacet
facet normal 0 -0 1
  outer loop
    vertex -0.2064196677243363 -0.1991126331491609 0.4000000000000001
    vertex -0.1197516271768343 -0.1488232047148631 0.4000000000000001
    vertex -0.2065051980518655 -0.09922791576347496 0.4000000000000001
  endloop
endfacet
facet normal 0 0 1
  outer loop
    vertex -0.03418427261044987 0.2009996146074815 0.4000000000000001
    vertex -0.1205245872067974 0.1508251856892691 0.4000000000000001
    vertex -0.03391342128644773 0.1011514083713575 0.4000000000000001
  endloop
endfacet
facet normal -5.21437e-16 -4.00113e-16 1
  outer loop
    vertex -0.3290896531556072 -0.5900000004892688 0.4
    vertex -0.2687005761723428 -0.6687005775294333 0.4
    vertex -0.2324029169783175 -0.5772659130365159 0.4000000000000001
  endloop
endfacet
facet normal 4.68491e-16 3.59485e-16 1
  outer loop
    vertex 0.3290896531556072 0.5900000004892688 0.4
    vertex 0.2687005761723428 0.6687005775294333 0.4
    vertex 0.2241897898274912 0.5722898019014664 0.4000000000000001
  endloop
endfacet
facet normal 0 0 1
  outer loop
    vertex -0.2068512619693132 0.1006597615877863 0.4000000000000001
    vertex -0.2933608251616326 0.05020631086322588 0.4000000000000001
    vertex -0.206683341768164 0.0007832141880915552 0.4000000000000001
  endloop
endfacet
facet normal 0 0 1
  outer loop
    vertex -0.03368238938648631 0.001261013315830098 0.4000000000000001
    vertex -0.03391342128644773 0.1011514083713575 0.4000000000000001
    vertex -0.1202830417142247 0.05100223268438609 0.4000000000000001
  endloop
endfacet
facet normal -6.42971e-16 -1.80822e-18 1
  outer loop
    vertex -0.2938046289566343 0.2498000854426022 0.4000000000000001
    vertex -0.38 0.2000000000004825 0.4
    vertex -0.2935244666563503 0.1501793420186574 0.4000000000000001
  endloop
endfacet
facet normal 0 0 1
  outer loop
    vertex -0.2075338466941439 0.2998223381033445 0.4000000000000001
    vertex -0.2938046289566343 0.2498000854426022 0.4000000000000001
    vertex -0.2071300838505216 0.2004098942170693 0.4000000000000001
  endloop
endfacet
facet normal 6.52096e-16 -2.70107e-16 1
  outer loop
    vertex 0.3290896537958481 -0.5899999993803391 0.4
    vertex 0.367051814075238 -0.4983512368202705 0.4
    vertex 0.2731631164595494 -0.5195031510226624 0.4000000000000001
  endloop
endfacet
facet normal -5.98544e-16 2.47925e-16 1
  outer loop
    vertex -0.3290896537958481 0.5899999993803391 0.4
    vertex -0.367051814075238 0.4983512368202705 0.4
    vertex -0.2699491553186695 0.5088748031548275 0.4000000000000001
  endloop
endfacet
facet normal 0 0 1
  outer loop
    vertex -0.1205245872067974 0.1508251856892691 0.4000000000000001
    vertex -0.2068512619693132 0.1006597615877863 0.4000000000000001
    vertex -0.1202830417142247 0.05100223268438609 0.4000000000000001
  endloop
endfacet
facet normal 0 -0 1
  outer loop
    vertex -0.1186268313348754 -0.3484623249676553 0.4000000000000001
    vertex -0.03351476000589189 -0.2983060284631222 0.4000000000000001
    vertex -0.1195493992611947 -0.248778827526483 0.4000000000000001
  endloop
endfacet
facet normal 0 0 1
  outer loop
    vertex -0.120790708741757 0.250584154754019 0.4000000000000001
    vertex -0.2071300838505216 0.2004098942170693 0.4000000000000001
    vertex -0.1205245872067974 0.1508251856892691 0.4000000000000001
  endloop
endfacet
facet normal 6.60414e-16 -1.05196e-17 1
  outer loop
    vertex 0.2951891687562598 -0.3474444143369348 0.4000000000000001
    vertex 0.38 -0.3000000000002088 0.4
    vertex 0.2967454768019917 -0.249740829337552 0.4000000000000001
  endloop
endfacet
facet normal 0 0 1
  outer loop
    vertex -0.1205245872067974 0.1508251856892691 0.4000000000000001
    vertex -0.2071300838505216 0.2004098942170693 0.4000000000000001
    vertex -0.2068512619693132 0.1006597615877863 0.4000000000000001
  endloop
endfacet
facet normal 0 -0 1
  outer loop
    vertex -0.2928070390531196 -0.1497057462020112 0.4000000000000001
    vertex -0.2065051980518655 -0.09922791576347496 0.4000000000000001
    vertex -0.293203103462181 -0.04961778402310003 0.4000000000000001
  endloop
endfacet
facet normal -6.40629e-16 -8.43405e-17 1
  outer loop
    vertex -0.38 -0.4 0.4
    vertex -0.3670518139337308 -0.4983512373483824 0.4
    vertex -0.2883512369295334 -0.4379621606078743 0.4000000000000001
  endloop
endfacet
facet normal 6.22097e-16 8.19006e-17 1
  outer loop
    vertex 0.38 0.4 0.4
    vertex 0.3670518139337308 0.4983512373483824 0.4
    vertex 0.2863376612164109 0.4336495533631293 0.4000000000000001
  endloop
endfacet
facet normal 0 0 1
  outer loop
    vertex -0.2071300838505216 0.2004098942170693 0.4000000000000001
    vertex -0.2938046289566343 0.2498000854426022 0.4000000000000001
    vertex -0.2935244666563503 0.1501793420186574 0.4000000000000001
  endloop
endfacet
facet normal 0 0 1
  outer loop
    vertex -0.2068512619693132 0.1006597615877863 0.4000000000000001
    vertex -0.2071300838505216 0.2004098942170693 0.4000000000000001
    vertex -0.2935244666563503 0.1501793420186574 0.4000000000000001
  endloop
endfacet
facet normal 0 0 1
  outer loop
    vertex -0.1202273000778355 -0.04889315887715406 0.4000000000000001
    vertex -0.1202830417142247 0.05100223268438609 0.4000000000000001
    vertex -0.206683341768164 0.0007832141880915552 0.4000000000000001
  endloop
endfacet
facet normal 0 0 1
  outer loop
    vertex -0.1202830417142247 0.05100223268438609 0.4000000000000001
    vertex -0.2068512619693132 0.1006597615877863 0.4000000000000001
    vertex -0.206683341768164 0.0007832141880915552 0.4000000000000001
  endloop
endfacet
facet normal 0 0 1
  outer loop
    vertex -0.121044837111637 0.4501105962651042 0.4000000000000001
    vertex -0.0344494315790045 0.4991275313197555 0.4000000000000001
    vertex -0.1121461369987876 0.5476198125512892 0.4000000000000001
  endloop
endfacet
facet normal 0 0 1
  outer loop
    vertex 0.2077934111437328 -0.4614310325721521 0.4000000000000001
    vertex 0.1225680241561816 -0.496845644605838 0.4000000000000001
    vertex 0.1818103730701827 -0.5575036484793945 0.4000000000000001
  endloop
endfacet
facet normal 0 0 1
  outer loop
    vertex -0.1186268313348754 -0.3484623249676553 0.4000000000000001
    vertex -0.206056798900319 -0.298348149069558 0.4000000000000001
    vertex -0.2036453765907561 -0.3956594266291451 0.4000000000000001
  endloop
endfacet
facet normal 0 0 1
  outer loop
    vertex -0.206056798900319 -0.298348149069558 0.4000000000000001
    vertex -0.2936377488996239 -0.248732314808144 0.4000000000000001
    vertex -0.2955230170877393 -0.3448279147266388 0.4000000000000001
  endloop
endfacet
facet normal -6.57116e-16 0 1
  outer loop
    vertex -0.38 -0.2999999999997424 0.4
    vertex -0.38 -0.4 0.4
    vertex -0.2955230170877393 -0.3448279147266388 0.4000000000000001
  endloop
endfacet
facet normal -6.25651e-16 -4.81781e-17 1
  outer loop
    vertex -0.38 -0.4 0.4
    vertex -0.2883512369295334 -0.4379621606078743 0.4000000000000001
    vertex -0.2955230170877393 -0.3448279147266388 0.4000000000000001
  endloop
endfacet
facet normal -0 0 1
  outer loop
    vertex -0.1121461369987876 0.5476198125512892 0.4000000000000001
    vertex -0.0344494315790045 0.4991275313197555 0.4000000000000001
    vertex -0.03223736032856775 0.5942993977247359 0.4000000000000001
  endloop
endfacet
facet normal 0 -0 1
  outer loop
    vertex -0.1294467735725189 -0.5619831642757922 0.4000000000000001
    vertex -0.1186015228800774 -0.4479411922166082 0.4000000000000001
    vertex -0.2052373392640259 -0.4902060300166358 0.4000000000000001
  endloop
endfacet
facet normal 0 0 1
  outer loop
    vertex -0.1186015228800774 -0.4479411922166082 0.4000000000000001
    vertex -0.1186268313348754 -0.3484623249676553 0.4000000000000001
    vertex -0.2036453765907561 -0.3956594266291451 0.4000000000000001
  endloop
endfacet
facet normal 0 0 1
  outer loop
    vertex -0.2036453765907561 -0.3956594266291451 0.4000000000000001
    vertex -0.2883512369295334 -0.4379621606078743 0.4000000000000001
    vertex -0.2052373392640259 -0.4902060300166358 0.4000000000000001
  endloop
endfacet
facet normal 0 0 1
  outer loop
    vertex -0.0344494315790045 0.4991275313197555 0.4000000000000001
    vertex 0.04964681158073146 0.5466154913831864 0.4000000000000001
    vertex -0.03223736032856775 0.5942993977247359 0.4000000000000001
  endloop
endfacet
facet normal 0 0 1
  outer loop
    vertex 0.2863376612164109 0.4336495533631293 0.4000000000000001
    vertex 0.2248988494384526 0.3434037957949738 0.4000000000000001
    vertex 0.3129267940552383 0.3454106698314895 0.4000000000000001
  endloop
endfacet
facet normal 7.26888e-16 -1.48785e-16 1
  outer loop
    vertex 0.2933974596213283 0.2499999999996027 0.4000000000000001
    vertex 0.38 0.2999999999997424 0.4
    vertex 0.3129267940552383 0.3454106698314895 0.4000000000000001
  endloop
endfacet
facet normal 0 0 1
  outer loop
    vertex 0.2958645532389242 -0.14817840539582 0.4000000000000001
    vertex 0.2102566324081865 -0.1092413809855133 0.4000000000000001
    vertex 0.2299531690543568 -0.1999724661035019 0.4000000000000001
  endloop
endfacet
facet normal 0 0 1
  outer loop
    vertex 0.2248988494384526 0.3434037957949738 0.4000000000000001
    vertex 0.1344599505614569 0.3005667815141188 0.4000000000000001
    vertex 0.2015120833029378 0.2526560915716861 0.4000000000000001
  endloop
endfacet
facet normal -0 0 1
  outer loop
    vertex 0.1359547094280036 0.2015169181420635 0.4000000000000001
    vertex 0.2188494474654475 0.1677929624076712 0.4000000000000001
    vertex 0.2015120833029378 0.2526560915716861 0.4000000000000001
  endloop
endfacet
facet normal -6.50345e-16 1.27589e-17 1
  outer loop
    vertex -0.2936377488996239 -0.248732314808144 0.4000000000000001
    vertex -0.38 -0.2999999999997424 0.4
    vertex -0.2955230170877393 -0.3448279147266388 0.4000000000000001
  endloop
endfacet
facet normal 6.72081e-16 5.38556e-17 1
  outer loop
    vertex 0.38 0.1999999999994631 0.4
    vertex 0.2933974596213283 0.2499999999996027 0.4000000000000001
    vertex 0.3023965220389501 0.1376978023964803 0.4000000000000001
  endloop
endfacet
facet normal 0 0 1
  outer loop
    vertex 0.1403469359087652 -0.1990782080889773 0.4000000000000001
    vertex 0.04980240446237841 -0.2482009308543739 0.4000000000000001
    vertex 0.1180913162821845 -0.2952310086979921 0.4000000000000001
  endloop
endfacet
facet normal -0 0 1
  outer loop
    vertex 0.04998569046998978 -0.3479181992731529 0.4000000000000001
    vertex 0.1437693036558728 -0.3873341985638095 0.4000000000000001
    vertex 0.1180913162821845 -0.2952310086979921 0.4000000000000001
  endloop
endfacet
facet normal 6.89548e-16 -2.22516e-16 1
  outer loop
    vertex 0.2869582562496601 -0.03885386498392648 0.4000000000000001
    vertex 0.38 -1.063038546078587e-12 0.4
    vertex 0.3160983268682319 0.05144755787691395 0.4000000000000001
  endloop
endfacet
facet normal 0 -0 1
  outer loop
    vertex -0.2951737322858635 0.3474111132971157 0.4000000000000001
    vertex -0.2148982840568366 0.4129012416343483 0.4000000000000001
    vertex -0.3054145971473215 0.4335076789813123 0.4000000000000001
  endloop
endfacet
facet normal 0 0 1
  outer loop
    vertex 0.2065522469139163 -0.2936235067096471 0.4000000000000001
    vertex 0.2967454768019917 -0.249740829337552 0.4000000000000001
    vertex 0.2299531690543568 -0.1999724661035019 0.4000000000000001
  endloop
endfacet
facet normal 0 0 1
  outer loop
    vertex 0.134443473866392 0.00686679690817725 0.4000000000000001
    vertex 0.05001631640731787 -0.04848018763449668 0.4000000000000001
    vertex 0.1258206838730129 -0.09414554704756319 0.4000000000000001
  endloop
endfacet
facet normal -0 0 1
  outer loop
    vertex 0.04966887557933433 -0.14837308820578 0.4000000000000001
    vertex 0.1403469359087652 -0.1990782080889773 0.4000000000000001
    vertex 0.1258206838730129 -0.09414554704756319 0.4000000000000001
  endloop
endfacet
facet normal 0 0 1
  outer loop
    vertex -0.2148982840568366 0.4129012416343483 0.4000000000000001
    vertex -0.121044837111637 0.4501105962651042 0.4000000000000001
    vertex -0.1893882362539842 0.5153654662807923 0.4000000000000001
  endloop
endfacet
facet normal 0 0 1
  outer loop
    vertex -0.2699491553186695 0.5088748031548275 0.4000000000000001
    vertex -0.1893882362539842 0.5153654662807923 0.4000000000000001
    vertex -0.2466905147551469 0.5806845565072556 0.4000000000000001
  endloop
endfacet
facet normal 0 0 1
  outer loop
    vertex 0.1430829367598225 0.4966159207596829 0.4000000000000001
    vertex 0.1350163892700633 0.3961979810450826 0.4000000000000001
    vertex 0.2057865230491623 0.4244443924738187 0.4000000000000001
  endloop
endfacet
facet normal 0 0 1
  outer loop
    vertex -0.2052373392640259 -0.4902060300166358 0.4000000000000001
    vertex -0.2883512369295334 -0.4379621606078743 0.4000000000000001
    vertex -0.2869209727398204 -0.519190478419667 0.4000000000000001
  endloop
endfacet
facet normal 0 0 1
  outer loop
    vertex -0.1186015228800774 -0.4479411922166082 0.4000000000000001
    vertex -0.2036453765907561 -0.3956594266291451 0.4000000000000001
    vertex -0.2052373392640259 -0.4902060300166358 0.4000000000000001
  endloop
endfacet
facet normal 0 -0 1
  outer loop
    vertex 0.2248988494384526 0.3434037957949738 0.4000000000000001
    vertex 0.2863376612164109 0.4336495533631293 0.4000000000000001
    vertex 0.2057865230491623 0.4244443924738187 0.4000000000000001
  endloop
endfacet
facet normal 6.64624e-16 2.00272e-16 1
  outer loop
    vertex 0.38 0.4 0.4
    vertex 0.2863376612164109 0.4336495533631293 0.4000000000000001
    vertex 0.3129267940552383 0.3454106698314895 0.4000000000000001
  endloop
endfacet
facet normal -7.9105e-16 1.04144e-16 1
  outer loop
    vertex -0.367051814075238 0.4983512368202705 0.4
    vertex -0.38 0.4 0.4
    vertex -0.3054145971473215 0.4335076789813123 0.4000000000000001
  endloop
endfacet
facet normal 6.5605e-16 -8.63707e-17 1
  outer loop
    vertex 0.367051814075238 -0.4983512368202705 0.4
    vertex 0.38 -0.4 0.4
    vertex 0.2909941680073115 -0.4333579687936489 0.4000000000000001
  endloop
endfacet
facet normal 6.20164e-16 -1.28367e-16 1
  outer loop
    vertex 0.2731631164595494 -0.5195031510226624 0.4000000000000001
    vertex 0.367051814075238 -0.4983512368202705 0.4
    vertex 0.2909941680073115 -0.4333579687936489 0.4000000000000001
  endloop
endfacet
facet normal -6.02396e-16 2.83469e-16 1
  outer loop
    vertex -0.2699491553186695 0.5088748031548275 0.4000000000000001
    vertex -0.367051814075238 0.4983512368202705 0.4
    vertex -0.3054145971473215 0.4335076789813123 0.4000000000000001
  endloop
endfacet
facet normal -0 0 1
  outer loop
    vertex 0.1278174157018675 0.588737828116875 0.4000000000000001
    vertex 0.2241897898274912 0.5722898019014664 0.4000000000000001
    vertex 0.1848649906481544 0.6468305492500881 0.4000000000000001
  endloop
endfacet
facet normal 0 0 1
  outer loop
    vertex 0.2244881269819111 0.4913119027934937 0.4000000000000001
    vertex 0.1430829367598225 0.4966159207596829 0.4000000000000001
    vertex 0.2057865230491623 0.4244443924738187 0.4000000000000001
  endloop
endfacet
facet normal 0 0 1
  outer loop
    vertex -0.03857394484067254 0.6838616968703417 0.4000000000000001
    vertex -0.03223736032856775 0.5942993977247359 0.4000000000000001
    vertex 0.03972361843371698 0.6293862581397823 0.4000000000000001
  endloop
endfacet
facet normal 0 0 1
  outer loop
    vertex 0.1437693036558728 -0.3873341985638095 0.4000000000000001
    vertex 0.1225680241561816 -0.496845644605838 0.4000000000000001
    vertex 0.2077934111437328 -0.4614310325721521 0.4000000000000001
  endloop
endfacet
facet normal 8.2762e-16 -0 1
  outer loop
    vertex 0.38 0.2999999999997424 0.4
    vertex 0.38 0.4 0.4
    vertex 0.3129267940552383 0.3454106698314895 0.4000000000000001
  endloop
endfacet
facet normal 0 0 1
  outer loop
    vertex 0.2077934111437328 -0.4614310325721521 0.4000000000000001
    vertex 0.2909941680073115 -0.4333579687936489 0.4000000000000001
    vertex 0.2249876732965273 -0.3775069890103713 0.4000000000000001
  endloop
endfacet
facet normal -0 0 1
  outer loop
    vertex 0.04964681158073146 0.5466154913831864 0.4000000000000001
    vertex 0.1430829367598225 0.4966159207596829 0.4000000000000001
    vertex 0.1278174157018675 0.588737828116875 0.4000000000000001
  endloop
endfacet
facet normal 0 0 1
  outer loop
    vertex 0.1344599505614569 0.3005667815141188 0.4000000000000001
    vertex 0.1359547094280036 0.2015169181420635 0.4000000000000001
    vertex 0.2015120833029378 0.2526560915716861 0.4000000000000001
  endloop
endfacet
facet normal 7.15318e-16 -0 1
  outer loop
    vertex 0.38 0.09999999999919462 0.4
    vertex 0.38 0.1999999999994631 0.4
    vertex 0.3023965220389501 0.1376978023964803 0.4000000000000001
  endloop
endfacet
facet normal 7.75136e-16 1.23139e-16 1
  outer loop
    vertex 0.38 0.09999999999919462 0.4
    vertex 0.3023965220389501 0.1376978023964803 0.4000000000000001
    vertex 0.3160983268682319 0.05144755787691395 0.4000000000000001
  endloop
endfacet
facet normal 0 0 1
  outer loop
    vertex 0.04980240446237841 -0.2482009308543739 0.4000000000000001
    vertex 0.04998569046998978 -0.3479181992731529 0.4000000000000001
    vertex 0.1180913162821845 -0.2952310086979921 0.4000000000000001
  endloop
endfacet
facet normal -7.06509e-16 -8.40366e-17 1
  outer loop
    vertex -0.38 0.4 0.4
    vertex -0.2951737322858635 0.3474111132971157 0.4000000000000001
    vertex -0.3054145971473215 0.4335076789813123 0.4000000000000001
  endloop
endfacet
facet normal 6.35306e-16 -3.10208e-17 1
  outer loop
    vertex 0.38 -0.4 0.4
    vertex 0.2951891687562598 -0.3474444143369348 0.4000000000000001
    vertex 0.2909941680073115 -0.4333579687936489 0.4000000000000001
  endloop
endfacet
facet normal 8.68696e-16 -0 1
  outer loop
    vertex 0.38 -1.063038546078587e-12 0.4
    vertex 0.38 0.09999999999919462 0.4
    vertex 0.3160983268682319 0.05144755787691395 0.4000000000000001
  endloop
endfacet
facet normal 0 0 1
  outer loop
    vertex 0.2967454768019917 -0.249740829337552 0.4000000000000001
    vertex 0.2958645532389242 -0.14817840539582 0.4000000000000001
    vertex 0.2299531690543568 -0.1999724661035019 0.4000000000000001
  endloop
endfacet
facet normal 0 0 1
  outer loop
    vertex 0.05001631640731787 -0.04848018763449668 0.4000000000000001
    vertex 0.04966887557933433 -0.14837308820578 0.4000000000000001
    vertex 0.1258206838730129 -0.09414554704756319 0.4000000000000001
  endloop
endfacet
facet normal 0 0 1
  outer loop
    vertex 0.1278174157018675 0.588737828116875 0.4000000000000001
    vertex 0.1136171726389728 0.6753348846295505 0.4000000000000001
    vertex 0.03972361843371698 0.6293862581397823 0.4000000000000001
  endloop
endfacet
facet normal 0 -0 1
  outer loop
    vertex 0.04964681158073146 0.5466154913831864 0.4000000000000001
    vertex 0.1278174157018675 0.588737828116875 0.4000000000000001
    vertex 0.03972361843371698 0.6293862581397823 0.4000000000000001
  endloop
endfacet
facet normal 0 -0 1
  outer loop
    vertex -0.121044837111637 0.4501105962651042 0.4000000000000001
    vertex -0.1121461369987876 0.5476198125512892 0.4000000000000001
    vertex -0.1893882362539842 0.5153654662807923 0.4000000000000001
  endloop
endfacet
facet normal 0 -0 1
  outer loop
    vertex -0.2324029169783175 -0.5772659130365159 0.4000000000000001
    vertex -0.2052373392640259 -0.4902060300166358 0.4000000000000001
    vertex -0.2869209727398204 -0.519190478419667 0.4000000000000001
  endloop
endfacet
facet normal -9.98459e-17 -7.58405e-16 1
  outer loop
    vertex -0.09835123556876248 -0.7670518144105786 0.4
    vertex 1.910161396880592e-09 -0.78 0.4
    vertex -0.03858399851430203 -0.7017256824303814 0.4000000000000001
  endloop
endfacet
facet normal 1.09614e-16 8.32602e-16 1
  outer loop
    vertex 0.09835123556876248 0.7670518144105786 0.4
    vertex -1.910161396880592e-09 0.78 0.4
    vertex 0.04208498709025324 0.7077875201281748 0.4000000000000001
  endloop
endfacet
facet normal 3.28639e-16 -7.93405e-16 1
  outer loop
    vertex 0.0983512387205322 -0.7670518135660644 0.4
    vertex 0.1900000012045684 -0.7290896527426287 0.4
    vertex 0.1194389943611393 -0.6883512368131195 0.4000000000000001
  endloop
endfacet
facet normal -3.19292e-16 7.7084e-16 1
  outer loop
    vertex -0.0983512387205322 0.7670518135660644 0.4
    vertex -0.1900000012045684 0.7290896527426287 0.4
    vertex -0.1201029959552818 0.686028083259089 0.4000000000000001
  endloop
endfacet
facet normal -4.69487e-16 -6.11847e-16 1
  outer loop
    vertex -0.2687005761723428 -0.6687005775294333 0.4
    vertex -0.1899999989000976 -0.7290896540731157 0.4
    vertex -0.1863699375283977 -0.6411479771864722 0.4000000000000001
  endloop
endfacet
facet normal 4.94148e-16 6.43986e-16 1
  outer loop
    vertex 0.2687005761723428 0.6687005775294333 0.4
    vertex 0.1899999989000976 0.7290896540731157 0.4
    vertex 0.1848649906481544 0.6468305492500881 0.4000000000000001
  endloop
endfacet
facet normal 7.15935e-16 -5.49357e-16 1
  outer loop
    vertex 0.2687005776133152 -0.668700576088461 0.4
    vertex 0.3290896537958481 -0.5899999993803391 0.4
    vertex 0.2474771344773121 -0.595311924215071 0.4000000000000001
  endloop
endfacet
facet normal -6.1991e-16 4.75674e-16 1
  outer loop
    vertex -0.2687005776133152 0.668700576088461 0.4
    vertex -0.3290896537958481 0.5899999993803391 0.4
    vertex -0.2466905147551469 0.5806845565072556 0.4000000000000001
  endloop
endfacet
facet normal 1.14086e-16 -6.5295e-16 1
  outer loop
    vertex 1.910161396880592e-09 -0.78 0.4
    vertex 0.03796216193062182 -0.6883512372116316 0.4000000000000001
    vertex -0.03858399851430203 -0.7017256824303814 0.4000000000000001
  endloop
endfacet
facet normal -1.94416e-16 6.55415e-16 1
  outer loop
    vertex -1.910161396880592e-09 0.78 0.4
    vertex -0.03857394484067254 0.6838616968703417 0.4000000000000001
    vertex 0.04208498709025324 0.7077875201281748 0.4000000000000001
  endloop
endfacet
facet normal 3.44993e-24 -7.05346e-16 1
  outer loop
    vertex 0.03796216193062182 -0.6883512372116316 0.4000000000000001
    vertex 0.0983512387205322 -0.7670518135660644 0.4
    vertex 0.1194389943611393 -0.6883512368131195 0.4000000000000001
  endloop
endfacet
facet normal 1.80761e-17 6.80269e-16 1
  outer loop
    vertex -0.03857394484067254 0.6838616968703417 0.4000000000000001
    vertex -0.0983512387205322 0.7670518135660644 0.4
    vertex -0.1201029959552818 0.686028083259089 0.4000000000000001
  endloop
endfacet
facet normal -2.72643e-16 -6.00312e-16 1
  outer loop
    vertex -0.1112994220187118 -0.668700577017504 0.4000000000000001
    vertex -0.09835123556876248 -0.7670518144105786 0.4
    vertex -0.03858399851430203 -0.7017256824303814 0.4000000000000001
  endloop
endfacet
facet normal 2.97015e-16 6.54681e-16 1
  outer loop
    vertex 0.1136171726389728 0.6753348846295505 0.4000000000000001
    vertex 0.09835123556876248 0.7670518144105786 0.4
    vertex 0.04208498709025324 0.7077875201281748 0.4000000000000001
  endloop
endfacet
facet normal 4.3894e-16 -6.02358e-16 1
  outer loop
    vertex 0.1900000012045684 -0.7290896527426287 0.4
    vertex 0.1846219514476651 -0.6408522461044978 0.4000000000000001
    vertex 0.1194389943611393 -0.6883512368131195 0.4000000000000001
  endloop
endfacet
facet normal -5.19607e-16 4.45691e-16 1
  outer loop
    vertex -0.1900000012045684 0.7290896527426287 0.4
    vertex -0.1763249507939177 0.6204819376318588 0.4000000000000001
    vertex -0.1201029959552818 0.686028083259089 0.4000000000000001
  endloop
endfacet
facet normal -2.28217e-16 -6.21807e-16 1
  outer loop
    vertex -0.1899999989000976 -0.7290896540731157 0.4
    vertex -0.1112994220187118 -0.668700577017504 0.4000000000000001
    vertex -0.1863699375283977 -0.6411479771864722 0.4000000000000001
  endloop
endfacet
facet normal 2.63404e-16 6.5839e-16 1
  outer loop
    vertex 0.1899999989000976 0.7290896540731157 0.4
    vertex 0.1136171726389728 0.6753348846295505 0.4000000000000001
    vertex 0.1848649906481544 0.6468305492500881 0.4000000000000001
  endloop
endfacet
facet normal 4.53096e-16 -6.25368e-16 1
  outer loop
    vertex 0.1846219514476651 -0.6408522461044978 0.4000000000000001
    vertex 0.2687005776133152 -0.668700576088461 0.4
    vertex 0.2474771344773121 -0.595311924215071 0.4000000000000001
  endloop
endfacet
facet normal -3.12509e-16 5.52545e-16 1
  outer loop
    vertex -0.1763249507939177 0.6204819376318588 0.4000000000000001
    vertex -0.2687005776133152 0.668700576088461 0.4
    vertex -0.2466905147551469 0.5806845565072556 0.4000000000000001
  endloop
endfacet
facet normal -7.76391e-16 -3.21592e-16 1
  outer loop
    vertex -0.3670518139337308 -0.4983512373483824 0.4
    vertex -0.3290896531556072 -0.5900000004892688 0.4
    vertex -0.2869209727398204 -0.519190478419667 0.4000000000000001
  endloop
endfacet
facet normal -5.43242e-16 -3.91457e-16 1
  outer loop
    vertex -0.2324029169783175 -0.5772659130365159 0.4000000000000001
    vertex -0.2687005761723428 -0.6687005775294333 0.4
    vertex -0.1863699375283977 -0.6411479771864722 0.4000000000000001
  endloop
endfacet
facet normal 5.8204e-16 3.07062e-16 1
  outer loop
    vertex 0.2241897898274912 0.5722898019014664 0.4000000000000001
    vertex 0.2687005761723428 0.6687005775294333 0.4
    vertex 0.1848649906481544 0.6468305492500881 0.4000000000000001
  endloop
endfacet
facet normal 6.95518e-16 -2.35659e-16 1
  outer loop
    vertex 0.3290896537958481 -0.5899999993803391 0.4
    vertex 0.2731631164595494 -0.5195031510226624 0.4000000000000001
    vertex 0.2474771344773121 -0.595311924215071 0.4000000000000001
  endloop
endfacet
facet normal -6.49889e-16 2.10494e-16 1
  outer loop
    vertex -0.3290896537958481 0.5899999993803391 0.4
    vertex -0.2699491553186695 0.5088748031548275 0.4000000000000001
    vertex -0.2466905147551469 0.5806845565072556 0.4000000000000001
  endloop
endfacet
facet normal -5.1096e-16 -4.79662e-16 1
  outer loop
    vertex -0.3290896531556072 -0.5900000004892688 0.4
    vertex -0.2324029169783175 -0.5772659130365159 0.4000000000000001
    vertex -0.2869209727398204 -0.519190478419667 0.4000000000000001
  endloop
endfacet
facet normal -6.95943e-16 -1.22541e-17 1
  outer loop
    vertex -0.2883512369295334 -0.4379621606078743 0.4000000000000001
    vertex -0.3670518139337308 -0.4983512373483824 0.4
    vertex -0.2869209727398204 -0.519190478419667 0.4000000000000001
  endloop
endfacet
facet normal 0 -0 1
  outer loop
    vertex 0.2102566324081865 -0.1092413809855133 0.4000000000000001
    vertex 0.2869582562496601 -0.03885386498392648 0.4000000000000001
    vertex 0.2066825479389859 -0.02784956093896496 0.4000000000000001
  endloop
endfacet
facet normal 0 -0 1
  outer loop
    vertex 0.2909941680073115 -0.4333579687936489 0.4000000000000001
    vertex 0.2951891687562598 -0.3474444143369348 0.4000000000000001
    vertex 0.2249876732965273 -0.3775069890103713 0.4000000000000001
  endloop
endfacet
facet normal 4.37684e-16 5.41958e-16 1
  outer loop
    vertex 0.3290896531556072 0.5900000004892688 0.4
    vertex 0.2241897898274912 0.5722898019014664 0.4000000000000001
    vertex 0.2897991746386444 0.5193038341754804 0.4000000000000001
  endloop
endfacet
facet normal 7.10776e-16 -2.87243e-17 1
  outer loop
    vertex 0.2863376612164109 0.4336495533631293 0.4000000000000001
    vertex 0.3670518139337308 0.4983512373483824 0.4
    vertex 0.2897991746386444 0.5193038341754804 0.4000000000000001
  endloop
endfacet
facet normal 0 0 1
  outer loop
    vertex 0.03796216193062182 -0.6883512372116316 0.4000000000000001
    vertex 0.1194389943611393 -0.6883512368131195 0.4000000000000001
    vertex 0.09708727762361616 -0.6039414293916627 0.4000000000000001
  endloop
endfacet
facet normal 0 0 1
  outer loop
    vertex -0.03223736032856775 0.5942993977247359 0.4000000000000001
    vertex -0.03857394484067254 0.6838616968703417 0.4000000000000001
    vertex -0.09926114857696344 0.6205746717566966 0.4000000000000001
  endloop
endfacet
facet normal -0 0 1
  outer loop
    vertex 0.2077934111437328 -0.4614310325721521 0.4000000000000001
    vertex 0.2731631164595494 -0.5195031510226624 0.4000000000000001
    vertex 0.2909941680073115 -0.4333579687936489 0.4000000000000001
  endloop
endfacet
facet normal 0 0 1
  outer loop
    vertex 0.04208498709025324 0.7077875201281748 0.4000000000000001
    vertex -0.03857394484067254 0.6838616968703417 0.4000000000000001
    vertex 0.03972361843371698 0.6293862581397823 0.4000000000000001
  endloop
endfacet
facet normal 8.0951e-16 3.3531e-16 1
  outer loop
    vertex 0.3670518139337308 0.4983512373483824 0.4
    vertex 0.3290896531556072 0.5900000004892688 0.4
    vertex 0.2897991746386444 0.5193038341754804 0.4000000000000001
  endloop
endfacet
facet normal 0 0 1
  outer loop
    vertex 0.2311368560525492 0.05839385197388441 0.4000000000000001
    vertex 0.134443473866392 0.00686679690817725 0.4000000000000001
    vertex 0.2066825479389859 -0.02784956093896496 0.4000000000000001
  endloop
endfacet
facet normal 0 -0 1
  outer loop
    vertex 0.2474771344773121 -0.595311924215071 0.4000000000000001
    vertex 0.2731631164595494 -0.5195031510226624 0.4000000000000001
    vertex 0.1818103730701827 -0.5575036484793945 0.4000000000000001
  endloop
endfacet
facet normal 0 0 1
  outer loop
    vertex 0.2951891687562598 -0.3474444143369348 0.4000000000000001
    vertex 0.2065522469139163 -0.2936235067096471 0.4000000000000001
    vertex 0.2249876732965273 -0.3775069890103713 0.4000000000000001
  endloop
endfacet
facet normal -0 0 1
  outer loop
    vertex -0.1763249507939177 0.6204819376318588 0.4000000000000001
    vertex -0.1121461369987876 0.5476198125512892 0.4000000000000001
    vertex -0.09926114857696344 0.6205746717566966 0.4000000000000001
  endloop
endfacet
facet normal 0 0 1
  outer loop
    vertex -0.1121461369987876 0.5476198125512892 0.4000000000000001
    vertex -0.03223736032856775 0.5942993977247359 0.4000000000000001
    vertex -0.09926114857696344 0.6205746717566966 0.4000000000000001
  endloop
endfacet
facet normal -0 0 1
  outer loop
    vertex 0.1350163892700633 0.3961979810450826 0.4000000000000001
    vertex 0.2248988494384526 0.3434037957949738 0.4000000000000001
    vertex 0.2057865230491623 0.4244443924738187 0.4000000000000001
  endloop
endfacet
facet normal -0 0 1
  outer loop
    vertex 0.09708727762361616 -0.6039414293916627 0.4000000000000001
    vertex 0.1846219514476651 -0.6408522461044978 0.4000000000000001
    vertex 0.1818103730701827 -0.5575036484793945 0.4000000000000001
  endloop
endfacet
facet normal -0 0 1
  outer loop
    vertex -0.03223736032856775 0.5942993977247359 0.4000000000000001
    vertex 0.04964681158073146 0.5466154913831864 0.4000000000000001
    vertex 0.03972361843371698 0.6293862581397823 0.4000000000000001
  endloop
endfacet
facet normal 0 0 1
  outer loop
    vertex 0.1136171726389728 0.6753348846295505 0.4000000000000001
    vertex 0.1278174157018675 0.588737828116875 0.4000000000000001
    vertex 0.1848649906481544 0.6468305492500881 0.4000000000000001
  endloop
endfacet
facet normal 0 0 1
  outer loop
    vertex -0.03857394484067254 0.6838616968703417 0.4000000000000001
    vertex -0.1201029959552818 0.686028083259089 0.4000000000000001
    vertex -0.09926114857696344 0.6205746717566966 0.4000000000000001
  endloop
endfacet
facet normal -0 0 1
  outer loop
    vertex 0.1437693036558728 -0.3873341985638095 0.4000000000000001
    vertex 0.2077934111437328 -0.4614310325721521 0.4000000000000001
    vertex 0.2249876732965273 -0.3775069890103713 0.4000000000000001
  endloop
endfacet
facet normal 0 0 1
  outer loop
    vertex 0.2241897898274912 0.5722898019014664 0.4000000000000001
    vertex 0.2244881269819111 0.4913119027934937 0.4000000000000001
    vertex 0.2897991746386444 0.5193038341754804 0.4000000000000001
  endloop
endfacet
facet normal -0 0 1
  outer loop
    vertex 0.2244881269819111 0.4913119027934937 0.4000000000000001
    vertex 0.2863376612164109 0.4336495533631293 0.4000000000000001
    vertex 0.2897991746386444 0.5193038341754804 0.4000000000000001
  endloop
endfacet
facet normal 0 0 1
  outer loop
    vertex 0.1136171726389728 0.6753348846295505 0.4000000000000001
    vertex 0.04208498709025324 0.7077875201281748 0.4000000000000001
    vertex 0.03972361843371698 0.6293862581397823 0.4000000000000001
  endloop
endfacet
facet normal 0 0 1
  outer loop
    vertex 0.2863376612164109 0.4336495533631293 0.4000000000000001
    vertex 0.2244881269819111 0.4913119027934937 0.4000000000000001
    vertex 0.2057865230491623 0.4244443924738187 0.4000000000000001
  endloop
endfacet
facet normal 0 -0 1
  outer loop
    vertex 0.1194389943611393 -0.6883512368131195 0.4000000000000001
    vertex 0.1846219514476651 -0.6408522461044978 0.4000000000000001
    vertex 0.09708727762361616 -0.6039414293916627 0.4000000000000001
  endloop
endfacet
facet normal 0 0 1
  outer loop
    vertex -0.1201029959552818 0.686028083259089 0.4000000000000001
    vertex -0.1763249507939177 0.6204819376318588 0.4000000000000001
    vertex -0.09926114857696344 0.6205746717566966 0.4000000000000001
  endloop
endfacet
facet normal 0 -0 1
  outer loop
    vertex 0.1846219514476651 -0.6408522461044978 0.4000000000000001
    vertex 0.2474771344773121 -0.595311924215071 0.4000000000000001
    vertex 0.1818103730701827 -0.5575036484793945 0.4000000000000001
  endloop
endfacet
endsolid Created by Gmsh
