0.000000000000000e+00 0.000000000000000e+00 1.000000000000000e+00 0.000000000000000e+00 0.000000000000000e+00 0.000000000000000e+00 0.000000000000000e+00 0.000000000000000e+00 0.000000000000000e+00 0.000000000000000e+00 0.000000000000000e+00 0.000000000000000e+00 
5.000000000000000e-03 0.000000000000000e+00 9.998773750000000e-01 5.000000000000000e-04 0.000000000000000e+00 0.000000000000000e+00 9.998773750000000e-01 -5.000000000000000e-05 -4.905000000000000e-02 -1.000000000000000e-02 0.000000000000000e+00 0.000000000000000e+00 
1.000000000000000e-02 0.000000000000000e+00 9.995094999999999e-01 1.000000000000000e-03 0.000000000000000e+00 0.000000000000000e+00 9.995094999999999e-01 -1.000000000000000e-04 -9.810000000000001e-02 -1.000000000000000e-02 0.000000000000000e+00 0.000000000000000e+00 
1.500000000000000e-02 0.000000000000000e+00 9.988963749999999e-01 1.500000000000000e-03 0.000000000000000e+00 0.000000000000000e+00 9.988963749999999e-01 -1.500000000000000e-04 -1.471500000000000e-01 -1.000000000000000e-02 0.000000000000000e+00 0.000000000000000e+00 
2.000000000000000e-02 0.000000000000000e+00 9.980380000000000e-01 2.000000000000000e-03 0.000000000000000e+00 0.000000000000000e+00 9.980380000000000e-01 -2.000000000000000e-04 -1.962000000000000e-01 -1.000000000000000e-02 0.000000000000000e+00 0.000000000000000e+00 
2.500000000000000e-02 0.000000000000000e+00 9.969343749999999e-01 2.500000000000000e-03 0.000000000000000e+00 0.000000000000000e+00 9.969343749999999e-01 -2.500000000000000e-04 -2.452500000000000e-01 -1.000000000000000e-02 0.000000000000000e+00 0.000000000000000e+00 
3.000000000000000e-02 0.000000000000000e+00 9.955854999999999e-01 3.000000000000000e-03 0.000000000000000e+00 0.000000000000000e+00 9.955854999999999e-01 -3.000000000000000e-04 -2.943000000000000e-01 -1.000000000000000e-02 0.000000000000000e+00 0.000000000000000e+00 
3.500000000000000e-02 0.000000000000000e+00 9.939913749999999e-01 3.500000000000001e-03 0.000000000000000e+00 0.000000000000000e+00 9.939913749999999e-01 -3.500000000000001e-04 -3.433500000000000e-01 -1.000000000000000e-02 0.000000000000000e+00 0.000000000000000e+00 
4.000000000000000e-02 0.000000000000000e+00 9.921519999999999e-01 4.000000000000000e-03 0.000000000000000e+00 0.000000000000000e+00 9.921519999999999e-01 -4.000000000000000e-04 -3.924000000000000e-01 -1.000000000000000e-02 0.000000000000000e+00 0.000000000000000e+00 
4.500000000000000e-02 0.000000000000000e+00 9.900673750000000e-01 4.500000000000000e-03 0.000000000000000e+00 0.000000000000000e+00 9.900673750000000e-01 -4.500000000000000e-04 -4.414500000000000e-01 -1.000000000000000e-02 0.000000000000000e+00 0.000000000000000e+00 
5.000000000000000e-02 0.000000000000000e+00 9.877374999999999e-01 5.000000000000000e-03 0.000000000000000e+00 0.000000000000000e+00 9.877374999999999e-01 -5.000000000000000e-04 -4.905000000000000e-01 -1.000000000000000e-02 0.000000000000000e+00 0.000000000000000e+00 
5.500000000000000e-02 0.000000000000000e+00 9.851623749999999e-01 5.500000000000000e-03 0.000000000000000e+00 0.000000000000000e+00 9.851623749999999e-01 -5.500000000000000e-04 -5.395500000000000e-01 -1.000000000000000e-02 0.000000000000000e+00 0.000000000000000e+00 
6.000000000000000e-02 0.000000000000000e+00 9.823419999999999e-01 5.999999999999999e-03 0.000000000000000e+00 0.000000000000000e+00 9.823419999999999e-01 -5.999999999999999e-04 -5.885999999999999e-01 -1.000000000000000e-02 0.000000000000000e+00 0.000000000000000e+00 
6.500000000000000e-02 0.000000000000000e+00 9.792763750000000e-01 6.500000000000000e-03 0.000000000000000e+00 0.000000000000000e+00 9.792763750000000e-01 -6.500000000000000e-04 -6.376499999999999e-01 -1.000000000000000e-02 0.000000000000000e+00 0.000000000000000e+00 
7.000000000000001e-02 0.000000000000000e+00 9.759654999999999e-01 7.000000000000000e-03 0.000000000000000e+00 0.000000000000000e+00 9.759654999999999e-01 -7.000000000000001e-04 -6.867000000000000e-01 -1.000000000000000e-02 0.000000000000000e+00 0.000000000000000e+00 
7.500000000000000e-02 0.000000000000000e+00 9.724093749999999e-01 7.499999999999999e-03 0.000000000000000e+00 0.000000000000000e+00 9.724093749999999e-01 -7.499999999999999e-04 -7.357499999999999e-01 -1.000000000000000e-02 0.000000000000000e+00 0.000000000000000e+00 
8.000000000000000e-02 0.000000000000000e+00 9.686079999999999e-01 8.000000000000000e-03 0.000000000000000e+00 0.000000000000000e+00 9.686079999999999e-01 -8.000000000000000e-04 -7.847999999999999e-01 -1.000000000000000e-02 0.000000000000000e+00 0.000000000000000e+00 
8.500000000000001e-02 0.000000000000000e+00 9.645613749999999e-01 8.500000000000001e-03 0.000000000000000e+00 0.000000000000000e+00 9.645613749999999e-01 -8.500000000000001e-04 -8.338500000000000e-01 -1.000000000000000e-02 0.000000000000000e+00 0.000000000000000e+00 
9.000000000000000e-02 0.000000000000000e+00 9.602695000000000e-01 8.999999999999999e-03 0.000000000000000e+00 0.000000000000000e+00 9.602695000000000e-01 -9.000000000000000e-04 -8.828999999999999e-01 -1.000000000000000e-02 0.000000000000000e+00 0.000000000000000e+00 
9.500000000000000e-02 0.000000000000000e+00 9.557323750000000e-01 9.500000000000000e-03 0.000000000000000e+00 0.000000000000000e+00 9.557323750000000e-01 -9.500000000000000e-04 -9.319499999999999e-01 -1.000000000000000e-02 0.000000000000000e+00 0.000000000000000e+00 
1.000000000000000e-01 0.000000000000000e+00 9.509500000000000e-01 1.000000000000000e-02 0.000000000000000e+00 0.000000000000000e+00 9.509500000000000e-01 -1.000000000000000e-03 -9.810000000000000e-01 -1.000000000000000e-02 0.000000000000000e+00 0.000000000000000e+00 
1.050000000000000e-01 0.000000000000000e+00 9.459223750000000e-01 1.050000000000000e-02 0.000000000000000e+00 0.000000000000000e+00 9.459223750000000e-01 -1.050000000000000e-03 -1.030050000000000e+00 -1.000000000000000e-02 0.000000000000000e+00 0.000000000000000e+00 
1.100000000000000e-01 0.000000000000000e+00 9.406495000000000e-01 1.100000000000000e-02 0.000000000000000e+00 0.000000000000000e+00 9.406495000000000e-01 -1.100000000000000e-03 -1.079100000000000e+00 -1.000000000000000e-02 0.000000000000000e+00 0.000000000000000e+00 
1.150000000000000e-01 0.000000000000000e+00 9.351313750000000e-01 1.150000000000000e-02 0.000000000000000e+00 0.000000000000000e+00 9.351313750000000e-01 -1.150000000000000e-03 -1.128150000000000e+00 -1.000000000000000e-02 0.000000000000000e+00 0.000000000000000e+00 
1.200000000000000e-01 0.000000000000000e+00 9.293680000000000e-01 1.200000000000000e-02 0.000000000000000e+00 0.000000000000000e+00 9.293680000000000e-01 -1.200000000000000e-03 -1.177200000000000e+00 -1.000000000000000e-02 0.000000000000000e+00 0.000000000000000e+00 
1.250000000000000e-01 0.000000000000000e+00 9.233593750000000e-01 1.250000000000000e-02 0.000000000000000e+00 0.000000000000000e+00 9.233593750000000e-01 -1.250000000000000e-03 -1.226250000000000e+00 -1.000000000000000e-02 0.000000000000000e+00 0.000000000000000e+00 
1.300000000000000e-01 0.000000000000000e+00 9.171055000000000e-01 1.300000000000000e-02 0.000000000000000e+00 0.000000000000000e+00 9.171055000000000e-01 -1.300000000000000e-03 -1.275300000000000e+00 -1.000000000000000e-02 0.000000000000000e+00 0.000000000000000e+00 
1.350000000000000e-01 0.000000000000000e+00 9.106063750000000e-01 1.350000000000000e-02 0.000000000000000e+00 0.000000000000000e+00 9.106063750000000e-01 -1.350000000000000e-03 -1.324350000000000e+00 -1.000000000000000e-02 0.000000000000000e+00 0.000000000000000e+00 
1.400000000000000e-01 0.000000000000000e+00 9.038619999999999e-01 1.400000000000000e-02 0.000000000000000e+00 0.000000000000000e+00 9.038619999999999e-01 -1.400000000000000e-03 -1.373400000000000e+00 -1.000000000000000e-02 0.000000000000000e+00 0.000000000000000e+00 
1.450000000000000e-01 0.000000000000000e+00 8.968723749999999e-01 1.450000000000000e-02 0.000000000000000e+00 0.000000000000000e+00 8.968723749999999e-01 -1.450000000000000e-03 -1.422450000000000e+00 -1.000000000000000e-02 0.000000000000000e+00 0.000000000000000e+00 
1.500000000000000e-01 0.000000000000000e+00 8.896375000000000e-01 1.500000000000000e-02 0.000000000000000e+00 0.000000000000000e+00 8.896375000000000e-01 -1.500000000000000e-03 -1.471500000000000e+00 -1.000000000000000e-02 0.000000000000000e+00 0.000000000000000e+00 
1.550000000000000e-01 0.000000000000000e+00 8.821573749999999e-01 1.550000000000000e-02 0.000000000000000e+00 0.000000000000000e+00 8.821573749999999e-01 -1.550000000000000e-03 -1.520550000000000e+00 -1.000000000000000e-02 0.000000000000000e+00 0.000000000000000e+00 
1.600000000000000e-01 0.000000000000000e+00 8.744319999999999e-01 1.600000000000000e-02 0.000000000000000e+00 0.000000000000000e+00 8.744319999999999e-01 -1.600000000000000e-03 -1.569600000000000e+00 -1.000000000000000e-02 0.000000000000000e+00 0.000000000000000e+00 
1.650000000000000e-01 0.000000000000000e+00 8.664613749999999e-01 1.650000000000000e-02 0.000000000000000e+00 0.000000000000000e+00 8.664613749999999e-01 -1.650000000000000e-03 -1.618650000000000e+00 -1.000000000000000e-02 0.000000000000000e+00 0.000000000000000e+00 
1.700000000000000e-01 0.000000000000000e+00 8.582454999999999e-01 1.700000000000000e-02 0.000000000000000e+00 0.000000000000000e+00 8.582454999999999e-01 -1.700000000000000e-03 -1.667700000000000e+00 -1.000000000000000e-02 0.000000000000000e+00 0.000000000000000e+00 
1.750000000000000e-01 0.000000000000000e+00 8.497843749999999e-01 1.750000000000000e-02 0.000000000000000e+00 0.000000000000000e+00 8.497843749999999e-01 -1.750000000000000e-03 -1.716750000000000e+00 -1.000000000000000e-02 0.000000000000000e+00 0.000000000000000e+00 
1.800000000000000e-01 0.000000000000000e+00 8.410780000000000e-01 1.800000000000000e-02 0.000000000000000e+00 0.000000000000000e+00 8.410780000000000e-01 -1.800000000000000e-03 -1.765800000000000e+00 -1.000000000000000e-02 0.000000000000000e+00 0.000000000000000e+00 
1.850000000000000e-01 0.000000000000000e+00 8.321263750000000e-01 1.850000000000000e-02 0.000000000000000e+00 0.000000000000000e+00 8.321263750000000e-01 -1.850000000000000e-03 -1.814850000000000e+00 -1.000000000000000e-02 0.000000000000000e+00 0.000000000000000e+00 
1.900000000000000e-01 0.000000000000000e+00 8.229295000000000e-01 1.900000000000000e-02 0.000000000000000e+00 0.000000000000000e+00 8.229295000000000e-01 -1.900000000000000e-03 -1.863900000000000e+00 -1.000000000000000e-02 0.000000000000000e+00 0.000000000000000e+00 
1.950000000000000e-01 0.000000000000000e+00 8.134873750000000e-01 1.950000000000000e-02 0.000000000000000e+00 0.000000000000000e+00 8.134873750000000e-01 -1.950000000000000e-03 -1.912950000000000e+00 -1.000000000000000e-02 0.000000000000000e+00 0.000000000000000e+00 
2.000000000000000e-01 0.000000000000000e+00 8.038000000000000e-01 2.000000000000000e-02 0.000000000000000e+00 0.000000000000000e+00 8.038000000000000e-01 -2.000000000000000e-03 -1.962000000000000e+00 -1.000000000000000e-02 0.000000000000000e+00 0.000000000000000e+00 
2.050000000000000e-01 0.000000000000000e+00 7.938673749999999e-01 2.050000000000000e-02 0.000000000000000e+00 0.000000000000000e+00 7.938673749999999e-01 -2.050000000000000e-03 -2.011050000000000e+00 -1.000000000000000e-02 0.000000000000000e+00 0.000000000000000e+00 
2.100000000000000e-01 0.000000000000000e+00 7.836894999999999e-01 2.100000000000000e-02 0.000000000000000e+00 0.000000000000000e+00 7.836894999999999e-01 -2.100000000000000e-03 -2.060100000000000e+00 -1.000000000000000e-02 0.000000000000000e+00 0.000000000000000e+00 
2.150000000000000e-01 0.000000000000000e+00 7.732663750000000e-01 2.150000000000000e-02 0.000000000000000e+00 0.000000000000000e+00 7.732663750000000e-01 -2.150000000000000e-03 -2.109150000000000e+00 -1.000000000000000e-02 0.000000000000000e+00 0.000000000000000e+00 
2.200000000000000e-01 0.000000000000000e+00 7.625979999999999e-01 2.200000000000000e-02 0.000000000000000e+00 0.000000000000000e+00 7.625979999999999e-01 -2.200000000000000e-03 -2.158200000000000e+00 -1.000000000000000e-02 0.000000000000000e+00 0.000000000000000e+00 
2.250000000000000e-01 0.000000000000000e+00 7.516843749999998e-01 2.250000000000000e-02 0.000000000000000e+00 0.000000000000000e+00 7.516843749999998e-01 -2.250000000000000e-03 -2.207250000000001e+00 -1.000000000000000e-02 0.000000000000000e+00 0.000000000000000e+00 
2.300000000000000e-01 0.000000000000000e+00 7.405254999999998e-01 2.300000000000000e-02 0.000000000000000e+00 0.000000000000000e+00 7.405254999999998e-01 -2.300000000000000e-03 -2.256300000000001e+00 -1.000000000000000e-02 0.000000000000000e+00 0.000000000000000e+00 
2.350000000000000e-01 0.000000000000000e+00 7.291213749999998e-01 2.350000000000000e-02 0.000000000000000e+00 0.000000000000000e+00 7.291213749999998e-01 -2.350000000000000e-03 -2.305350000000001e+00 -1.000000000000000e-02 0.000000000000000e+00 0.000000000000000e+00 
2.400000000000000e-01 0.000000000000000e+00 7.174719999999999e-01 2.400000000000000e-02 0.000000000000000e+00 0.000000000000000e+00 7.174719999999999e-01 -2.400000000000000e-03 -2.354400000000001e+00 -1.000000000000000e-02 0.000000000000000e+00 0.000000000000000e+00 
2.450000000000000e-01 0.000000000000000e+00 7.055773749999998e-01 2.450000000000000e-02 0.000000000000000e+00 0.000000000000000e+00 7.055773749999998e-01 -2.450000000000000e-03 -2.403450000000001e+00 -1.000000000000000e-02 0.000000000000000e+00 0.000000000000000e+00 
2.500000000000000e-01 0.000000000000000e+00 6.934374999999998e-01 2.500000000000000e-02 0.000000000000000e+00 0.000000000000000e+00 6.934374999999998e-01 -2.500000000000000e-03 -2.452500000000001e+00 -1.000000000000000e-02 0.000000000000000e+00 0.000000000000000e+00 
2.550000000000000e-01 0.000000000000000e+00 6.810523749999998e-01 2.550000000000000e-02 0.000000000000000e+00 0.000000000000000e+00 6.810523749999998e-01 -2.550000000000000e-03 -2.501550000000002e+00 -1.000000000000000e-02 0.000000000000000e+00 0.000000000000000e+00 
2.600000000000000e-01 0.000000000000000e+00 6.684219999999998e-01 2.600000000000000e-02 0.000000000000000e+00 0.000000000000000e+00 6.684219999999998e-01 -2.600000000000000e-03 -2.550600000000002e+00 -1.000000000000000e-02 0.000000000000000e+00 0.000000000000000e+00 
2.650000000000000e-01 0.000000000000000e+00 6.555463749999998e-01 2.650000000000000e-02 0.000000000000000e+00 0.000000000000000e+00 6.555463749999998e-01 -2.650000000000000e-03 -2.599650000000002e+00 -1.000000000000000e-02 0.000000000000000e+00 0.000000000000000e+00 
2.700000000000000e-01 0.000000000000000e+00 6.424254999999998e-01 2.700000000000000e-02 0.000000000000000e+00 0.000000000000000e+00 6.424254999999998e-01 -2.700000000000000e-03 -2.648700000000002e+00 -1.000000000000000e-02 0.000000000000000e+00 0.000000000000000e+00 
2.750000000000000e-01 0.000000000000000e+00 6.290593749999998e-01 2.750000000000000e-02 0.000000000000000e+00 0.000000000000000e+00 6.290593749999998e-01 -2.750000000000000e-03 -2.697750000000003e+00 -1.000000000000000e-02 0.000000000000000e+00 0.000000000000000e+00 
2.800000000000000e-01 0.000000000000000e+00 6.154479999999998e-01 2.800000000000000e-02 0.000000000000000e+00 0.000000000000000e+00 6.154479999999998e-01 -2.800000000000000e-03 -2.746800000000003e+00 -1.000000000000000e-02 0.000000000000000e+00 0.000000000000000e+00 
2.850000000000000e-01 0.000000000000000e+00 6.015913749999997e-01 2.850000000000000e-02 0.000000000000000e+00 0.000000000000000e+00 6.015913749999997e-01 -2.850000000000000e-03 -2.795850000000003e+00 -1.000000000000000e-02 0.000000000000000e+00 0.000000000000000e+00 
2.900000000000000e-01 0.000000000000000e+00 5.874894999999999e-01 2.899999999999999e-02 0.000000000000000e+00 0.000000000000000e+00 5.874894999999999e-01 -2.900000000000000e-03 -2.844900000000003e+00 -1.000000000000000e-02 0.000000000000000e+00 0.000000000000000e+00 
2.950000000000000e-01 0.000000000000000e+00 5.731423749999999e-01 2.949999999999999e-02 0.000000000000000e+00 0.000000000000000e+00 5.731423749999999e-01 -2.949999999999999e-03 -2.893950000000003e+00 -1.000000000000000e-02 0.000000000000000e+00 0.000000000000000e+00 
3.000000000000000e-01 0.000000000000000e+00 5.585499999999999e-01 3.000000000000000e-02 0.000000000000000e+00 0.000000000000000e+00 5.585499999999999e-01 -3.000000000000000e-03 -2.943000000000003e+00 -1.000000000000000e-02 0.000000000000000e+00 0.000000000000000e+00 
3.050000000000000e-01 0.000000000000000e+00 5.437123749999998e-01 3.050000000000000e-02 0.000000000000000e+00 0.000000000000000e+00 5.437123749999998e-01 -3.050000000000000e-03 -2.992050000000003e+00 -1.000000000000000e-02 0.000000000000000e+00 0.000000000000000e+00 
3.100000000000000e-01 0.000000000000000e+00 5.286294999999998e-01 3.100000000000000e-02 0.000000000000000e+00 0.000000000000000e+00 5.286294999999998e-01 -3.100000000000000e-03 -3.041100000000004e+00 -1.000000000000000e-02 0.000000000000000e+00 0.000000000000000e+00 
3.150000000000000e-01 0.000000000000000e+00 5.133013749999997e-01 3.150000000000000e-02 0.000000000000000e+00 0.000000000000000e+00 5.133013749999997e-01 -3.150000000000000e-03 -3.090150000000004e+00 -1.000000000000000e-02 0.000000000000000e+00 0.000000000000000e+00 
3.200000000000000e-01 0.000000000000000e+00 4.977279999999997e-01 3.200000000000000e-02 0.000000000000000e+00 0.000000000000000e+00 4.977279999999997e-01 -3.200000000000000e-03 -3.139200000000004e+00 -1.000000000000000e-02 0.000000000000000e+00 0.000000000000000e+00 
3.250000000000000e-01 0.000000000000000e+00 4.819093749999996e-01 3.250000000000000e-02 0.000000000000000e+00 0.000000000000000e+00 4.819093749999996e-01 -3.250000000000000e-03 -3.188250000000004e+00 -1.000000000000000e-02 0.000000000000000e+00 0.000000000000000e+00 
3.300000000000000e-01 0.000000000000000e+00 4.658454999999996e-01 3.300000000000000e-02 0.000000000000000e+00 0.000000000000000e+00 4.658454999999996e-01 -3.300000000000000e-03 -3.237300000000005e+00 -1.000000000000000e-02 0.000000000000000e+00 0.000000000000000e+00 
3.350000000000000e-01 0.000000000000000e+00 4.495363749999995e-01 3.350000000000000e-02 0.000000000000000e+00 0.000000000000000e+00 4.495363749999995e-01 -3.350000000000001e-03 -3.286350000000005e+00 -1.000000000000000e-02 0.000000000000000e+00 0.000000000000000e+00 
3.400000000000000e-01 0.000000000000000e+00 4.329819999999995e-01 3.400000000000000e-02 0.000000000000000e+00 0.000000000000000e+00 4.329819999999995e-01 -3.400000000000000e-03 -3.335400000000005e+00 -1.000000000000000e-02 0.000000000000000e+00 0.000000000000000e+00 
3.450000000000000e-01 0.000000000000000e+00 4.161823749999994e-01 3.450000000000000e-02 0.000000000000000e+00 0.000000000000000e+00 4.161823749999994e-01 -3.450000000000000e-03 -3.384450000000006e+00 -1.000000000000000e-02 0.000000000000000e+00 0.000000000000000e+00 
3.500000000000000e-01 0.000000000000000e+00 3.991374999999994e-01 3.500000000000000e-02 0.000000000000000e+00 0.000000000000000e+00 3.991374999999994e-01 -3.500000000000001e-03 -3.433500000000006e+00 -1.000000000000000e-02 0.000000000000000e+00 0.000000000000000e+00 
3.550000000000000e-01 0.000000000000000e+00 3.818473749999995e-01 3.550000000000000e-02 0.000000000000000e+00 0.000000000000000e+00 3.818473749999995e-01 -3.550000000000000e-03 -3.482550000000005e+00 -1.000000000000000e-02 0.000000000000000e+00 0.000000000000000e+00 
3.600000000000000e-01 0.000000000000000e+00 3.643119999999995e-01 3.600000000000000e-02 0.000000000000000e+00 0.000000000000000e+00 3.643119999999995e-01 -3.600000000000000e-03 -3.531600000000005e+00 -1.000000000000000e-02 0.000000000000000e+00 0.000000000000000e+00 
3.650000000000000e-01 0.000000000000000e+00 3.465313749999995e-01 3.650000000000000e-02 0.000000000000000e+00 0.000000000000000e+00 3.465313749999995e-01 -3.650000000000000e-03 -3.580650000000006e+00 -1.000000000000000e-02 0.000000000000000e+00 0.000000000000000e+00 
3.700000000000000e-01 0.000000000000000e+00 3.285054999999995e-01 3.700000000000000e-02 0.000000000000000e+00 0.000000000000000e+00 3.285054999999995e-01 -3.700000000000000e-03 -3.629700000000006e+00 -1.000000000000000e-02 0.000000000000000e+00 0.000000000000000e+00 
3.750000000000000e-01 0.000000000000000e+00 3.102343749999994e-01 3.750000000000000e-02 0.000000000000000e+00 0.000000000000000e+00 3.102343749999994e-01 -3.750000000000000e-03 -3.678750000000006e+00 -1.000000000000000e-02 0.000000000000000e+00 0.000000000000000e+00 
3.800000000000000e-01 0.000000000000000e+00 2.917179999999994e-01 3.800000000000000e-02 0.000000000000000e+00 0.000000000000000e+00 2.917179999999994e-01 -3.800000000000000e-03 -3.727800000000006e+00 -1.000000000000000e-02 0.000000000000000e+00 0.000000000000000e+00 
3.850000000000000e-01 0.000000000000000e+00 2.729563749999993e-01 3.850000000000000e-02 0.000000000000000e+00 0.000000000000000e+00 2.729563749999993e-01 -3.850000000000000e-03 -3.776850000000007e+00 -1.000000000000000e-02 0.000000000000000e+00 0.000000000000000e+00 
3.900000000000000e-01 0.000000000000000e+00 2.539494999999993e-01 3.900000000000000e-02 0.000000000000000e+00 0.000000000000000e+00 2.539494999999993e-01 -3.900000000000000e-03 -3.825900000000007e+00 -1.000000000000000e-02 0.000000000000000e+00 0.000000000000000e+00 
3.950000000000000e-01 0.000000000000000e+00 2.346973749999992e-01 3.950000000000000e-02 0.000000000000000e+00 0.000000000000000e+00 2.346973749999992e-01 -3.950000000000000e-03 -3.874950000000007e+00 -1.000000000000000e-02 0.000000000000000e+00 0.000000000000000e+00 
4.000000000000000e-01 0.000000000000000e+00 2.151999999999992e-01 4.000000000000000e-02 0.000000000000000e+00 0.000000000000000e+00 2.151999999999992e-01 -4.000000000000000e-03 -3.924000000000007e+00 -1.000000000000000e-02 0.000000000000000e+00 0.000000000000000e+00 
4.050000000000000e-01 0.000000000000000e+00 1.954573749999991e-01 4.050000000000000e-02 0.000000000000000e+00 0.000000000000000e+00 1.954573749999991e-01 -4.050000000000001e-03 -3.973050000000008e+00 -1.000000000000000e-02 0.000000000000000e+00 0.000000000000000e+00 
4.100000000000000e-01 0.000000000000000e+00 1.754694999999991e-01 4.100000000000000e-02 0.000000000000000e+00 0.000000000000000e+00 1.754694999999991e-01 -4.100000000000000e-03 -4.022100000000008e+00 -1.000000000000000e-02 0.000000000000000e+00 0.000000000000000e+00 
4.150000000000000e-01 0.000000000000000e+00 1.552363749999990e-01 4.150000000000000e-02 0.000000000000000e+00 0.000000000000000e+00 1.552363749999990e-01 -4.150000000000000e-03 -4.071150000000008e+00 -1.000000000000000e-02 0.000000000000000e+00 0.000000000000000e+00 
4.200000000000000e-01 0.000000000000000e+00 1.347579999999992e-01 4.200000000000000e-02 0.000000000000000e+00 0.000000000000000e+00 1.347579999999992e-01 -4.200000000000000e-03 -4.120200000000008e+00 -1.000000000000000e-02 0.000000000000000e+00 0.000000000000000e+00 
4.250000000000000e-01 0.000000000000000e+00 1.140343749999991e-01 4.250000000000000e-02 0.000000000000000e+00 0.000000000000000e+00 1.140343749999991e-01 -4.249999999999999e-03 -4.169250000000008e+00 -1.000000000000000e-02 0.000000000000000e+00 0.000000000000000e+00 
4.300000000000000e-01 0.000000000000000e+00 9.306549999999905e-02 4.300000000000000e-02 0.000000000000000e+00 0.000000000000000e+00 9.306549999999905e-02 -4.300000000000000e-03 -4.218300000000008e+00 -1.000000000000000e-02 0.000000000000000e+00 0.000000000000000e+00 
4.350000000000000e-01 0.000000000000000e+00 7.185137499999900e-02 4.350000000000000e-02 0.000000000000000e+00 0.000000000000000e+00 7.185137499999900e-02 -4.350000000000000e-03 -4.267350000000008e+00 -1.000000000000000e-02 0.000000000000000e+00 0.000000000000000e+00 
4.400000000000000e-01 0.000000000000000e+00 5.039199999999894e-02 4.400000000000000e-02 0.000000000000000e+00 0.000000000000000e+00 5.039199999999894e-02 -4.400000000000000e-03 -4.316400000000009e+00 -1.000000000000000e-02 0.000000000000000e+00 0.000000000000000e+00 
4.450000000000000e-01 0.000000000000000e+00 2.868737499999887e-02 4.450000000000000e-02 0.000000000000000e+00 0.000000000000000e+00 2.868737499999887e-02 -4.450000000000000e-03 -4.365450000000009e+00 -1.000000000000000e-02 0.000000000000000e+00 0.000000000000000e+00 
4.500000000000000e-01 0.000000000000000e+00 6.737499999998810e-03 4.500000000000000e-02 0.000000000000000e+00 0.000000000000000e+00 6.737499999998810e-03 -4.500000000000000e-03 -4.414500000000009e+00 -1.000000000000000e-02 0.000000000000000e+00 0.000000000000000e+00 
4.550000000000000e-01 -1.428571428571430e-05 5.633874999998808e-03 4.514285714285714e-02 -5.714285714285715e-03 -5.714285714285715e-03 5.633874999998808e-03 -4.500000000000001e-03 3.973050000000009e+00 9.999999999999998e-03 8.436600000000018e+00 5.714285714285715e-03 
4.600000000000000e-01 -4.285714285714290e-05 2.537649999999887e-02 4.492857142857143e-02 -5.714285714285715e-03 0.000000000000000e+00 2.537649999999887e-02 -4.450000000000000e-03 3.924000000000008e+00 9.999999999999998e-03 0.000000000000000e+00 0.000000000000000e+00 
4.650000000000000e-01 -7.142857142857150e-05 4.487387499999893e-02 4.471428571428571e-02 -5.714285714285715e-03 0.000000000000000e+00 4.487387499999893e-02 -4.400000000000000e-03 3.874950000000008e+00 9.999999999999998e-03 0.000000000000000e+00 0.000000000000000e+00 
4.700000000000000e-01 -1.000000000000001e-04 6.412599999999899e-02 4.450000000000000e-02 -5.714285714285715e-03 0.000000000000000e+00 6.412599999999899e-02 -4.350000000000000e-03 3.825900000000008e+00 9.999999999999998e-03 0.000000000000000e+00 0.000000000000000e+00 
4.750000000000000e-01 -1.285714285714287e-04 8.313287499999905e-02 4.428571428571428e-02 -5.714285714285715e-03 0.000000000000000e+00 8.313287499999905e-02 -4.300000000000000e-03 3.776850000000008e+00 9.999999999999998e-03 0.000000000000000e+00 0.000000000000000e+00 
4.800000000000000e-01 -1.571428571428570e-04 1.018944999999989e-01 4.407142857142857e-02 -5.714285714285715e-03 0.000000000000000e+00 1.018944999999989e-01 -4.250000000000000e-03 3.727800000000008e+00 9.999999999999998e-03 0.000000000000000e+00 0.000000000000000e+00 
4.850000000000000e-01 -1.857142857142856e-04 1.204108749999990e-01 4.385714285714285e-02 -5.714285714285715e-03 0.000000000000000e+00 1.204108749999990e-01 -4.200000000000000e-03 3.678750000000008e+00 9.999999999999998e-03 0.000000000000000e+00 0.000000000000000e+00 
4.900000000000000e-01 -2.142857142857142e-04 1.386819999999990e-01 4.364285714285714e-02 -5.714285714285715e-03 0.000000000000000e+00 1.386819999999990e-01 -4.149999999999999e-03 3.629700000000008e+00 9.999999999999998e-03 0.000000000000000e+00 0.000000000000000e+00 
4.950000000000000e-01 -2.428571428571428e-04 1.567078749999991e-01 4.342857142857142e-02 -5.714285714285715e-03 0.000000000000000e+00 1.567078749999991e-01 -4.099999999999999e-03 3.580650000000007e+00 9.999999999999998e-03 0.000000000000000e+00 0.000000000000000e+00 
5.000000000000000e-01 -2.714285714285714e-04 1.744884999999991e-01 4.321428571428571e-02 -5.714285714285715e-03 0.000000000000000e+00 1.744884999999991e-01 -4.049999999999999e-03 3.531600000000007e+00 9.999999999999998e-03 0.000000000000000e+00 0.000000000000000e+00 
5.050000000000000e-01 -3.000000000000000e-04 1.920238749999992e-01 4.299999999999999e-02 -5.714285714285715e-03 0.000000000000000e+00 1.920238749999992e-01 -3.999999999999999e-03 3.482550000000007e+00 9.999999999999998e-03 0.000000000000000e+00 0.000000000000000e+00 
5.100000000000000e-01 -3.285714285714286e-04 2.093139999999992e-01 4.278571428571427e-02 -5.714285714285715e-03 0.000000000000000e+00 2.093139999999992e-01 -3.949999999999999e-03 3.433500000000007e+00 9.999999999999998e-03 0.000000000000000e+00 0.000000000000000e+00 
5.150000000000000e-01 -3.571428571428572e-04 2.263588749999993e-01 4.257142857142856e-02 -5.714285714285715e-03 0.000000000000000e+00 2.263588749999993e-01 -3.899999999999999e-03 3.384450000000006e+00 9.999999999999998e-03 0.000000000000000e+00 0.000000000000000e+00 
5.200000000000000e-01 -3.857142857142858e-04 2.431584999999993e-01 4.235714285714284e-02 -5.714285714285715e-03 0.000000000000000e+00 2.431584999999993e-01 -3.849999999999999e-03 3.335400000000006e+00 9.999999999999998e-03 0.000000000000000e+00 0.000000000000000e+00 
5.250000000000000e-01 -4.142857142857144e-04 2.597128749999993e-01 4.214285714285713e-02 -5.714285714285715e-03 0.000000000000000e+00 2.597128749999993e-01 -3.799999999999999e-03 3.286350000000006e+00 9.999999999999998e-03 0.000000000000000e+00 0.000000000000000e+00 
5.300000000000000e-01 -4.428571428571430e-04 2.760219999999994e-01 4.192857142857141e-02 -5.714285714285715e-03 0.000000000000000e+00 2.760219999999994e-01 -3.749999999999999e-03 3.237300000000006e+00 9.999999999999998e-03 0.000000000000000e+00 0.000000000000000e+00 
5.350000000000000e-01 -4.714285714285715e-04 2.920858749999994e-01 4.171428571428570e-02 -5.714285714285715e-03 0.000000000000000e+00 2.920858749999994e-01 -3.699999999999998e-03 3.188250000000005e+00 9.999999999999998e-03 0.000000000000000e+00 0.000000000000000e+00 
5.400000000000000e-01 -5.000000000000001e-04 3.079044999999995e-01 4.149999999999998e-02 -5.714285714285715e-03 0.000000000000000e+00 3.079044999999995e-01 -3.649999999999998e-03 3.139200000000005e+00 9.999999999999998e-03 0.000000000000000e+00 0.000000000000000e+00 
5.450000000000000e-01 -5.285714285714287e-04 3.234778749999995e-01 4.128571428571427e-02 -5.714285714285715e-03 0.000000000000000e+00 3.234778749999995e-01 -3.599999999999998e-03 3.090150000000005e+00 9.999999999999998e-03 0.000000000000000e+00 0.000000000000000e+00 
5.500000000000000e-01 -5.571428571428573e-04 3.388059999999996e-01 4.107142857142855e-02 -5.714285714285715e-03 0.000000000000000e+00 3.388059999999996e-01 -3.549999999999998e-03 3.041100000000005e+00 9.999999999999998e-03 0.000000000000000e+00 0.000000000000000e+00 
5.550000000000000e-01 -5.857142857142859e-04 3.538888749999996e-01 4.085714285714283e-02 -5.714285714285715e-03 0.000000000000000e+00 3.538888749999996e-01 -3.499999999999998e-03 2.992050000000004e+00 9.999999999999998e-03 0.000000000000000e+00 0.000000000000000e+00 
5.600000000000001e-01 -6.142857142857145e-04 3.687264999999996e-01 4.064285714285712e-02 -5.714285714285715e-03 0.000000000000000e+00 3.687264999999996e-01 -3.449999999999998e-03 2.943000000000004e+00 9.999999999999998e-03 0.000000000000000e+00 0.000000000000000e+00 
5.650000000000001e-01 -6.428571428571430e-04 3.833188749999997e-01 4.042857142857140e-02 -5.714285714285715e-03 0.000000000000000e+00 3.833188749999997e-01 -3.399999999999998e-03 2.893950000000004e+00 9.999999999999998e-03 0.000000000000000e+00 0.000000000000000e+00 
5.700000000000001e-01 -6.714285714285716e-04 3.976659999999997e-01 4.021428571428569e-02 -5.714285714285715e-03 0.000000000000000e+00 3.976659999999997e-01 -3.349999999999998e-03 2.844900000000004e+00 9.999999999999998e-03 0.000000000000000e+00 0.000000000000000e+00 
5.750000000000001e-01 -7.000000000000002e-04 4.117678749999997e-01 3.999999999999997e-02 -5.714285714285715e-03 0.000000000000000e+00 4.117678749999997e-01 -3.299999999999997e-03 2.795850000000003e+00 9.999999999999998e-03 0.000000000000000e+00 0.000000000000000e+00 
5.800000000000000e-01 -7.285714285714281e-04 4.256244999999995e-01 3.978571428571426e-02 -5.714285714285715e-03 0.000000000000000e+00 4.256244999999995e-01 -3.249999999999999e-03 2.746800000000004e+00 9.999999999999998e-03 0.000000000000000e+00 0.000000000000000e+00 
5.850000000000000e-01 -7.571428571428567e-04 4.392358749999995e-01 3.957142857142855e-02 -5.714285714285715e-03 0.000000000000000e+00 4.392358749999995e-01 -3.199999999999998e-03 2.697750000000004e+00 9.999999999999998e-03 0.000000000000000e+00 0.000000000000000e+00 
5.900000000000000e-01 -7.857142857142853e-04 4.526019999999995e-01 3.935714285714283e-02 -5.714285714285715e-03 0.000000000000000e+00 4.526019999999995e-01 -3.149999999999998e-03 2.648700000000004e+00 9.999999999999998e-03 0.000000000000000e+00 0.000000000000000e+00 
5.950000000000000e-01 -8.142857142857139e-04 4.657228749999995e-01 3.914285714285712e-02 -5.714285714285715e-03 0.000000000000000e+00 4.657228749999995e-01 -3.099999999999998e-03 2.599650000000004e+00 9.999999999999998e-03 0.000000000000000e+00 0.000000000000000e+00 
6.000000000000000e-01 -8.428571428571425e-04 4.785984999999996e-01 3.892857142857140e-02 -5.714285714285715e-03 0.000000000000000e+00 4.785984999999996e-01 -3.049999999999998e-03 2.550600000000003e+00 9.999999999999998e-03 0.000000000000000e+00 0.000000000000000e+00 
6.050000000000000e-01 -8.714285714285711e-04 4.912288749999996e-01 3.871428571428569e-02 -5.714285714285715e-03 0.000000000000000e+00 4.912288749999996e-01 -2.999999999999998e-03 2.501550000000003e+00 9.999999999999998e-03 0.000000000000000e+00 0.000000000000000e+00 
6.100000000000000e-01 -8.999999999999997e-04 5.036139999999997e-01 3.849999999999997e-02 -5.714285714285715e-03 0.000000000000000e+00 5.036139999999997e-01 -2.949999999999998e-03 2.452500000000003e+00 9.999999999999998e-03 0.000000000000000e+00 0.000000000000000e+00 
6.150000000000000e-01 -9.285714285714282e-04 5.157538749999997e-01 3.828571428571426e-02 -5.714285714285715e-03 0.000000000000000e+00 5.157538749999997e-01 -2.899999999999998e-03 2.403450000000003e+00 9.999999999999998e-03 0.000000000000000e+00 0.000000000000000e+00 
6.200000000000000e-01 -9.571428571428568e-04 5.276484999999997e-01 3.807142857142854e-02 -5.714285714285715e-03 0.000000000000000e+00 5.276484999999997e-01 -2.849999999999998e-03 2.354400000000002e+00 9.999999999999998e-03 0.000000000000000e+00 0.000000000000000e+00 
6.250000000000000e-01 -9.857142857142855e-04 5.392978749999998e-01 3.785714285714283e-02 -5.714285714285715e-03 0.000000000000000e+00 5.392978749999998e-01 -2.799999999999997e-03 2.305350000000002e+00 9.999999999999998e-03 0.000000000000000e+00 0.000000000000000e+00 
6.300000000000000e-01 -1.014285714285714e-03 5.507019999999998e-01 3.764285714285711e-02 -5.714285714285715e-03 0.000000000000000e+00 5.507019999999998e-01 -2.749999999999997e-03 2.256300000000002e+00 9.999999999999998e-03 0.000000000000000e+00 0.000000000000000e+00 
6.350000000000000e-01 -1.042857142857143e-03 5.618608749999998e-01 3.742857142857139e-02 -5.714285714285715e-03 0.000000000000000e+00 5.618608749999998e-01 -2.699999999999997e-03 2.207250000000001e+00 9.999999999999998e-03 0.000000000000000e+00 0.000000000000000e+00 
6.400000000000000e-01 -1.071428571428571e-03 5.727744999999999e-01 3.721428571428568e-02 -5.714285714285715e-03 0.000000000000000e+00 5.727744999999999e-01 -2.649999999999997e-03 2.158200000000001e+00 9.999999999999998e-03 0.000000000000000e+00 0.000000000000000e+00 
6.450000000000000e-01 -1.100000000000000e-03 5.834428749999999e-01 3.699999999999996e-02 -5.714285714285715e-03 0.000000000000000e+00 5.834428749999999e-01 -2.599999999999997e-03 2.109150000000001e+00 9.999999999999998e-03 0.000000000000000e+00 0.000000000000000e+00 
6.500000000000000e-01 -1.128571428571428e-03 5.938659999999999e-01 3.678571428571425e-02 -5.714285714285715e-03 0.000000000000000e+00 5.938659999999999e-01 -2.549999999999997e-03 2.060100000000001e+00 9.999999999999998e-03 0.000000000000000e+00 0.000000000000000e+00 
6.550000000000000e-01 -1.157142857142857e-03 6.040438749999999e-01 3.657142857142853e-02 -5.714285714285715e-03 0.000000000000000e+00 6.040438749999999e-01 -2.499999999999997e-03 2.011050000000000e+00 9.999999999999998e-03 0.000000000000000e+00 0.000000000000000e+00 
6.600000000000000e-01 -1.185714285714286e-03 6.139764999999999e-01 3.635714285714282e-02 -5.714285714285715e-03 0.000000000000000e+00 6.139764999999999e-01 -2.449999999999996e-03 1.962000000000000e+00 9.999999999999998e-03 0.000000000000000e+00 0.000000000000000e+00 
6.650000000000000e-01 -1.214285714285714e-03 6.236638750000000e-01 3.614285714285710e-02 -5.714285714285715e-03 0.000000000000000e+00 6.236638750000000e-01 -2.399999999999996e-03 1.912950000000000e+00 9.999999999999998e-03 0.000000000000000e+00 0.000000000000000e+00 
6.700000000000000e-01 -1.242857142857143e-03 6.331059999999999e-01 3.592857142857139e-02 -5.714285714285715e-03 0.000000000000000e+00 6.331059999999999e-01 -2.349999999999996e-03 1.863900000000000e+00 9.999999999999998e-03 0.000000000000000e+00 0.000000000000000e+00 
6.750000000000000e-01 -1.271428571428571e-03 6.423028749999999e-01 3.571428571428567e-02 -5.714285714285715e-03 0.000000000000000e+00 6.423028749999999e-01 -2.299999999999996e-03 1.814850000000000e+00 9.999999999999998e-03 0.000000000000000e+00 0.000000000000000e+00 
6.800000000000000e-01 -1.300000000000000e-03 6.512545000000000e-01 3.549999999999996e-02 -5.714285714285715e-03 0.000000000000000e+00 6.512545000000000e-01 -2.249999999999996e-03 1.765800000000000e+00 9.999999999999998e-03 0.000000000000000e+00 0.000000000000000e+00 
6.850000000000001e-01 -1.328571428571429e-03 6.599608750000000e-01 3.528571428571424e-02 -5.714285714285715e-03 0.000000000000000e+00 6.599608750000000e-01 -2.199999999999996e-03 1.716750000000000e+00 9.999999999999998e-03 0.000000000000000e+00 0.000000000000000e+00 
6.900000000000001e-01 -1.357142857142857e-03 6.684220000000000e-01 3.507142857142852e-02 -5.714285714285715e-03 0.000000000000000e+00 6.684220000000000e-01 -2.149999999999996e-03 1.667700000000000e+00 9.999999999999998e-03 0.000000000000000e+00 0.000000000000000e+00 
6.950000000000001e-01 -1.385714285714286e-03 6.766378749999999e-01 3.485714285714281e-02 -5.714285714285715e-03 0.000000000000000e+00 6.766378749999999e-01 -2.099999999999996e-03 1.618650000000000e+00 9.999999999999998e-03 0.000000000000000e+00 0.000000000000000e+00 
7.000000000000001e-01 -1.414285714285714e-03 6.846085000000000e-01 3.464285714285709e-02 -5.714285714285715e-03 0.000000000000000e+00 6.846085000000000e-01 -2.049999999999995e-03 1.569600000000000e+00 9.999999999999998e-03 0.000000000000000e+00 0.000000000000000e+00 
7.050000000000000e-01 -1.442857142857142e-03 6.923338749999998e-01 3.442857142857138e-02 -5.714285714285715e-03 0.000000000000000e+00 6.923338749999998e-01 -1.999999999999997e-03 1.520550000000001e+00 9.999999999999998e-03 0.000000000000000e+00 0.000000000000000e+00 
7.100000000000000e-01 -1.471428571428571e-03 6.998139999999998e-01 3.421428571428567e-02 -5.714285714285715e-03 0.000000000000000e+00 6.998139999999998e-01 -1.949999999999996e-03 1.471500000000001e+00 9.999999999999998e-03 0.000000000000000e+00 0.000000000000000e+00 
7.150000000000000e-01 -1.499999999999999e-03 7.070488749999998e-01 3.399999999999995e-02 -5.714285714285715e-03 0.000000000000000e+00 7.070488749999998e-01 -1.899999999999996e-03 1.422450000000001e+00 9.999999999999998e-03 0.000000000000000e+00 0.000000000000000e+00 
7.200000000000000e-01 -1.528571428571428e-03 7.140384999999998e-01 3.378571428571424e-02 -5.714285714285715e-03 0.000000000000000e+00 7.140384999999998e-01 -1.849999999999996e-03 1.373400000000001e+00 9.999999999999998e-03 0.000000000000000e+00 0.000000000000000e+00 
7.250000000000000e-01 -1.557142857142857e-03 7.207828749999998e-01 3.357142857142852e-02 -5.714285714285715e-03 0.000000000000000e+00 7.207828749999998e-01 -1.799999999999996e-03 1.324350000000001e+00 9.999999999999998e-03 0.000000000000000e+00 0.000000000000000e+00 
7.300000000000000e-01 -1.585714285714285e-03 7.272819999999999e-01 3.335714285714281e-02 -5.714285714285715e-03 0.000000000000000e+00 7.272819999999999e-01 -1.749999999999996e-03 1.275300000000001e+00 9.999999999999998e-03 0.000000000000000e+00 0.000000000000000e+00 
7.350000000000000e-01 -1.614285714285714e-03 7.335358749999998e-01 3.314285714285709e-02 -5.714285714285715e-03 0.000000000000000e+00 7.335358749999998e-01 -1.699999999999996e-03 1.226250000000001e+00 9.999999999999998e-03 0.000000000000000e+00 0.000000000000000e+00 
7.400000000000000e-01 -1.642857142857142e-03 7.395444999999998e-01 3.292857142857138e-02 -5.714285714285715e-03 0.000000000000000e+00 7.395444999999998e-01 -1.649999999999995e-03 1.177200000000001e+00 9.999999999999998e-03 0.000000000000000e+00 0.000000000000000e+00 
7.450000000000000e-01 -1.671428571428571e-03 7.453078749999998e-01 3.271428571428566e-02 -5.714285714285715e-03 0.000000000000000e+00 7.453078749999998e-01 -1.599999999999995e-03 1.128150000000001e+00 9.999999999999998e-03 0.000000000000000e+00 0.000000000000000e+00 
7.500000000000000e-01 -1.699999999999999e-03 7.508259999999999e-01 3.249999999999995e-02 -5.714285714285715e-03 0.000000000000000e+00 7.508259999999999e-01 -1.549999999999995e-03 1.079100000000001e+00 9.999999999999998e-03 0.000000000000000e+00 0.000000000000000e+00 
7.550000000000000e-01 -1.728571428571428e-03 7.560988749999998e-01 3.228571428571423e-02 -5.714285714285715e-03 0.000000000000000e+00 7.560988749999998e-01 -1.499999999999995e-03 1.030050000000001e+00 9.999999999999998e-03 0.000000000000000e+00 0.000000000000000e+00 
7.600000000000000e-01 -1.757142857142857e-03 7.611264999999998e-01 3.207142857142851e-02 -5.714285714285715e-03 0.000000000000000e+00 7.611264999999998e-01 -1.449999999999995e-03 9.810000000000008e-01 9.999999999999998e-03 0.000000000000000e+00 0.000000000000000e+00 
7.650000000000000e-01 -1.785714285714285e-03 7.659088749999998e-01 3.185714285714280e-02 -5.714285714285715e-03 0.000000000000000e+00 7.659088749999998e-01 -1.399999999999995e-03 9.319500000000007e-01 9.999999999999998e-03 0.000000000000000e+00 0.000000000000000e+00 
7.700000000000000e-01 -1.814285714285714e-03 7.704459999999999e-01 3.164285714285708e-02 -5.714285714285715e-03 0.000000000000000e+00 7.704459999999999e-01 -1.349999999999995e-03 8.829000000000007e-01 9.999999999999998e-03 0.000000000000000e+00 0.000000000000000e+00 
7.750000000000000e-01 -1.842857142857142e-03 7.747378749999999e-01 3.142857142857137e-02 -5.714285714285715e-03 0.000000000000000e+00 7.747378749999999e-01 -1.299999999999995e-03 8.338500000000006e-01 9.999999999999998e-03 0.000000000000000e+00 0.000000000000000e+00 
7.800000000000000e-01 -1.871428571428571e-03 7.787844999999999e-01 3.121428571428565e-02 -5.714285714285715e-03 0.000000000000000e+00 7.787844999999999e-01 -1.249999999999994e-03 7.848000000000006e-01 9.999999999999998e-03 0.000000000000000e+00 0.000000000000000e+00 
7.850000000000000e-01 -1.900000000000000e-03 7.825858749999999e-01 3.099999999999994e-02 -5.714285714285715e-03 0.000000000000000e+00 7.825858749999999e-01 -1.199999999999994e-03 7.357500000000006e-01 9.999999999999998e-03 0.000000000000000e+00 0.000000000000000e+00 
7.900000000000000e-01 -1.928571428571428e-03 7.861419999999999e-01 3.078571428571422e-02 -5.714285714285715e-03 0.000000000000000e+00 7.861419999999999e-01 -1.149999999999994e-03 6.867000000000005e-01 9.999999999999998e-03 0.000000000000000e+00 0.000000000000000e+00 
7.950000000000000e-01 -1.957142857142857e-03 7.894528749999999e-01 3.057142857142851e-02 -5.714285714285715e-03 0.000000000000000e+00 7.894528749999999e-01 -1.099999999999994e-03 6.376500000000005e-01 9.999999999999998e-03 0.000000000000000e+00 0.000000000000000e+00 
8.000000000000000e-01 -1.985714285714286e-03 7.925184999999999e-01 3.035714285714279e-02 -5.714285714285715e-03 0.000000000000000e+00 7.925184999999999e-01 -1.049999999999994e-03 5.886000000000005e-01 9.999999999999998e-03 0.000000000000000e+00 0.000000000000000e+00 
8.050000000000000e-01 -2.014285714285714e-03 7.953388749999999e-01 3.014285714285708e-02 -5.714285714285715e-03 0.000000000000000e+00 7.953388749999999e-01 -9.999999999999935e-04 5.395500000000004e-01 9.999999999999998e-03 0.000000000000000e+00 0.000000000000000e+00 
8.100000000000001e-01 -2.042857142857143e-03 7.979139999999999e-01 2.992857142857136e-02 -5.714285714285715e-03 0.000000000000000e+00 7.979139999999999e-01 -9.499999999999934e-04 4.905000000000004e-01 9.999999999999998e-03 0.000000000000000e+00 0.000000000000000e+00 
8.150000000000001e-01 -2.071428571428571e-03 8.002438749999999e-01 2.971428571428564e-02 -5.714285714285715e-03 0.000000000000000e+00 8.002438749999999e-01 -8.999999999999933e-04 4.414500000000003e-01 9.999999999999998e-03 0.000000000000000e+00 0.000000000000000e+00 
8.200000000000001e-01 -2.100000000000000e-03 8.023284999999999e-01 2.949999999999993e-02 -5.714285714285715e-03 0.000000000000000e+00 8.023284999999999e-01 -8.499999999999931e-04 3.924000000000003e-01 9.999999999999998e-03 0.000000000000000e+00 0.000000000000000e+00 
8.250000000000001e-01 -2.128571428571428e-03 8.041678749999999e-01 2.928571428571421e-02 -5.714285714285715e-03 0.000000000000000e+00 8.041678749999999e-01 -7.999999999999930e-04 3.433500000000003e-01 9.999999999999998e-03 0.000000000000000e+00 0.000000000000000e+00 
8.300000000000001e-01 -2.157142857142857e-03 8.057619999999999e-01 2.907142857142850e-02 -5.714285714285715e-03 0.000000000000000e+00 8.057619999999999e-01 -7.499999999999929e-04 2.943000000000002e-01 9.999999999999998e-03 0.000000000000000e+00 0.000000000000000e+00 
8.350000000000000e-01 -2.185714285714285e-03 8.071108749999999e-01 2.885714285714279e-02 -5.714285714285715e-03 0.000000000000000e+00 8.071108749999999e-01 -6.999999999999940e-04 2.452500000000013e-01 9.999999999999998e-03 0.000000000000000e+00 0.000000000000000e+00 
8.400000000000000e-01 -2.214285714285714e-03 8.082144999999999e-01 2.864285714285707e-02 -5.714285714285715e-03 0.000000000000000e+00 8.082144999999999e-01 -6.499999999999939e-04 1.962000000000012e-01 9.999999999999998e-03 0.000000000000000e+00 0.000000000000000e+00 
8.450000000000000e-01 -2.242857142857142e-03 8.090728749999999e-01 2.842857142857136e-02 -5.714285714285715e-03 0.000000000000000e+00 8.090728749999999e-01 -5.999999999999938e-04 1.471500000000012e-01 9.999999999999998e-03 0.000000000000000e+00 0.000000000000000e+00 
8.500000000000000e-01 -2.271428571428571e-03 8.096859999999999e-01 2.821428571428564e-02 -5.714285714285715e-03 0.000000000000000e+00 8.096859999999999e-01 -5.499999999999936e-04 9.810000000000116e-02 9.999999999999998e-03 0.000000000000000e+00 0.000000000000000e+00 
8.550000000000000e-01 -2.300000000000000e-03 8.100538749999999e-01 2.799999999999993e-02 -5.714285714285715e-03 0.000000000000000e+00 8.100538749999999e-01 -4.999999999999935e-04 4.905000000000111e-02 9.999999999999998e-03 0.000000000000000e+00 0.000000000000000e+00 
8.600000000000000e-01 -2.328571428571428e-03 8.101765000000000e-01 2.778571428571421e-02 -5.714285714285715e-03 0.000000000000000e+00 8.101765000000000e-01 -4.499999999999934e-04 1.068589661201713e-15 9.999999999999998e-03 0.000000000000000e+00 0.000000000000000e+00 
8.650000000000000e-01 -2.357142857142857e-03 8.100538749999999e-01 2.757142857142850e-02 -5.714285714285715e-03 0.000000000000000e+00 8.100538749999999e-01 -3.999999999999932e-04 -4.904999999999898e-02 9.999999999999998e-03 0.000000000000000e+00 0.000000000000000e+00 
8.700000000000000e-01 -2.385714285714285e-03 8.096859999999999e-01 2.735714285714278e-02 -5.714285714285715e-03 0.000000000000000e+00 8.096859999999999e-01 -3.499999999999931e-04 -9.809999999999902e-02 9.999999999999998e-03 0.000000000000000e+00 0.000000000000000e+00 
8.750000000000000e-01 -2.414285714285714e-03 8.090728749999999e-01 2.714285714285707e-02 -5.714285714285715e-03 0.000000000000000e+00 8.090728749999999e-01 -2.999999999999930e-04 -1.471499999999991e-01 9.999999999999998e-03 0.000000000000000e+00 0.000000000000000e+00 
8.800000000000000e-01 -2.442857142857142e-03 8.082144999999999e-01 2.692857142857135e-02 -5.714285714285715e-03 0.000000000000000e+00 8.082144999999999e-01 -2.499999999999928e-04 -1.961999999999991e-01 9.999999999999998e-03 0.000000000000000e+00 0.000000000000000e+00 
8.850000000000000e-01 -2.471428571428571e-03 8.071108750000000e-01 2.671428571428563e-02 -5.714285714285715e-03 0.000000000000000e+00 8.071108750000000e-01 -1.999999999999927e-04 -2.452499999999991e-01 9.999999999999998e-03 0.000000000000000e+00 0.000000000000000e+00 
8.900000000000000e-01 -2.500000000000000e-03 8.057620000000000e-01 2.649999999999992e-02 -5.714285714285715e-03 0.000000000000000e+00 8.057620000000000e-01 -1.499999999999926e-04 -2.942999999999992e-01 9.999999999999998e-03 0.000000000000000e+00 0.000000000000000e+00 
8.950000000000000e-01 -2.528571428571428e-03 8.041678750000000e-01 2.628571428571420e-02 -5.714285714285715e-03 0.000000000000000e+00 8.041678750000000e-01 -9.999999999999246e-05 -3.433499999999992e-01 9.999999999999998e-03 0.000000000000000e+00 0.000000000000000e+00 
9.000000000000000e-01 -2.557142857142857e-03 8.023285000000000e-01 2.607142857142849e-02 -5.714285714285715e-03 0.000000000000000e+00 8.023285000000000e-01 -4.999999999999232e-05 -3.923999999999992e-01 9.999999999999998e-03 0.000000000000000e+00 0.000000000000000e+00 
9.050000000000000e-01 -2.585714285714285e-03 8.002438750000000e-01 2.585714285714277e-02 -5.714285714285715e-03 0.000000000000000e+00 8.002438750000000e-01 7.806255641895632e-18 -4.414499999999993e-01 9.999999999999998e-03 0.000000000000000e+00 0.000000000000000e+00 
9.100000000000000e-01 -2.614285714285714e-03 7.979140000000000e-01 2.564285714285706e-02 -5.714285714285715e-03 0.000000000000000e+00 7.979140000000000e-01 5.000000000000794e-05 -4.904999999999993e-01 9.999999999999998e-03 0.000000000000000e+00 0.000000000000000e+00 
9.150000000000000e-01 -2.642857142857143e-03 7.953388750000000e-01 2.542857142857134e-02 -5.714285714285715e-03 0.000000000000000e+00 7.953388750000000e-01 1.000000000000081e-04 -5.395499999999994e-01 9.999999999999998e-03 0.000000000000000e+00 0.000000000000000e+00 
9.200000000000000e-01 -2.671428571428571e-03 7.925185000000000e-01 2.521428571428563e-02 -5.714285714285715e-03 0.000000000000000e+00 7.925185000000000e-01 1.500000000000082e-04 -5.885999999999995e-01 9.999999999999998e-03 0.000000000000000e+00 0.000000000000000e+00 
9.250000000000000e-01 -2.700000000000000e-03 7.894528750000001e-01 2.499999999999991e-02 -5.714285714285715e-03 0.000000000000000e+00 7.894528750000001e-01 2.000000000000083e-04 -6.376499999999995e-01 9.999999999999998e-03 0.000000000000000e+00 0.000000000000000e+00 
9.300000000000000e-01 -2.728571428571428e-03 7.861420000000000e-01 2.478571428571420e-02 -5.714285714285715e-03 0.000000000000000e+00 7.861420000000000e-01 2.500000000000085e-04 -6.866999999999995e-01 9.999999999999998e-03 0.000000000000000e+00 0.000000000000000e+00 
9.350000000000001e-01 -2.757142857142857e-03 7.825858750000000e-01 2.457142857142848e-02 -5.714285714285715e-03 0.000000000000000e+00 7.825858750000000e-01 3.000000000000086e-04 -7.357499999999996e-01 9.999999999999998e-03 0.000000000000000e+00 0.000000000000000e+00 
9.400000000000001e-01 -2.785714285714285e-03 7.787845000000000e-01 2.435714285714276e-02 -5.714285714285715e-03 0.000000000000000e+00 7.787845000000000e-01 3.500000000000087e-04 -7.847999999999996e-01 9.999999999999998e-03 0.000000000000000e+00 0.000000000000000e+00 
9.450000000000001e-01 -2.814285714285714e-03 7.747378750000000e-01 2.414285714285705e-02 -5.714285714285715e-03 0.000000000000000e+00 7.747378750000000e-01 4.000000000000089e-04 -8.338499999999996e-01 9.999999999999998e-03 0.000000000000000e+00 0.000000000000000e+00 
9.500000000000001e-01 -2.842857142857143e-03 7.704460000000000e-01 2.392857142857133e-02 -5.714285714285715e-03 0.000000000000000e+00 7.704460000000000e-01 4.500000000000090e-04 -8.828999999999997e-01 9.999999999999998e-03 0.000000000000000e+00 0.000000000000000e+00 
9.550000000000001e-01 -2.871428571428571e-03 7.659088749999999e-01 2.371428571428562e-02 -5.714285714285715e-03 0.000000000000000e+00 7.659088749999999e-01 5.000000000000091e-04 -9.319499999999997e-01 9.999999999999998e-03 0.000000000000000e+00 0.000000000000000e+00 
9.600000000000000e-01 -2.899999999999999e-03 7.611265000000000e-01 2.349999999999991e-02 -5.714285714285715e-03 0.000000000000000e+00 7.611265000000000e-01 5.500000000000084e-04 -9.809999999999987e-01 9.999999999999998e-03 0.000000000000000e+00 0.000000000000000e+00 
9.650000000000000e-01 -2.928571428571428e-03 7.560988750000001e-01 2.328571428571419e-02 -5.714285714285715e-03 0.000000000000000e+00 7.560988750000001e-01 6.000000000000085e-04 -1.030049999999999e+00 9.999999999999998e-03 0.000000000000000e+00 0.000000000000000e+00 
9.700000000000000e-01 -2.957142857142857e-03 7.508260000000001e-01 2.307142857142848e-02 -5.714285714285715e-03 0.000000000000000e+00 7.508260000000001e-01 6.500000000000086e-04 -1.079099999999999e+00 9.999999999999998e-03 0.000000000000000e+00 0.000000000000000e+00 
9.750000000000000e-01 -2.985714285714285e-03 7.453078750000001e-01 2.285714285714276e-02 -5.714285714285715e-03 0.000000000000000e+00 7.453078750000001e-01 7.000000000000088e-04 -1.128149999999999e+00 9.999999999999998e-03 0.000000000000000e+00 0.000000000000000e+00 
9.800000000000000e-01 -3.014285714285714e-03 7.395445000000000e-01 2.264285714285705e-02 -5.714285714285715e-03 0.000000000000000e+00 7.395445000000000e-01 7.500000000000089e-04 -1.177199999999999e+00 9.999999999999998e-03 0.000000000000000e+00 0.000000000000000e+00 
9.850000000000000e-01 -3.042857142857142e-03 7.335358750000001e-01 2.242857142857133e-02 -5.714285714285715e-03 0.000000000000000e+00 7.335358750000001e-01 8.000000000000090e-04 -1.226249999999999e+00 9.999999999999998e-03 0.000000000000000e+00 0.000000000000000e+00 
9.900000000000000e-01 -3.071428571428571e-03 7.272820000000001e-01 2.221428571428562e-02 -5.714285714285715e-03 0.000000000000000e+00 7.272820000000001e-01 8.500000000000092e-04 -1.275299999999999e+00 9.999999999999998e-03 0.000000000000000e+00 0.000000000000000e+00 
9.950000000000000e-01 -3.099999999999999e-03 7.207828750000000e-01 2.199999999999990e-02 -5.714285714285715e-03 0.000000000000000e+00 7.207828750000000e-01 9.000000000000093e-04 -1.324349999999999e+00 9.999999999999998e-03 0.000000000000000e+00 0.000000000000000e+00 
1.000000000000000e+00 -3.128571428571428e-03 7.140385000000000e-01 2.178571428571419e-02 -5.714285714285715e-03 0.000000000000000e+00 7.140385000000000e-01 9.500000000000094e-04 -1.373399999999999e+00 9.999999999999998e-03 0.000000000000000e+00 0.000000000000000e+00 
1.005000000000000e+00 -3.157142857142857e-03 7.070488749999999e-01 2.157142857142847e-02 -5.714285714285715e-03 0.000000000000000e+00 7.070488749999999e-01 1.000000000000011e-03 -1.422450000000000e+00 9.999999999999998e-03 0.000000000000000e+00 0.000000000000000e+00 
1.010000000000000e+00 -3.185714285714286e-03 6.998140000000000e-01 2.135714285714276e-02 -5.714285714285715e-03 0.000000000000000e+00 6.998140000000000e-01 1.050000000000010e-03 -1.471499999999999e+00 9.999999999999998e-03 0.000000000000000e+00 0.000000000000000e+00 
1.015000000000000e+00 -3.214285714285715e-03 6.923338749999999e-01 2.114285714285704e-02 -5.714285714285715e-03 0.000000000000000e+00 6.923338749999999e-01 1.100000000000011e-03 -1.520550000000000e+00 9.999999999999998e-03 0.000000000000000e+00 0.000000000000000e+00 
1.020000000000000e+00 -3.242857142857143e-03 6.846085000000001e-01 2.092857142857133e-02 -5.714285714285715e-03 0.000000000000000e+00 6.846085000000001e-01 1.150000000000010e-03 -1.569599999999999e+00 9.999999999999998e-03 0.000000000000000e+00 0.000000000000000e+00 
1.025000000000000e+00 -3.271428571428571e-03 6.766378750000003e-01 2.071428571428562e-02 -5.714285714285715e-03 0.000000000000000e+00 6.766378750000003e-01 1.200000000000009e-03 -1.618649999999998e+00 9.999999999999998e-03 0.000000000000000e+00 0.000000000000000e+00 
1.030000000000000e+00 -3.300000000000000e-03 6.684220000000001e-01 2.049999999999990e-02 -5.714285714285715e-03 0.000000000000000e+00 6.684220000000001e-01 1.250000000000009e-03 -1.667699999999999e+00 9.999999999999998e-03 0.000000000000000e+00 0.000000000000000e+00 
1.035000000000000e+00 -3.328571428571428e-03 6.599608750000002e-01 2.028571428571420e-02 -5.714285714285715e-03 0.000000000000000e+00 6.599608750000002e-01 1.300000000000009e-03 -1.716749999999998e+00 9.999999999999998e-03 0.000000000000000e+00 0.000000000000000e+00 
1.040000000000000e+00 -3.357142857142857e-03 6.512545000000001e-01 2.007142857142848e-02 -5.714285714285715e-03 0.000000000000000e+00 6.512545000000001e-01 1.350000000000010e-03 -1.765799999999999e+00 9.999999999999998e-03 0.000000000000000e+00 0.000000000000000e+00 
1.045000000000000e+00 -3.385714285714285e-03 6.423028750000003e-01 1.985714285714277e-02 -5.714285714285715e-03 0.000000000000000e+00 6.423028750000003e-01 1.400000000000008e-03 -1.814849999999998e+00 9.999999999999998e-03 0.000000000000000e+00 0.000000000000000e+00 
1.050000000000000e+00 -3.414285714285714e-03 6.331060000000001e-01 1.964285714285705e-02 -5.714285714285715e-03 0.000000000000000e+00 6.331060000000001e-01 1.450000000000009e-03 -1.863899999999999e+00 9.999999999999998e-03 0.000000000000000e+00 0.000000000000000e+00 
1.055000000000000e+00 -3.442857142857142e-03 6.236638750000003e-01 1.942857142857134e-02 -5.714285714285715e-03 0.000000000000000e+00 6.236638750000003e-01 1.500000000000008e-03 -1.912949999999998e+00 9.999999999999998e-03 0.000000000000000e+00 0.000000000000000e+00 
1.060000000000000e+00 -3.471428571428571e-03 6.139765000000001e-01 1.921428571428562e-02 -5.714285714285715e-03 0.000000000000000e+00 6.139765000000001e-01 1.550000000000009e-03 -1.962000000000000e+00 9.999999999999998e-03 0.000000000000000e+00 0.000000000000000e+00 
1.065000000000000e+00 -3.500000000000000e-03 6.040438750000003e-01 1.899999999999991e-02 -5.714285714285715e-03 0.000000000000000e+00 6.040438750000003e-01 1.600000000000008e-03 -2.011049999999999e+00 9.999999999999998e-03 0.000000000000000e+00 0.000000000000000e+00 
1.070000000000000e+00 -3.528571428571429e-03 5.938660000000001e-01 1.878571428571419e-02 -5.714285714285715e-03 0.000000000000000e+00 5.938660000000001e-01 1.650000000000009e-03 -2.060100000000000e+00 9.999999999999998e-03 0.000000000000000e+00 0.000000000000000e+00 
1.075000000000000e+00 -3.557142857142857e-03 5.834428750000004e-01 1.857142857142849e-02 -5.714285714285715e-03 0.000000000000000e+00 5.834428750000004e-01 1.700000000000008e-03 -2.109149999999999e+00 9.999999999999998e-03 0.000000000000000e+00 0.000000000000000e+00 
1.080000000000000e+00 -3.585714285714286e-03 5.727745000000001e-01 1.835714285714277e-02 -5.714285714285715e-03 0.000000000000000e+00 5.727745000000001e-01 1.750000000000009e-03 -2.158200000000000e+00 9.999999999999998e-03 0.000000000000000e+00 0.000000000000000e+00 
1.085000000000000e+00 -3.614285714285714e-03 5.618608750000003e-01 1.814285714285706e-02 -5.714285714285715e-03 0.000000000000000e+00 5.618608750000003e-01 1.800000000000008e-03 -2.207249999999999e+00 9.999999999999998e-03 0.000000000000000e+00 0.000000000000000e+00 
1.090000000000000e+00 -3.642857142857143e-03 5.507020000000000e-01 1.792857142857134e-02 -5.714285714285715e-03 0.000000000000000e+00 5.507020000000000e-01 1.850000000000009e-03 -2.256300000000000e+00 9.999999999999998e-03 0.000000000000000e+00 0.000000000000000e+00 
1.095000000000000e+00 -3.671428571428571e-03 5.392978750000003e-01 1.771428571428563e-02 -5.714285714285715e-03 0.000000000000000e+00 5.392978750000003e-01 1.900000000000008e-03 -2.305349999999999e+00 9.999999999999998e-03 0.000000000000000e+00 0.000000000000000e+00 
1.100000000000000e+00 -3.700000000000000e-03 5.276485000000000e-01 1.749999999999991e-02 -5.714285714285715e-03 0.000000000000000e+00 5.276485000000000e-01 1.950000000000009e-03 -2.354400000000000e+00 9.999999999999998e-03 0.000000000000000e+00 0.000000000000000e+00 
1.105000000000000e+00 -3.728571428571428e-03 5.157538750000003e-01 1.728571428571420e-02 -5.714285714285715e-03 0.000000000000000e+00 5.157538750000003e-01 2.000000000000008e-03 -2.403449999999999e+00 9.999999999999998e-03 0.000000000000000e+00 0.000000000000000e+00 
1.110000000000000e+00 -3.757142857142857e-03 5.036140000000000e-01 1.707142857142848e-02 -5.714285714285715e-03 0.000000000000000e+00 5.036140000000000e-01 2.050000000000009e-03 -2.452500000000000e+00 9.999999999999998e-03 0.000000000000000e+00 0.000000000000000e+00 
1.115000000000000e+00 -3.785714285714285e-03 4.912288750000003e-01 1.685714285714278e-02 -5.714285714285715e-03 0.000000000000000e+00 4.912288750000003e-01 2.100000000000008e-03 -2.501549999999999e+00 9.999999999999998e-03 0.000000000000000e+00 0.000000000000000e+00 
1.120000000000000e+00 -3.814285714285715e-03 4.785985000000000e-01 1.664285714285706e-02 -5.714285714285715e-03 0.000000000000000e+00 4.785985000000000e-01 2.150000000000009e-03 -2.550600000000000e+00 9.999999999999998e-03 0.000000000000000e+00 0.000000000000000e+00 
1.125000000000000e+00 -3.842857142857143e-03 4.657228750000003e-01 1.642857142857135e-02 -5.714285714285715e-03 0.000000000000000e+00 4.657228750000003e-01 2.200000000000008e-03 -2.599649999999999e+00 9.999999999999998e-03 0.000000000000000e+00 0.000000000000000e+00 
1.130000000000000e+00 -3.871428571428572e-03 4.526019999999999e-01 1.621428571428563e-02 -5.714285714285715e-03 0.000000000000000e+00 4.526019999999999e-01 2.250000000000009e-03 -2.648700000000000e+00 9.999999999999998e-03 0.000000000000000e+00 0.000000000000000e+00 
1.135000000000000e+00 -3.900000000000000e-03 4.392358750000002e-01 1.599999999999992e-02 -5.714285714285715e-03 0.000000000000000e+00 4.392358750000002e-01 2.300000000000008e-03 -2.697749999999999e+00 9.999999999999998e-03 0.000000000000000e+00 0.000000000000000e+00 
1.140000000000000e+00 -3.928571428571429e-03 4.256244999999999e-01 1.578571428571420e-02 -5.714285714285715e-03 0.000000000000000e+00 4.256244999999999e-01 2.350000000000008e-03 -2.746800000000000e+00 9.999999999999998e-03 0.000000000000000e+00 0.000000000000000e+00 
1.145000000000000e+00 -3.957142857142857e-03 4.117678750000002e-01 1.557142857142849e-02 -5.714285714285715e-03 0.000000000000000e+00 4.117678750000002e-01 2.400000000000008e-03 -2.795849999999999e+00 9.999999999999998e-03 0.000000000000000e+00 0.000000000000000e+00 
1.150000000000000e+00 -3.985714285714286e-03 3.976659999999999e-01 1.535714285714277e-02 -5.714285714285715e-03 0.000000000000000e+00 3.976659999999999e-01 2.450000000000009e-03 -2.844900000000000e+00 9.999999999999998e-03 0.000000000000000e+00 0.000000000000000e+00 
1.155000000000000e+00 -4.014285714285714e-03 3.833188750000002e-01 1.514285714285706e-02 -5.714285714285715e-03 0.000000000000000e+00 3.833188750000002e-01 2.500000000000008e-03 -2.893949999999999e+00 9.999999999999998e-03 0.000000000000000e+00 0.000000000000000e+00 
1.160000000000000e+00 -4.042857142857142e-03 3.687265000000006e-01 1.492857142857135e-02 -5.714285714285715e-03 0.000000000000000e+00 3.687265000000006e-01 2.550000000000007e-03 -2.942999999999998e+00 9.999999999999998e-03 0.000000000000000e+00 0.000000000000000e+00 
1.165000000000000e+00 -4.071428571428571e-03 3.538888750000002e-01 1.471428571428563e-02 -5.714285714285715e-03 0.000000000000000e+00 3.538888750000002e-01 2.600000000000008e-03 -2.992049999999999e+00 9.999999999999998e-03 0.000000000000000e+00 0.000000000000000e+00 
1.170000000000000e+00 -4.099999999999999e-03 3.388060000000006e-01 1.449999999999992e-02 -5.714285714285715e-03 0.000000000000000e+00 3.388060000000006e-01 2.650000000000007e-03 -3.041099999999998e+00 9.999999999999998e-03 0.000000000000000e+00 0.000000000000000e+00 
1.175000000000000e+00 -4.128571428571428e-03 3.234778750000002e-01 1.428571428571420e-02 -5.714285714285715e-03 0.000000000000000e+00 3.234778750000002e-01 2.700000000000008e-03 -3.090150000000000e+00 9.999999999999998e-03 0.000000000000000e+00 0.000000000000000e+00 
1.180000000000000e+00 -4.157142857142857e-03 3.079045000000005e-01 1.407142857142849e-02 -5.714285714285715e-03 0.000000000000000e+00 3.079045000000005e-01 2.750000000000007e-03 -3.139199999999998e+00 9.999999999999998e-03 0.000000000000000e+00 0.000000000000000e+00 
1.185000000000000e+00 -4.185714285714286e-03 2.920858750000002e-01 1.385714285714277e-02 -5.714285714285715e-03 0.000000000000000e+00 2.920858750000002e-01 2.800000000000008e-03 -3.188250000000000e+00 9.999999999999998e-03 0.000000000000000e+00 0.000000000000000e+00 
1.190000000000000e+00 -4.214285714285714e-03 2.760220000000005e-01 1.364285714285706e-02 -5.714285714285715e-03 0.000000000000000e+00 2.760220000000005e-01 2.850000000000007e-03 -3.237299999999999e+00 9.999999999999998e-03 0.000000000000000e+00 0.000000000000000e+00 
1.195000000000000e+00 -4.242857142857143e-03 2.597128750000001e-01 1.342857142857135e-02 -5.714285714285715e-03 0.000000000000000e+00 2.597128750000001e-01 2.900000000000008e-03 -3.286350000000000e+00 9.999999999999998e-03 0.000000000000000e+00 0.000000000000000e+00 
1.200000000000000e+00 -4.271428571428571e-03 2.431585000000005e-01 1.321428571428564e-02 -5.714285714285715e-03 0.000000000000000e+00 2.431585000000005e-01 2.950000000000007e-03 -3.335399999999999e+00 9.999999999999998e-03 0.000000000000000e+00 0.000000000000000e+00 
1.205000000000000e+00 -4.300000000000000e-03 2.263588750000001e-01 1.299999999999992e-02 -5.714285714285715e-03 0.000000000000000e+00 2.263588750000001e-01 3.000000000000008e-03 -3.384450000000000e+00 9.999999999999998e-03 0.000000000000000e+00 0.000000000000000e+00 
1.210000000000000e+00 -4.328571428571428e-03 2.093140000000005e-01 1.278571428571421e-02 -5.714285714285715e-03 0.000000000000000e+00 2.093140000000005e-01 3.050000000000008e-03 -3.433499999999999e+00 9.999999999999998e-03 0.000000000000000e+00 0.000000000000000e+00 
1.215000000000000e+00 -4.357142857142857e-03 1.920238750000001e-01 1.257142857142849e-02 -5.714285714285715e-03 0.000000000000000e+00 1.920238750000001e-01 3.100000000000008e-03 -3.482550000000000e+00 9.999999999999998e-03 0.000000000000000e+00 0.000000000000000e+00 
1.220000000000000e+00 -4.385714285714285e-03 1.744885000000004e-01 1.235714285714278e-02 -5.714285714285715e-03 0.000000000000000e+00 1.744885000000004e-01 3.150000000000008e-03 -3.531599999999999e+00 9.999999999999998e-03 0.000000000000000e+00 0.000000000000000e+00 
1.225000000000000e+00 -4.414285714285714e-03 1.567078750000000e-01 1.214285714285706e-02 -5.714285714285715e-03 0.000000000000000e+00 1.567078750000000e-01 3.200000000000008e-03 -3.580650000000000e+00 9.999999999999998e-03 0.000000000000000e+00 0.000000000000000e+00 
1.230000000000000e+00 -4.442857142857142e-03 1.386820000000004e-01 1.192857142857135e-02 -5.714285714285715e-03 0.000000000000000e+00 1.386820000000004e-01 3.250000000000008e-03 -3.629699999999999e+00 9.999999999999998e-03 0.000000000000000e+00 0.000000000000000e+00 
1.235000000000000e+00 -4.471428571428572e-03 1.204108750000000e-01 1.171428571428563e-02 -5.714285714285715e-03 0.000000000000000e+00 1.204108750000000e-01 3.300000000000009e-03 -3.678750000000000e+00 9.999999999999998e-03 0.000000000000000e+00 0.000000000000000e+00 
1.240000000000000e+00 -4.500000000000000e-03 1.018945000000004e-01 1.149999999999992e-02 -5.714285714285715e-03 0.000000000000000e+00 1.018945000000004e-01 3.350000000000007e-03 -3.727799999999999e+00 9.999999999999998e-03 0.000000000000000e+00 0.000000000000000e+00 
1.245000000000000e+00 -4.528571428571429e-03 8.313287499999997e-02 1.128571428571420e-02 -5.714285714285715e-03 0.000000000000000e+00 8.313287499999997e-02 3.400000000000009e-03 -3.776850000000000e+00 9.999999999999998e-03 0.000000000000000e+00 0.000000000000000e+00 
1.250000000000000e+00 -4.557142857142857e-03 6.412600000000038e-02 1.107142857142849e-02 -5.714285714285715e-03 0.000000000000000e+00 6.412600000000038e-02 3.450000000000008e-03 -3.825899999999999e+00 9.999999999999998e-03 0.000000000000000e+00 0.000000000000000e+00 
1.255000000000000e+00 -4.585714285714286e-03 4.487387499999994e-02 1.085714285714277e-02 -5.714285714285715e-03 0.000000000000000e+00 4.487387499999994e-02 3.500000000000009e-03 -3.874950000000000e+00 9.999999999999998e-03 0.000000000000000e+00 0.000000000000000e+00 
1.260000000000000e+00 -4.614285714285714e-03 2.537650000000036e-02 1.064285714285706e-02 -5.714285714285715e-03 0.000000000000000e+00 2.537650000000036e-02 3.550000000000008e-03 -3.923999999999999e+00 9.999999999999998e-03 0.000000000000000e+00 0.000000000000000e+00 
1.265000000000000e+00 -4.642857142857143e-03 5.633874999999903e-03 1.042857142857134e-02 -5.714285714285715e-03 0.000000000000000e+00 5.633874999999903e-03 3.600000000000009e-03 -3.973050000000000e+00 9.999999999999998e-03 0.000000000000000e+00 0.000000000000000e+00 
1.270000000000000e+00 -4.657142857142857e-03 4.640612499999922e-03 1.057142857142848e-02 -1.734723475976807e-18 5.714285714285713e-03 4.640612499999922e-03 3.600000000000009e-03 3.575745000000000e+00 -9.999999999999993e-03 7.597844999999999e+00 -5.714285714285713e-03 
1.275000000000000e+00 -4.657142857142857e-03 2.239671250000033e-02 1.107142857142849e-02 -1.734723475976807e-18 0.000000000000000e+00 2.239671250000033e-02 3.550000000000008e-03 3.526694999999998e+00 -9.999999999999993e-03 0.000000000000000e+00 0.000000000000000e+00 
1.280000000000000e+00 -4.657142857142857e-03 3.990756249999995e-02 1.157142857142848e-02 -1.734723475976807e-18 0.000000000000000e+00 3.990756249999995e-02 3.500000000000009e-03 3.477644999999999e+00 -9.999999999999993e-03 0.000000000000000e+00 0.000000000000000e+00 
1.285000000000000e+00 -4.657142857142857e-03 5.717316249999958e-02 1.207142857142847e-02 -1.734723475976807e-18 0.000000000000000e+00 5.717316249999958e-02 3.450000000000010e-03 3.428595000000001e+00 -9.999999999999993e-03 0.000000000000000e+00 0.000000000000000e+00 
1.290000000000000e+00 -4.657142857142857e-03 7.419351249999998e-02 1.257142857142848e-02 -1.734723475976807e-18 0.000000000000000e+00 7.419351249999998e-02 3.400000000000009e-03 3.379544999999999e+00 -9.999999999999993e-03 0.000000000000000e+00 0.000000000000000e+00 
1.295000000000000e+00 -4.657142857142857e-03 9.096861249999962e-02 1.307142857142847e-02 -1.734723475976807e-18 0.000000000000000e+00 9.096861249999962e-02 3.350000000000010e-03 3.330495000000000e+00 -9.999999999999993e-03 0.000000000000000e+00 0.000000000000000e+00 
1.300000000000000e+00 -4.657142857142857e-03 1.074984625000000e-01 1.357142857142848e-02 -1.734723475976807e-18 0.000000000000000e+00 1.074984625000000e-01 3.300000000000010e-03 3.281444999999999e+00 -9.999999999999993e-03 0.000000000000000e+00 0.000000000000000e+00 
1.305000000000000e+00 -4.657142857142857e-03 1.237830624999997e-01 1.407142857142847e-02 -1.734723475976807e-18 0.000000000000000e+00 1.237830624999997e-01 3.250000000000011e-03 3.232395000000000e+00 -9.999999999999993e-03 0.000000000000000e+00 0.000000000000000e+00 
1.310000000000000e+00 -4.657142857142857e-03 1.398224125000000e-01 1.457142857142848e-02 -1.734723475976807e-18 0.000000000000000e+00 1.398224125000000e-01 3.200000000000009e-03 3.183344999999999e+00 -9.999999999999993e-03 0.000000000000000e+00 0.000000000000000e+00 
1.315000000000000e+00 -4.657142857142857e-03 1.556165124999997e-01 1.507142857142846e-02 -1.734723475976807e-18 0.000000000000000e+00 1.556165124999997e-01 3.150000000000010e-03 3.134295000000000e+00 -9.999999999999993e-03 0.000000000000000e+00 0.000000000000000e+00 
1.320000000000000e+00 -4.657142857142857e-03 1.711653625000001e-01 1.557142857142848e-02 -1.734723475976807e-18 0.000000000000000e+00 1.711653625000001e-01 3.100000000000009e-03 3.085244999999999e+00 -9.999999999999993e-03 0.000000000000000e+00 0.000000000000000e+00 
1.325000000000000e+00 -4.657142857142857e-03 1.864689624999997e-01 1.607142857142847e-02 -1.734723475976807e-18 0.000000000000000e+00 1.864689624999997e-01 3.050000000000010e-03 3.036195000000000e+00 -9.999999999999993e-03 0.000000000000000e+00 0.000000000000000e+00 
1.330000000000000e+00 -4.657142857142857e-03 2.015273125000001e-01 1.657142857142848e-02 -1.734723475976807e-18 0.000000000000000e+00 2.015273125000001e-01 3.000000000000010e-03 2.987144999999999e+00 -9.999999999999993e-03 0.000000000000000e+00 0.000000000000000e+00 
1.335000000000000e+00 -4.657142857142857e-03 2.163404124999997e-01 1.707142857142847e-02 -1.734723475976807e-18 0.000000000000000e+00 2.163404124999997e-01 2.950000000000010e-03 2.938095000000000e+00 -9.999999999999993e-03 0.000000000000000e+00 0.000000000000000e+00 
1.340000000000000e+00 -4.657142857142857e-03 2.309082625000001e-01 1.757142857142848e-02 -1.734723475976807e-18 0.000000000000000e+00 2.309082625000001e-01 2.900000000000009e-03 2.889044999999999e+00 -9.999999999999993e-03 0.000000000000000e+00 0.000000000000000e+00 
1.345000000000000e+00 -4.657142857142857e-03 2.452308624999998e-01 1.807142857142847e-02 -1.734723475976807e-18 0.000000000000000e+00 2.452308624999998e-01 2.850000000000011e-03 2.839995000000000e+00 -9.999999999999993e-03 0.000000000000000e+00 0.000000000000000e+00 
1.350000000000000e+00 -4.657142857142857e-03 2.593082125000001e-01 1.857142857142848e-02 -1.734723475976807e-18 0.000000000000000e+00 2.593082125000001e-01 2.800000000000009e-03 2.790944999999999e+00 -9.999999999999993e-03 0.000000000000000e+00 0.000000000000000e+00 
1.355000000000000e+00 -4.657142857142857e-03 2.731403124999998e-01 1.907142857142847e-02 -1.734723475976807e-18 0.000000000000000e+00 2.731403124999998e-01 2.750000000000010e-03 2.741895000000000e+00 -9.999999999999993e-03 0.000000000000000e+00 0.000000000000000e+00 
1.360000000000000e+00 -4.657142857142857e-03 2.867271625000001e-01 1.957142857142848e-02 -1.734723475976807e-18 0.000000000000000e+00 2.867271625000001e-01 2.700000000000009e-03 2.692844999999999e+00 -9.999999999999993e-03 0.000000000000000e+00 0.000000000000000e+00 
1.365000000000000e+00 -4.657142857142857e-03 3.000687624999998e-01 2.007142857142847e-02 -1.734723475976807e-18 0.000000000000000e+00 3.000687624999998e-01 2.650000000000010e-03 2.643795000000000e+00 -9.999999999999993e-03 0.000000000000000e+00 0.000000000000000e+00 
1.370000000000000e+00 -4.657142857142857e-03 3.131651125000001e-01 2.057142857142848e-02 -1.734723475976807e-18 0.000000000000000e+00 3.131651125000001e-01 2.600000000000009e-03 2.594744999999999e+00 -9.999999999999993e-03 0.000000000000000e+00 0.000000000000000e+00 
1.375000000000000e+00 -4.657142857142857e-03 3.260162124999998e-01 2.107142857142847e-02 -1.734723475976807e-18 0.000000000000000e+00 3.260162124999998e-01 2.550000000000010e-03 2.545695000000000e+00 -9.999999999999993e-03 0.000000000000000e+00 0.000000000000000e+00 
1.380000000000000e+00 -4.657142857142857e-03 3.386220625000002e-01 2.157142857142848e-02 -1.734723475976807e-18 0.000000000000000e+00 3.386220625000002e-01 2.500000000000009e-03 2.496644999999999e+00 -9.999999999999993e-03 0.000000000000000e+00 0.000000000000000e+00 
1.385000000000000e+00 -4.657142857142857e-03 3.509826624999999e-01 2.207142857142847e-02 -1.734723475976807e-18 0.000000000000000e+00 3.509826624999999e-01 2.450000000000010e-03 2.447595000000000e+00 -9.999999999999993e-03 0.000000000000000e+00 0.000000000000000e+00 
1.390000000000000e+00 -4.657142857142857e-03 3.630980125000002e-01 2.257142857142848e-02 -1.734723475976807e-18 0.000000000000000e+00 3.630980125000002e-01 2.400000000000009e-03 2.398544999999999e+00 -9.999999999999993e-03 0.000000000000000e+00 0.000000000000000e+00 
1.395000000000000e+00 -4.657142857142857e-03 3.749681124999999e-01 2.307142857142847e-02 -1.734723475976807e-18 0.000000000000000e+00 3.749681124999999e-01 2.350000000000010e-03 2.349495000000000e+00 -9.999999999999993e-03 0.000000000000000e+00 0.000000000000000e+00 
1.400000000000000e+00 -4.657142857142857e-03 3.865929625000001e-01 2.357142857142848e-02 -1.734723475976807e-18 0.000000000000000e+00 3.865929625000001e-01 2.300000000000009e-03 2.300444999999999e+00 -9.999999999999993e-03 0.000000000000000e+00 0.000000000000000e+00 
1.405000000000000e+00 -4.657142857142857e-03 3.979725624999999e-01 2.407142857142847e-02 -1.734723475976807e-18 0.000000000000000e+00 3.979725624999999e-01 2.250000000000010e-03 2.251395000000000e+00 -9.999999999999993e-03 0.000000000000000e+00 0.000000000000000e+00 
1.410000000000000e+00 -4.657142857142857e-03 4.091069124999996e-01 2.457142857142846e-02 -1.734723475976807e-18 0.000000000000000e+00 4.091069124999996e-01 2.200000000000011e-03 2.202345000000001e+00 -9.999999999999993e-03 0.000000000000000e+00 0.000000000000000e+00 
1.415000000000000e+00 -4.657142857142857e-03 4.199960124999999e-01 2.507142857142847e-02 -1.734723475976807e-18 0.000000000000000e+00 4.199960124999999e-01 2.150000000000010e-03 2.153295000000000e+00 -9.999999999999993e-03 0.000000000000000e+00 0.000000000000000e+00 
1.420000000000000e+00 -4.657142857142857e-03 4.306398624999997e-01 2.557142857142846e-02 -1.734723475976807e-18 0.000000000000000e+00 4.306398624999997e-01 2.100000000000011e-03 2.104245000000001e+00 -9.999999999999993e-03 0.000000000000000e+00 0.000000000000000e+00 
1.425000000000000e+00 -4.657142857142857e-03 4.410384625000000e-01 2.607142857142847e-02 -1.734723475976807e-18 0.000000000000000e+00 4.410384625000000e-01 2.050000000000009e-03 2.055194999999999e+00 -9.999999999999993e-03 0.000000000000000e+00 0.000000000000000e+00 
1.430000000000000e+00 -4.657142857142857e-03 4.511918124999997e-01 2.657142857142846e-02 -1.734723475976807e-18 0.000000000000000e+00 4.511918124999997e-01 2.000000000000010e-03 2.006145000000001e+00 -9.999999999999993e-03 0.000000000000000e+00 0.000000000000000e+00 
1.435000000000000e+00 -4.657142857142857e-03 4.610999125000000e-01 2.707142857142848e-02 -1.734723475976807e-18 0.000000000000000e+00 4.610999125000000e-01 1.950000000000009e-03 1.957094999999999e+00 -9.999999999999993e-03 0.000000000000000e+00 0.000000000000000e+00 
1.440000000000000e+00 -4.657142857142857e-03 4.707627624999998e-01 2.757142857142847e-02 -1.734723475976807e-18 0.000000000000000e+00 4.707627624999998e-01 1.900000000000010e-03 1.908045000000000e+00 -9.999999999999993e-03 0.000000000000000e+00 0.000000000000000e+00 
1.445000000000000e+00 -4.657142857142857e-03 4.801803625000000e-01 2.807142857142848e-02 -1.734723475976807e-18 0.000000000000000e+00 4.801803625000000e-01 1.850000000000009e-03 1.858994999999999e+00 -9.999999999999993e-03 0.000000000000000e+00 0.000000000000000e+00 
1.450000000000000e+00 -4.657142857142857e-03 4.893527124999998e-01 2.857142857142847e-02 -1.734723475976807e-18 0.000000000000000e+00 4.893527124999998e-01 1.800000000000010e-03 1.809945000000000e+00 -9.999999999999993e-03 0.000000000000000e+00 0.000000000000000e+00 
1.455000000000000e+00 -4.657142857142857e-03 4.982798125000000e-01 2.907142857142848e-02 -1.734723475976807e-18 0.000000000000000e+00 4.982798125000000e-01 1.750000000000009e-03 1.760894999999999e+00 -9.999999999999993e-03 0.000000000000000e+00 0.000000000000000e+00 
1.460000000000000e+00 -4.657142857142857e-03 5.069616624999997e-01 2.957142857142847e-02 -1.734723475976807e-18 0.000000000000000e+00 5.069616624999997e-01 1.700000000000010e-03 1.711845000000000e+00 -9.999999999999993e-03 0.000000000000000e+00 0.000000000000000e+00 
1.465000000000000e+00 -4.657142857142857e-03 5.153982625000000e-01 3.007142857142848e-02 -1.734723475976807e-18 0.000000000000000e+00 5.153982625000000e-01 1.650000000000009e-03 1.662794999999999e+00 -9.999999999999993e-03 0.000000000000000e+00 0.000000000000000e+00 
1.470000000000000e+00 -4.657142857142857e-03 5.235896124999998e-01 3.057142857142847e-02 -1.734723475976807e-18 0.000000000000000e+00 5.235896124999998e-01 1.600000000000010e-03 1.613745000000000e+00 -9.999999999999993e-03 0.000000000000000e+00 0.000000000000000e+00 
1.475000000000000e+00 -4.657142857142857e-03 5.315357125000000e-01 3.107142857142848e-02 -1.734723475976807e-18 0.000000000000000e+00 5.315357125000000e-01 1.550000000000009e-03 1.564694999999999e+00 -9.999999999999993e-03 0.000000000000000e+00 0.000000000000000e+00 
1.480000000000000e+00 -4.657142857142857e-03 5.392365624999998e-01 3.157142857142847e-02 -1.734723475976807e-18 0.000000000000000e+00 5.392365624999998e-01 1.500000000000010e-03 1.515645000000000e+00 -9.999999999999993e-03 0.000000000000000e+00 0.000000000000000e+00 
1.485000000000000e+00 -4.657142857142857e-03 5.466921625000000e-01 3.207142857142848e-02 -1.734723475976807e-18 0.000000000000000e+00 5.466921625000000e-01 1.450000000000009e-03 1.466594999999999e+00 -9.999999999999993e-03 0.000000000000000e+00 0.000000000000000e+00 
1.490000000000000e+00 -4.657142857142857e-03 5.539025124999998e-01 3.257142857142847e-02 -1.734723475976807e-18 0.000000000000000e+00 5.539025124999998e-01 1.400000000000010e-03 1.417545000000000e+00 -9.999999999999993e-03 0.000000000000000e+00 0.000000000000000e+00 
1.495000000000000e+00 -4.657142857142857e-03 5.608676124999999e-01 3.307142857142848e-02 -1.734723475976807e-18 0.000000000000000e+00 5.608676124999999e-01 1.350000000000009e-03 1.368494999999999e+00 -9.999999999999993e-03 0.000000000000000e+00 0.000000000000000e+00 
1.500000000000000e+00 -4.657142857142857e-03 5.675874624999998e-01 3.357142857142847e-02 -1.734723475976807e-18 0.000000000000000e+00 5.675874624999998e-01 1.300000000000010e-03 1.319445000000000e+00 -9.999999999999993e-03 0.000000000000000e+00 0.000000000000000e+00 
1.505000000000000e+00 -4.657142857142857e-03 5.740620624999999e-01 3.407142857142848e-02 -1.734723475976807e-18 0.000000000000000e+00 5.740620624999999e-01 1.250000000000009e-03 1.270394999999999e+00 -9.999999999999993e-03 0.000000000000000e+00 0.000000000000000e+00 
1.510000000000000e+00 -4.657142857142857e-03 5.802914124999998e-01 3.457142857142847e-02 -1.734723475976807e-18 0.000000000000000e+00 5.802914124999998e-01 1.200000000000010e-03 1.221345000000000e+00 -9.999999999999993e-03 0.000000000000000e+00 0.000000000000000e+00 
1.515000000000000e+00 -4.657142857142857e-03 5.862755125000000e-01 3.507142857142848e-02 -1.734723475976807e-18 0.000000000000000e+00 5.862755125000000e-01 1.150000000000009e-03 1.172294999999999e+00 -9.999999999999993e-03 0.000000000000000e+00 0.000000000000000e+00 
1.520000000000000e+00 -4.657142857142857e-03 5.920143624999998e-01 3.557142857142847e-02 -1.734723475976807e-18 0.000000000000000e+00 5.920143624999998e-01 1.100000000000010e-03 1.123245000000000e+00 -9.999999999999993e-03 0.000000000000000e+00 0.000000000000000e+00 
1.525000000000000e+00 -4.657142857142857e-03 5.975079624999999e-01 3.607142857142848e-02 -1.734723475976807e-18 0.000000000000000e+00 5.975079624999999e-01 1.050000000000008e-03 1.074194999999999e+00 -9.999999999999993e-03 0.000000000000000e+00 0.000000000000000e+00 
1.530000000000000e+00 -4.657142857142857e-03 6.027563124999998e-01 3.657142857142847e-02 -1.734723475976807e-18 0.000000000000000e+00 6.027563124999998e-01 1.000000000000010e-03 1.025145000000000e+00 -9.999999999999993e-03 0.000000000000000e+00 0.000000000000000e+00 
1.535000000000000e+00 -4.657142857142857e-03 6.077594125000000e-01 3.707142857142848e-02 -1.734723475976807e-18 0.000000000000000e+00 6.077594125000000e-01 9.500000000000086e-04 9.760949999999986e-01 -9.999999999999993e-03 0.000000000000000e+00 0.000000000000000e+00 
1.540000000000000e+00 -4.657142857142857e-03 6.125172624999998e-01 3.757142857142847e-02 -1.734723475976807e-18 0.000000000000000e+00 6.125172624999998e-01 9.000000000000097e-04 9.270449999999997e-01 -9.999999999999993e-03 0.000000000000000e+00 0.000000000000000e+00 
1.545000000000000e+00 -4.657142857142857e-03 6.170298624999997e-01 3.807142857142846e-02 -1.734723475976807e-18 0.000000000000000e+00 6.170298624999997e-01 8.500000000000113e-04 8.779950000000007e-01 -9.999999999999993e-03 0.000000000000000e+00 0.000000000000000e+00 
1.550000000000000e+00 -4.657142857142857e-03 6.212972124999998e-01 3.857142857142847e-02 -1.734723475976807e-18 0.000000000000000e+00 6.212972124999998e-01 8.000000000000099e-04 8.289449999999996e-01 -9.999999999999993e-03 0.000000000000000e+00 0.000000000000000e+00 
1.555000000000000e+00 -4.657142857142857e-03 6.253193124999997e-01 3.907142857142846e-02 -1.734723475976807e-18 0.000000000000000e+00 6.253193124999997e-01 7.500000000000111e-04 7.798950000000007e-01 -9.999999999999993e-03 0.000000000000000e+00 0.000000000000000e+00 
1.560000000000000e+00 -4.657142857142857e-03 6.290961624999998e-01 3.957142857142847e-02 -1.734723475976807e-18 0.000000000000000e+00 6.290961624999998e-01 7.000000000000096e-04 7.308449999999995e-01 -9.999999999999993e-03 0.000000000000000e+00 0.000000000000000e+00 
1.565000000000000e+00 -4.657142857142857e-03 6.326277624999997e-01 4.007142857142846e-02 -1.734723475976807e-18 0.000000000000000e+00 6.326277624999997e-01 6.500000000000108e-04 6.817950000000006e-01 -9.999999999999993e-03 0.000000000000000e+00 0.000000000000000e+00 
1.570000000000000e+00 -4.657142857142857e-03 6.359141124999999e-01 4.057142857142847e-02 -1.734723475976807e-18 0.000000000000000e+00 6.359141124999999e-01 6.000000000000094e-04 6.327449999999994e-01 -9.999999999999993e-03 0.000000000000000e+00 0.000000000000000e+00 
1.575000000000000e+00 -4.657142857142857e-03 6.389552124999998e-01 4.107142857142846e-02 -1.734723475976807e-18 0.000000000000000e+00 6.389552124999998e-01 5.500000000000105e-04 5.836950000000005e-01 -9.999999999999993e-03 0.000000000000000e+00 0.000000000000000e+00 
1.580000000000000e+00 -4.657142857142857e-03 6.417510624999998e-01 4.157142857142847e-02 -1.734723475976807e-18 0.000000000000000e+00 6.417510624999998e-01 5.000000000000091e-04 5.346449999999994e-01 -9.999999999999993e-03 0.000000000000000e+00 0.000000000000000e+00 
1.585000000000000e+00 -4.657142857142857e-03 6.443016624999998e-01 4.207142857142846e-02 -1.734723475976807e-18 0.000000000000000e+00 6.443016624999998e-01 4.500000000000112e-04 4.855950000000004e-01 -9.999999999999993e-03 0.000000000000000e+00 0.000000000000000e+00 
1.590000000000000e+00 -4.657142857142857e-03 6.466070124999999e-01 4.257142857142848e-02 -1.734723475976807e-18 0.000000000000000e+00 6.466070124999999e-01 4.000000000000097e-04 4.365449999999993e-01 -9.999999999999993e-03 0.000000000000000e+00 0.000000000000000e+00 
1.595000000000000e+00 -4.657142857142857e-03 6.486671124999999e-01 4.307142857142846e-02 -1.734723475976807e-18 0.000000000000000e+00 6.486671124999999e-01 3.500000000000109e-04 3.874950000000004e-01 -9.999999999999993e-03 0.000000000000000e+00 0.000000000000000e+00 
1.600000000000000e+00 -4.657142857142857e-03 6.504819624999999e-01 4.357142857142848e-02 -1.734723475976807e-18 0.000000000000000e+00 6.504819624999999e-01 3.000000000000095e-04 3.384449999999992e-01 -9.999999999999993e-03 0.000000000000000e+00 0.000000000000000e+00 
1.605000000000000e+00 -4.657142857142857e-03 6.520515624999998e-01 4.407142857142846e-02 -1.734723475976807e-18 0.000000000000000e+00 6.520515624999998e-01 2.500000000000106e-04 2.893950000000003e-01 -9.999999999999993e-03 0.000000000000000e+00 0.000000000000000e+00 
1.610000000000000e+00 -4.657142857142857e-03 6.533759124999998e-01 4.457142857142848e-02 -1.734723475976807e-18 0.000000000000000e+00 6.533759124999998e-01 2.000000000000092e-04 2.403449999999991e-01 -9.999999999999993e-03 0.000000000000000e+00 0.000000000000000e+00 
1.615000000000000e+00 -4.657142857142857e-03 6.544550124999998e-01 4.507142857142846e-02 -1.734723475976807e-18 0.000000000000000e+00 6.544550124999998e-01 1.500000000000104e-04 1.912950000000002e-01 -9.999999999999993e-03 0.000000000000000e+00 0.000000000000000e+00 
1.620000000000000e+00 -4.657142857142857e-03 6.552888624999998e-01 4.557142857142848e-02 -1.734723475976807e-18 0.000000000000000e+00 6.552888624999998e-01 1.000000000000089e-04 1.422449999999991e-01 -9.999999999999993e-03 0.000000000000000e+00 0.000000000000000e+00 
1.625000000000000e+00 -4.657142857142857e-03 6.558774624999998e-01 4.607142857142846e-02 -1.734723475976807e-18 0.000000000000000e+00 6.558774624999998e-01 5.000000000001011e-05 9.319500000000011e-02 -9.999999999999993e-03 0.000000000000000e+00 0.000000000000000e+00 
1.630000000000000e+00 -4.657142857142857e-03 6.562208124999998e-01 4.657142857142848e-02 -1.734723475976807e-18 0.000000000000000e+00 6.562208124999998e-01 8.673617379884035e-18 4.414499999999898e-02 -9.999999999999993e-03 0.000000000000000e+00 0.000000000000000e+00 
1.635000000000000e+00 -4.657142857142857e-03 6.563189124999997e-01 4.707142857142847e-02 -1.734723475976807e-18 0.000000000000000e+00 6.563189124999997e-01 -4.999999999999016e-05 -4.904999999999979e-03 -9.999999999999993e-03 0.000000000000000e+00 0.000000000000000e+00 
1.640000000000000e+00 -4.657142857142857e-03 6.561717624999998e-01 4.757142857142848e-02 -1.734723475976807e-18 0.000000000000000e+00 6.561717624999998e-01 -9.999999999999159e-05 -5.395500000000111e-02 -9.999999999999993e-03 0.000000000000000e+00 0.000000000000000e+00 
1.645000000000000e+00 -4.657142857142857e-03 6.557793624999998e-01 4.807142857142847e-02 -1.734723475976807e-18 0.000000000000000e+00 6.557793624999998e-01 -1.499999999999896e-04 -1.030050000000001e-01 -9.999999999999993e-03 0.000000000000000e+00 0.000000000000000e+00 
1.650000000000000e+00 -4.657142857142857e-03 6.551417124999998e-01 4.857142857142848e-02 -1.734723475976807e-18 0.000000000000000e+00 6.551417124999998e-01 -1.999999999999910e-04 -1.520550000000012e-01 -9.999999999999993e-03 0.000000000000000e+00 0.000000000000000e+00 
1.655000000000000e+00 -4.657142857142857e-03 6.542588124999997e-01 4.907142857142847e-02 -1.734723475976807e-18 0.000000000000000e+00 6.542588124999997e-01 -2.499999999999898e-04 -2.011050000000002e-01 -9.999999999999993e-03 0.000000000000000e+00 0.000000000000000e+00 
1.660000000000000e+00 -4.657142857142857e-03 6.531306624999997e-01 4.957142857142848e-02 -1.734723475976807e-18 0.000000000000000e+00 6.531306624999997e-01 -2.999999999999912e-04 -2.501550000000013e-01 -9.999999999999993e-03 0.000000000000000e+00 0.000000000000000e+00 
1.665000000000000e+00 -4.657142857142857e-03 6.517572624999998e-01 5.007142857142847e-02 -1.734723475976807e-18 0.000000000000000e+00 6.517572624999998e-01 -3.499999999999901e-04 -2.992050000000003e-01 -9.999999999999993e-03 0.000000000000000e+00 0.000000000000000e+00 
1.670000000000000e+00 -4.657142857142857e-03 6.501386124999998e-01 5.057142857142845e-02 -1.734723475976807e-18 0.000000000000000e+00 6.501386124999998e-01 -3.999999999999889e-04 -3.482549999999992e-01 -9.999999999999993e-03 0.000000000000000e+00 0.000000000000000e+00 
1.675000000000000e+00 -4.657142857142857e-03 6.482747124999998e-01 5.107142857142847e-02 -1.734723475976807e-18 0.000000000000000e+00 6.482747124999998e-01 -4.499999999999903e-04 -3.973050000000004e-01 -9.999999999999993e-03 0.000000000000000e+00 0.000000000000000e+00 
1.680000000000000e+00 -4.657142857142857e-03 6.461655624999998e-01 5.157142857142846e-02 -1.734723475976807e-18 0.000000000000000e+00 6.461655624999998e-01 -4.999999999999892e-04 -4.463549999999993e-01 -9.999999999999993e-03 0.000000000000000e+00 0.000000000000000e+00 
1.685000000000000e+00 -4.657142857142857e-03 6.438111624999997e-01 5.207142857142847e-02 -1.734723475976807e-18 0.000000000000000e+00 6.438111624999997e-01 -5.499999999999906e-04 -4.954050000000004e-01 -9.999999999999993e-03 0.000000000000000e+00 0.000000000000000e+00 
1.690000000000000e+00 -4.657142857142857e-03 6.412115124999997e-01 5.257142857142846e-02 -1.734723475976807e-18 0.000000000000000e+00 6.412115124999997e-01 -5.999999999999886e-04 -5.444549999999994e-01 -9.999999999999993e-03 0.000000000000000e+00 0.000000000000000e+00 
1.695000000000000e+00 -4.657142857142857e-03 6.383666124999997e-01 5.307142857142847e-02 -1.734723475976807e-18 0.000000000000000e+00 6.383666124999997e-01 -6.499999999999900e-04 -5.935050000000005e-01 -9.999999999999993e-03 0.000000000000000e+00 0.000000000000000e+00 
1.700000000000000e+00 -4.657142857142857e-03 6.352764624999998e-01 5.357142857142846e-02 -1.734723475976807e-18 0.000000000000000e+00 6.352764624999998e-01 -6.999999999999888e-04 -6.425549999999994e-01 -9.999999999999993e-03 0.000000000000000e+00 0.000000000000000e+00 
1.705000000000000e+00 -4.657142857142857e-03 6.319410624999997e-01 5.407142857142847e-02 -1.734723475976807e-18 0.000000000000000e+00 6.319410624999997e-01 -7.499999999999903e-04 -6.916050000000006e-01 -9.999999999999993e-03 0.000000000000000e+00 0.000000000000000e+00 
1.710000000000000e+00 -4.657142857142857e-03 6.283604124999997e-01 5.457142857142846e-02 -1.734723475976807e-18 0.000000000000000e+00 6.283604124999997e-01 -7.999999999999891e-04 -7.406549999999995e-01 -9.999999999999993e-03 0.000000000000000e+00 0.000000000000000e+00 
1.715000000000000e+00 -4.657142857142857e-03 6.245345124999997e-01 5.507142857142847e-02 -1.734723475976807e-18 0.000000000000000e+00 6.245345124999997e-01 -8.499999999999905e-04 -7.897050000000007e-01 -9.999999999999993e-03 0.000000000000000e+00 0.000000000000000e+00 
1.720000000000000e+00 -4.657142857142857e-03 6.204633624999998e-01 5.557142857142846e-02 -1.734723475976807e-18 0.000000000000000e+00 6.204633624999998e-01 -8.999999999999894e-04 -8.387549999999996e-01 -9.999999999999993e-03 0.000000000000000e+00 0.000000000000000e+00 
1.725000000000000e+00 -4.657142857142857e-03 6.161469624999997e-01 5.607142857142847e-02 -1.734723475976807e-18 0.000000000000000e+00 6.161469624999997e-01 -9.499999999999908e-04 -8.878050000000007e-01 -9.999999999999993e-03 0.000000000000000e+00 0.000000000000000e+00 
1.730000000000000e+00 -4.657142857142857e-03 6.115853124999998e-01 5.657142857142846e-02 -1.734723475976807e-18 0.000000000000000e+00 6.115853124999998e-01 -9.999999999999896e-04 -9.368549999999997e-01 -9.999999999999993e-03 0.000000000000000e+00 0.000000000000000e+00 
1.735000000000000e+00 -4.657142857142857e-03 6.067784124999998e-01 5.707142857142847e-02 -1.734723475976807e-18 0.000000000000000e+00 6.067784124999998e-01 -1.049999999999991e-03 -9.859050000000008e-01 -9.999999999999993e-03 0.000000000000000e+00 0.000000000000000e+00 
1.740000000000000e+00 -4.657142857142857e-03 6.017262624999998e-01 5.757142857142846e-02 -1.734723475976807e-18 0.000000000000000e+00 6.017262624999998e-01 -1.099999999999989e-03 -1.034955000000000e+00 -9.999999999999993e-03 0.000000000000000e+00 0.000000000000000e+00 
1.745000000000000e+00 -4.657142857142857e-03 5.964288624999997e-01 5.807142857142848e-02 -1.734723475976807e-18 0.000000000000000e+00 5.964288624999997e-01 -1.149999999999990e-03 -1.084005000000001e+00 -9.999999999999993e-03 0.000000000000000e+00 0.000000000000000e+00 
1.750000000000000e+00 -4.657142857142857e-03 5.908862124999998e-01 5.857142857142846e-02 -1.734723475976807e-18 0.000000000000000e+00 5.908862124999998e-01 -1.199999999999989e-03 -1.133055000000000e+00 -9.999999999999993e-03 0.000000000000000e+00 0.000000000000000e+00 
1.755000000000000e+00 -4.657142857142857e-03 5.850983124999997e-01 5.907142857142848e-02 -1.734723475976807e-18 0.000000000000000e+00 5.850983124999997e-01 -1.249999999999991e-03 -1.182105000000001e+00 -9.999999999999993e-03 0.000000000000000e+00 0.000000000000000e+00 
1.760000000000000e+00 -4.657142857142857e-03 5.790651624999998e-01 5.957142857142846e-02 -1.734723475976807e-18 0.000000000000000e+00 5.790651624999998e-01 -1.299999999999990e-03 -1.231155000000000e+00 -9.999999999999993e-03 0.000000000000000e+00 0.000000000000000e+00 
1.765000000000000e+00 -4.657142857142857e-03 5.727867624999997e-01 6.007142857142848e-02 -1.734723475976807e-18 0.000000000000000e+00 5.727867624999997e-01 -1.349999999999991e-03 -1.280205000000001e+00 -9.999999999999993e-03 0.000000000000000e+00 0.000000000000000e+00 
1.770000000000000e+00 -4.657142857142857e-03 5.662631124999998e-01 6.057142857142846e-02 -1.734723475976807e-18 0.000000000000000e+00 5.662631124999998e-01 -1.399999999999990e-03 -1.329255000000000e+00 -9.999999999999993e-03 0.000000000000000e+00 0.000000000000000e+00 
1.775000000000000e+00 -4.657142857142857e-03 5.594942124999996e-01 6.107142857142848e-02 -1.734723475976807e-18 0.000000000000000e+00 5.594942124999996e-01 -1.449999999999991e-03 -1.378305000000001e+00 -9.999999999999993e-03 0.000000000000000e+00 0.000000000000000e+00 
1.780000000000000e+00 -4.657142857142857e-03 5.524800624999998e-01 6.157142857142846e-02 -1.734723475976807e-18 0.000000000000000e+00 5.524800624999998e-01 -1.499999999999990e-03 -1.427355000000000e+00 -9.999999999999993e-03 0.000000000000000e+00 0.000000000000000e+00 
1.785000000000000e+00 -4.657142857142857e-03 5.452206624999997e-01 6.207142857142848e-02 -1.734723475976807e-18 0.000000000000000e+00 5.452206624999997e-01 -1.549999999999991e-03 -1.476405000000001e+00 -9.999999999999993e-03 0.000000000000000e+00 0.000000000000000e+00 
1.790000000000000e+00 -4.657142857142857e-03 5.377160124999998e-01 6.257142857142847e-02 -1.734723475976807e-18 0.000000000000000e+00 5.377160124999998e-01 -1.599999999999990e-03 -1.525455000000000e+00 -9.999999999999993e-03 0.000000000000000e+00 0.000000000000000e+00 
1.795000000000000e+00 -4.657142857142857e-03 5.299661124999999e-01 6.307142857142846e-02 -1.734723475976807e-18 0.000000000000000e+00 5.299661124999999e-01 -1.649999999999989e-03 -1.574504999999999e+00 -9.999999999999993e-03 0.000000000000000e+00 0.000000000000000e+00 
1.800000000000000e+00 -4.657142857142857e-03 5.219709624999997e-01 6.357142857142847e-02 -1.734723475976807e-18 0.000000000000000e+00 5.219709624999997e-01 -1.699999999999991e-03 -1.623555000000000e+00 -9.999999999999993e-03 0.000000000000000e+00 0.000000000000000e+00 
1.805000000000000e+00 -4.657142857142857e-03 5.137305624999999e-01 6.407142857142846e-02 -1.734723475976807e-18 0.000000000000000e+00 5.137305624999999e-01 -1.749999999999989e-03 -1.672604999999999e+00 -9.999999999999993e-03 0.000000000000000e+00 0.000000000000000e+00 
1.810000000000000e+00 -4.657142857142857e-03 5.052449124999997e-01 6.457142857142847e-02 -1.734723475976807e-18 0.000000000000000e+00 5.052449124999997e-01 -1.799999999999991e-03 -1.721655000000000e+00 -9.999999999999993e-03 0.000000000000000e+00 0.000000000000000e+00 
1.815000000000000e+00 -4.657142857142857e-03 4.965140124999999e-01 6.507142857142846e-02 -1.734723475976807e-18 0.000000000000000e+00 4.965140124999999e-01 -1.849999999999990e-03 -1.770704999999999e+00 -9.999999999999993e-03 0.000000000000000e+00 0.000000000000000e+00 
1.820000000000000e+00 -4.657142857142857e-03 4.875378624999997e-01 6.557142857142848e-02 -1.734723475976807e-18 0.000000000000000e+00 4.875378624999997e-01 -1.899999999999991e-03 -1.819755000000000e+00 -9.999999999999993e-03 0.000000000000000e+00 0.000000000000000e+00 
1.825000000000000e+00 -4.657142857142857e-03 4.783164624999999e-01 6.607142857142846e-02 -1.734723475976807e-18 0.000000000000000e+00 4.783164624999999e-01 -1.949999999999989e-03 -1.868804999999999e+00 -9.999999999999993e-03 0.000000000000000e+00 0.000000000000000e+00 
1.830000000000000e+00 -4.657142857142857e-03 4.688498124999996e-01 6.657142857142848e-02 -1.734723475976807e-18 0.000000000000000e+00 4.688498124999996e-01 -1.999999999999991e-03 -1.917855000000001e+00 -9.999999999999993e-03 0.000000000000000e+00 0.000000000000000e+00 
1.835000000000000e+00 -4.657142857142857e-03 4.591379124999999e-01 6.707142857142846e-02 -1.734723475976807e-18 0.000000000000000e+00 4.591379124999999e-01 -2.049999999999989e-03 -1.966904999999999e+00 -9.999999999999993e-03 0.000000000000000e+00 0.000000000000000e+00 
1.840000000000000e+00 -4.657142857142857e-03 4.491807624999996e-01 6.757142857142848e-02 -1.734723475976807e-18 0.000000000000000e+00 4.491807624999996e-01 -2.099999999999991e-03 -2.015955000000000e+00 -9.999999999999993e-03 0.000000000000000e+00 0.000000000000000e+00 
1.845000000000000e+00 -4.657142857142857e-03 4.389783624999998e-01 6.807142857142846e-02 -1.734723475976807e-18 0.000000000000000e+00 4.389783624999998e-01 -2.149999999999990e-03 -2.065004999999999e+00 -9.999999999999993e-03 0.000000000000000e+00 0.000000000000000e+00 
1.850000000000000e+00 -4.657142857142857e-03 4.285307124999996e-01 6.857142857142848e-02 -1.734723475976807e-18 0.000000000000000e+00 4.285307124999996e-01 -2.199999999999991e-03 -2.114055000000000e+00 -9.999999999999993e-03 0.000000000000000e+00 0.000000000000000e+00 
1.855000000000000e+00 -4.657142857142857e-03 4.178378124999998e-01 6.907142857142846e-02 -1.734723475976807e-18 0.000000000000000e+00 4.178378124999998e-01 -2.249999999999990e-03 -2.163104999999999e+00 -9.999999999999993e-03 0.000000000000000e+00 0.000000000000000e+00 
1.860000000000000e+00 -4.657142857142857e-03 4.068996624999995e-01 6.957142857142848e-02 -1.734723475976807e-18 0.000000000000000e+00 4.068996624999995e-01 -2.299999999999991e-03 -2.212155000000001e+00 -9.999999999999993e-03 0.000000000000000e+00 0.000000000000000e+00 
1.865000000000000e+00 -4.657142857142857e-03 3.957162624999997e-01 7.007142857142847e-02 -1.734723475976807e-18 0.000000000000000e+00 3.957162624999997e-01 -2.349999999999990e-03 -2.261204999999999e+00 -9.999999999999993e-03 0.000000000000000e+00 0.000000000000000e+00 
1.870000000000000e+00 -4.657142857142857e-03 3.842876124999995e-01 7.057142857142848e-02 -1.734723475976807e-18 0.000000000000000e+00 3.842876124999995e-01 -2.399999999999992e-03 -2.310255000000001e+00 -9.999999999999993e-03 0.000000000000000e+00 0.000000000000000e+00 
1.875000000000000e+00 -4.657142857142857e-03 3.726137124999997e-01 7.107142857142847e-02 -1.734723475976807e-18 0.000000000000000e+00 3.726137124999997e-01 -2.449999999999990e-03 -2.359305000000000e+00 -9.999999999999993e-03 0.000000000000000e+00 0.000000000000000e+00 
1.880000000000000e+00 -4.657142857142857e-03 3.606945624999995e-01 7.157142857142848e-02 -1.734723475976807e-18 0.000000000000000e+00 3.606945624999995e-01 -2.499999999999991e-03 -2.408355000000001e+00 -9.999999999999993e-03 0.000000000000000e+00 0.000000000000000e+00 
1.885000000000000e+00 -4.657142857142857e-03 3.485301624999997e-01 7.207142857142847e-02 -1.734723475976807e-18 0.000000000000000e+00 3.485301624999997e-01 -2.549999999999990e-03 -2.457405000000000e+00 -9.999999999999993e-03 0.000000000000000e+00 0.000000000000000e+00 
1.890000000000000e+00 -4.657142857142857e-03 3.361205124999995e-01 7.257142857142848e-02 -1.734723475976807e-18 0.000000000000000e+00 3.361205124999995e-01 -2.599999999999991e-03 -2.506455000000001e+00 -9.999999999999993e-03 0.000000000000000e+00 0.000000000000000e+00 
1.895000000000000e+00 -4.657142857142857e-03 3.234656124999997e-01 7.307142857142847e-02 -1.734723475976807e-18 0.000000000000000e+00 3.234656124999997e-01 -2.649999999999990e-03 -2.555505000000000e+00 -9.999999999999993e-03 0.000000000000000e+00 0.000000000000000e+00 
1.900000000000000e+00 -4.657142857142857e-03 3.105654624999994e-01 7.357142857142848e-02 -1.734723475976807e-18 0.000000000000000e+00 3.105654624999994e-01 -2.699999999999991e-03 -2.604555000000001e+00 -9.999999999999993e-03 0.000000000000000e+00 0.000000000000000e+00 
1.905000000000000e+00 -4.657142857142857e-03 2.974200624999997e-01 7.407142857142847e-02 -1.734723475976807e-18 0.000000000000000e+00 2.974200624999997e-01 -2.749999999999990e-03 -2.653605000000000e+00 -9.999999999999993e-03 0.000000000000000e+00 0.000000000000000e+00 
1.910000000000000e+00 -4.657142857142857e-03 2.840294124999994e-01 7.457142857142848e-02 -1.734723475976807e-18 0.000000000000000e+00 2.840294124999994e-01 -2.799999999999992e-03 -2.702655000000001e+00 -9.999999999999993e-03 0.000000000000000e+00 0.000000000000000e+00 
1.915000000000000e+00 -4.657142857142857e-03 2.703935124999997e-01 7.507142857142847e-02 -1.734723475976807e-18 0.000000000000000e+00 2.703935124999997e-01 -2.849999999999991e-03 -2.751705000000000e+00 -9.999999999999993e-03 0.000000000000000e+00 0.000000000000000e+00 
1.920000000000000e+00 -4.657142857142857e-03 2.565123625000000e-01 7.557142857142846e-02 -1.734723475976807e-18 0.000000000000000e+00 2.565123625000000e-01 -2.899999999999989e-03 -2.800754999999999e+00 -9.999999999999993e-03 0.000000000000000e+00 0.000000000000000e+00 
1.925000000000000e+00 -4.657142857142857e-03 2.423859624999997e-01 7.607142857142847e-02 -1.734723475976807e-18 0.000000000000000e+00 2.423859624999997e-01 -2.949999999999990e-03 -2.849805000000000e+00 -9.999999999999993e-03 0.000000000000000e+00 0.000000000000000e+00 
1.930000000000000e+00 -4.657142857142857e-03 2.280143125000000e-01 7.657142857142846e-02 -1.734723475976807e-18 0.000000000000000e+00 2.280143125000000e-01 -2.999999999999989e-03 -2.898854999999999e+00 -9.999999999999993e-03 0.000000000000000e+00 0.000000000000000e+00 
1.935000000000000e+00 -4.657142857142857e-03 2.133974124999997e-01 7.707142857142847e-02 -1.734723475976807e-18 0.000000000000000e+00 2.133974124999997e-01 -3.049999999999990e-03 -2.947905000000000e+00 -9.999999999999993e-03 0.000000000000000e+00 0.000000000000000e+00 
1.940000000000000e+00 -4.657142857142857e-03 1.985352625000000e-01 7.757142857142846e-02 -1.734723475976807e-18 0.000000000000000e+00 1.985352625000000e-01 -3.099999999999989e-03 -2.996954999999999e+00 -9.999999999999993e-03 0.000000000000000e+00 0.000000000000000e+00 
1.945000000000000e+00 -4.657142857142857e-03 1.834278624999997e-01 7.807142857142847e-02 -1.734723475976807e-18 0.000000000000000e+00 1.834278624999997e-01 -3.149999999999990e-03 -3.046005000000000e+00 -9.999999999999993e-03 0.000000000000000e+00 0.000000000000000e+00 
1.950000000000000e+00 -4.657142857142857e-03 1.680752125000000e-01 7.857142857142846e-02 -1.734723475976807e-18 0.000000000000000e+00 1.680752125000000e-01 -3.199999999999988e-03 -3.095054999999999e+00 -9.999999999999993e-03 0.000000000000000e+00 0.000000000000000e+00 
1.955000000000000e+00 -4.657142857142857e-03 1.524773124999997e-01 7.907142857142847e-02 -1.734723475976807e-18 0.000000000000000e+00 1.524773124999997e-01 -3.249999999999990e-03 -3.144105000000000e+00 -9.999999999999993e-03 0.000000000000000e+00 0.000000000000000e+00 
1.960000000000000e+00 -4.657142857142857e-03 1.366341625000000e-01 7.957142857142846e-02 -1.734723475976807e-18 0.000000000000000e+00 1.366341625000000e-01 -3.299999999999990e-03 -3.193154999999999e+00 -9.999999999999993e-03 0.000000000000000e+00 0.000000000000000e+00 
1.965000000000000e+00 -4.657142857142857e-03 1.205457624999996e-01 8.007142857142847e-02 -1.734723475976807e-18 0.000000000000000e+00 1.205457624999996e-01 -3.349999999999991e-03 -3.242205000000000e+00 -9.999999999999993e-03 0.000000000000000e+00 0.000000000000000e+00 
1.970000000000000e+00 -4.657142857142857e-03 1.042121125000000e-01 8.057142857142846e-02 -1.734723475976807e-18 0.000000000000000e+00 1.042121125000000e-01 -3.399999999999989e-03 -3.291254999999999e+00 -9.999999999999993e-03 0.000000000000000e+00 0.000000000000000e+00 
1.975000000000000e+00 -4.657142857142857e-03 8.763321249999960e-02 8.107142857142847e-02 -1.734723475976807e-18 0.000000000000000e+00 8.763321249999960e-02 -3.449999999999990e-03 -3.340305000000000e+00 -9.999999999999993e-03 0.000000000000000e+00 0.000000000000000e+00 
1.980000000000000e+00 -4.657142857142857e-03 7.080906249999996e-02 8.157142857142846e-02 -1.734723475976807e-18 0.000000000000000e+00 7.080906249999996e-02 -3.499999999999990e-03 -3.389354999999999e+00 -9.999999999999993e-03 0.000000000000000e+00 0.000000000000000e+00 
1.985000000000000e+00 -4.657142857142857e-03 5.373966249999957e-02 8.207142857142848e-02 -1.734723475976807e-18 0.000000000000000e+00 5.373966249999957e-02 -3.549999999999992e-03 -3.438405000000000e+00 -9.999999999999993e-03 0.000000000000000e+00 0.000000000000000e+00 
1.990000000000000e+00 -4.657142857142857e-03 3.642501249999994e-02 8.257142857142846e-02 -1.734723475976807e-18 0.000000000000000e+00 3.642501249999994e-02 -3.599999999999989e-03 -3.487454999999999e+00 -9.999999999999993e-03 0.000000000000000e+00 0.000000000000000e+00 
1.995000000000000e+00 -4.657142857142857e-03 1.886511249999953e-02 8.307142857142848e-02 -1.734723475976807e-18 0.000000000000000e+00 1.886511249999953e-02 -3.649999999999991e-03 -3.536505000000000e+00 -9.999999999999993e-03 0.000000000000000e+00 0.000000000000000e+00 
2.000000000000000e+00 -4.657142857142857e-03 1.059962499999911e-03 8.357142857142846e-02 -1.734723475976807e-18 0.000000000000000e+00 1.059962499999911e-03 -3.699999999999989e-03 -3.585554999999999e+00 -9.999999999999993e-03 0.000000000000000e+00 0.000000000000000e+00 
2.005000000000000e+00 -4.671428571428571e-03 1.635737499999304e-04 8.371428571428560e-02 -5.714285714285713e-03 -5.714285714285711e-03 1.635737499999304e-04 -3.699999999999990e-03 3.226999499999999e+00 9.999999999999995e-03 6.861604499999998e+00 5.714285714285711e-03 
2.010000000000000e+00 -4.700000000000002e-03 1.617594625000100e-02 8.349999999999988e-02 -5.714285714285713e-03 0.000000000000000e+00 1.617594625000100e-02 -3.649999999999986e-03 3.177949499999996e+00 9.999999999999995e-03 0.000000000000000e+00 0.000000000000000e+00 
2.015000000000000e+00 -4.728571428571430e-03 3.194306875000065e-02 8.328571428571417e-02 -5.714285714285713e-03 0.000000000000000e+00 3.194306875000065e-02 -3.599999999999988e-03 3.128899499999997e+00 9.999999999999995e-03 0.000000000000000e+00 0.000000000000000e+00 
2.020000000000000e+00 -4.757142857142858e-03 4.746494125000031e-02 8.307142857142846e-02 -5.714285714285713e-03 0.000000000000000e+00 4.746494125000031e-02 -3.549999999999988e-03 3.079849499999998e+00 9.999999999999995e-03 0.000000000000000e+00 0.000000000000000e+00 
2.025000000000000e+00 -4.785714285714286e-03 6.274156374999998e-02 8.285714285714275e-02 -5.714285714285713e-03 0.000000000000000e+00 6.274156374999998e-02 -3.499999999999990e-03 3.030799499999999e+00 9.999999999999995e-03 0.000000000000000e+00 0.000000000000000e+00 
2.030000000000000e+00 -4.814285714285717e-03 7.777293625000098e-02 8.264285714285703e-02 -5.714285714285713e-03 0.000000000000000e+00 7.777293625000098e-02 -3.449999999999986e-03 2.981749499999996e+00 9.999999999999995e-03 0.000000000000000e+00 0.000000000000000e+00 
2.035000000000000e+00 -4.842857142857145e-03 9.255905875000064e-02 8.242857142857132e-02 -5.714285714285713e-03 0.000000000000000e+00 9.255905875000064e-02 -3.399999999999988e-03 2.932699499999997e+00 9.999999999999995e-03 0.000000000000000e+00 0.000000000000000e+00 
2.040000000000000e+00 -4.871428571428573e-03 1.070999312500003e-01 8.221428571428561e-02 -5.714285714285713e-03 0.000000000000000e+00 1.070999312500003e-01 -3.349999999999988e-03 2.883649499999998e+00 9.999999999999995e-03 0.000000000000000e+00 0.000000000000000e+00 
2.045000000000000e+00 -4.900000000000002e-03 1.213955537500000e-01 8.199999999999991e-02 -5.714285714285713e-03 0.000000000000000e+00 1.213955537500000e-01 -3.299999999999989e-03 2.834599499999999e+00 9.999999999999995e-03 0.000000000000000e+00 0.000000000000000e+00 
2.050000000000000e+00 -4.928571428571430e-03 1.354459262499997e-01 8.178571428571420e-02 -5.714285714285713e-03 0.000000000000000e+00 1.354459262499997e-01 -3.249999999999991e-03 2.785549500000000e+00 9.999999999999995e-03 0.000000000000000e+00 0.000000000000000e+00 
2.055000000000000e+00 -4.957142857142860e-03 1.492510487500006e-01 8.157142857142848e-02 -5.714285714285713e-03 0.000000000000000e+00 1.492510487500006e-01 -3.199999999999987e-03 2.736499499999997e+00 9.999999999999995e-03 0.000000000000000e+00 0.000000000000000e+00 
2.060000000000000e+00 -4.985714285714289e-03 1.628109212500004e-01 8.135714285714277e-02 -5.714285714285713e-03 0.000000000000000e+00 1.628109212500004e-01 -3.149999999999989e-03 2.687449499999998e+00 9.999999999999995e-03 0.000000000000000e+00 0.000000000000000e+00 
2.065000000000000e+00 -5.014285714285717e-03 1.761255437500001e-01 8.114285714285706e-02 -5.714285714285713e-03 0.000000000000000e+00 1.761255437500001e-01 -3.099999999999989e-03 2.638399499999999e+00 9.999999999999995e-03 0.000000000000000e+00 0.000000000000000e+00 
2.070000000000000e+00 -5.042857142857145e-03 1.891949162499998e-01 8.092857142857135e-02 -5.714285714285713e-03 0.000000000000000e+00 1.891949162499998e-01 -3.049999999999991e-03 2.589349500000000e+00 9.999999999999995e-03 0.000000000000000e+00 0.000000000000000e+00 
2.075000000000000e+00 -5.071428571428576e-03 2.020190387500007e-01 8.071428571428563e-02 -5.714285714285713e-03 0.000000000000000e+00 2.020190387500007e-01 -2.999999999999987e-03 2.540299499999997e+00 9.999999999999995e-03 0.000000000000000e+00 0.000000000000000e+00 
2.080000000000000e+00 -5.100000000000004e-03 2.145979112500004e-01 8.049999999999992e-02 -5.714285714285713e-03 0.000000000000000e+00 2.145979112500004e-01 -2.949999999999989e-03 2.491249499999998e+00 9.999999999999995e-03 0.000000000000000e+00 0.000000000000000e+00 
2.085000000000000e+00 -5.128571428571432e-03 2.269315337500001e-01 8.028571428571421e-02 -5.714285714285713e-03 0.000000000000000e+00 2.269315337500001e-01 -2.899999999999989e-03 2.442199499999999e+00 9.999999999999995e-03 0.000000000000000e+00 0.000000000000000e+00 
2.090000000000000e+00 -5.157142857142860e-03 2.390199062499999e-01 8.007142857142850e-02 -5.714285714285713e-03 0.000000000000000e+00 2.390199062499999e-01 -2.849999999999990e-03 2.393149500000000e+00 9.999999999999995e-03 0.000000000000000e+00 0.000000000000000e+00 
2.095000000000000e+00 -5.185714285714291e-03 2.508630287500007e-01 7.985714285714278e-02 -5.714285714285713e-03 0.000000000000000e+00 2.508630287500007e-01 -2.799999999999987e-03 2.344099499999996e+00 9.999999999999995e-03 0.000000000000000e+00 0.000000000000000e+00 
2.100000000000000e+00 -5.214285714285719e-03 2.624609012500004e-01 7.964285714285707e-02 -5.714285714285713e-03 0.000000000000000e+00 2.624609012500004e-01 -2.749999999999988e-03 2.295049499999998e+00 9.999999999999995e-03 0.000000000000000e+00 0.000000000000000e+00 
2.105000000000000e+00 -5.242857142857147e-03 2.738135237500001e-01 7.942857142857136e-02 -5.714285714285713e-03 0.000000000000000e+00 2.738135237500001e-01 -2.699999999999990e-03 2.245999499999999e+00 9.999999999999995e-03 0.000000000000000e+00 0.000000000000000e+00 
2.110000000000000e+00 -5.271428571428575e-03 2.849208962499999e-01 7.921428571428565e-02 -5.714285714285713e-03 0.000000000000000e+00 2.849208962499999e-01 -2.649999999999990e-03 2.196949500000000e+00 9.999999999999995e-03 0.000000000000000e+00 0.000000000000000e+00 
2.115000000000000e+00 -5.300000000000006e-03 2.957830187500006e-01 7.899999999999993e-02 -5.714285714285713e-03 0.000000000000000e+00 2.957830187500006e-01 -2.599999999999988e-03 2.147899499999996e+00 9.999999999999995e-03 0.000000000000000e+00 0.000000000000000e+00 
2.120000000000000e+00 -5.328571428571434e-03 3.063998912500004e-01 7.878571428571422e-02 -5.714285714285713e-03 0.000000000000000e+00 3.063998912500004e-01 -2.549999999999988e-03 2.098849499999997e+00 9.999999999999995e-03 0.000000000000000e+00 0.000000000000000e+00 
2.125000000000000e+00 -5.357142857142862e-03 3.167715137500002e-01 7.857142857142851e-02 -5.714285714285713e-03 0.000000000000000e+00 3.167715137500002e-01 -2.499999999999990e-03 2.049799499999998e+00 9.999999999999995e-03 0.000000000000000e+00 0.000000000000000e+00 
2.130000000000000e+00 -5.385714285714291e-03 3.268978862499999e-01 7.835714285714281e-02 -5.714285714285713e-03 0.000000000000000e+00 3.268978862499999e-01 -2.449999999999990e-03 2.000749500000000e+00 9.999999999999995e-03 0.000000000000000e+00 0.000000000000000e+00 
2.135000000000000e+00 -5.414285714285721e-03 3.367790087500006e-01 7.814285714285708e-02 -5.714285714285713e-03 0.000000000000000e+00 3.367790087500006e-01 -2.399999999999988e-03 1.951699499999996e+00 9.999999999999995e-03 0.000000000000000e+00 0.000000000000000e+00 
2.140000000000000e+00 -5.442857142857149e-03 3.464148812500004e-01 7.792857142857137e-02 -5.714285714285713e-03 0.000000000000000e+00 3.464148812500004e-01 -2.349999999999988e-03 1.902649499999997e+00 9.999999999999995e-03 0.000000000000000e+00 0.000000000000000e+00 
2.145000000000000e+00 -5.471428571428578e-03 3.558055037500001e-01 7.771428571428567e-02 -5.714285714285713e-03 0.000000000000000e+00 3.558055037500001e-01 -2.299999999999990e-03 1.853599499999998e+00 9.999999999999995e-03 0.000000000000000e+00 0.000000000000000e+00 
2.150000000000000e+00 -5.500000000000006e-03 3.649508762499999e-01 7.749999999999996e-02 -5.714285714285713e-03 0.000000000000000e+00 3.649508762499999e-01 -2.249999999999991e-03 1.804549499999999e+00 9.999999999999995e-03 0.000000000000000e+00 0.000000000000000e+00 
2.155000000000000e+00 -5.528571428571437e-03 3.738509987500006e-01 7.728571428571424e-02 -5.714285714285713e-03 0.000000000000000e+00 3.738509987500006e-01 -2.199999999999988e-03 1.755499499999996e+00 9.999999999999995e-03 0.000000000000000e+00 0.000000000000000e+00 
2.160000000000000e+00 -5.557142857142865e-03 3.825058712500004e-01 7.707142857142853e-02 -5.714285714285713e-03 0.000000000000000e+00 3.825058712500004e-01 -2.149999999999989e-03 1.706449499999997e+00 9.999999999999995e-03 0.000000000000000e+00 0.000000000000000e+00 
2.165000000000000e+00 -5.585714285714293e-03 3.909154937500002e-01 7.685714285714282e-02 -5.714285714285713e-03 0.000000000000000e+00 3.909154937500002e-01 -2.099999999999989e-03 1.657399499999998e+00 9.999999999999995e-03 0.000000000000000e+00 0.000000000000000e+00 
2.170000000000000e+00 -5.614285714285721e-03 3.990798662500000e-01 7.664285714285711e-02 -5.714285714285713e-03 0.000000000000000e+00 3.990798662500000e-01 -2.049999999999990e-03 1.608349499999999e+00 9.999999999999995e-03 0.000000000000000e+00 0.000000000000000e+00 
2.175000000000000e+00 -5.642857142857152e-03 4.069989887500005e-01 7.642857142857139e-02 -5.714285714285713e-03 0.000000000000000e+00 4.069989887500005e-01 -1.999999999999987e-03 1.559299499999996e+00 9.999999999999995e-03 0.000000000000000e+00 0.000000000000000e+00 
2.180000000000000e+00 -5.671428571428580e-03 4.146728612500004e-01 7.621428571428568e-02 -5.714285714285713e-03 0.000000000000000e+00 4.146728612500004e-01 -1.949999999999988e-03 1.510249499999997e+00 9.999999999999995e-03 0.000000000000000e+00 0.000000000000000e+00 
2.185000000000000e+00 -5.700000000000008e-03 4.221014837500002e-01 7.599999999999997e-02 -5.714285714285713e-03 0.000000000000000e+00 4.221014837500002e-01 -1.899999999999989e-03 1.461199499999998e+00 9.999999999999995e-03 0.000000000000000e+00 0.000000000000000e+00 
2.190000000000000e+00 -5.728571428571436e-03 4.292848562500000e-01 7.578571428571426e-02 -5.714285714285713e-03 0.000000000000000e+00 4.292848562500000e-01 -1.849999999999991e-03 1.412149499999999e+00 9.999999999999995e-03 0.000000000000000e+00 0.000000000000000e+00 
2.195000000000000e+00 -5.757142857142864e-03 4.362229787499999e-01 7.557142857142855e-02 -5.714285714285713e-03 0.000000000000000e+00 4.362229787499999e-01 -1.799999999999992e-03 1.363099500000000e+00 9.999999999999995e-03 0.000000000000000e+00 0.000000000000000e+00 
2.200000000000000e+00 -5.785714285714295e-03 4.429158512500003e-01 7.535714285714283e-02 -5.714285714285713e-03 0.000000000000000e+00 4.429158512500003e-01 -1.749999999999989e-03 1.314049499999997e+00 9.999999999999995e-03 0.000000000000000e+00 0.000000000000000e+00 
2.205000000000000e+00 -5.814285714285723e-03 4.493634737500002e-01 7.514285714285712e-02 -5.714285714285713e-03 0.000000000000000e+00 4.493634737500002e-01 -1.699999999999990e-03 1.264999499999998e+00 9.999999999999995e-03 0.000000000000000e+00 0.000000000000000e+00 
2.210000000000000e+00 -5.842857142857151e-03 4.555658462500001e-01 7.492857142857141e-02 -5.714285714285713e-03 0.000000000000000e+00 4.555658462500001e-01 -1.649999999999990e-03 1.215949499999999e+00 9.999999999999995e-03 0.000000000000000e+00 0.000000000000000e+00 
2.215000000000000e+00 -5.871428571428580e-03 4.615229687499999e-01 7.471428571428571e-02 -5.714285714285713e-03 0.000000000000000e+00 4.615229687499999e-01 -1.599999999999991e-03 1.166899500000000e+00 9.999999999999995e-03 0.000000000000000e+00 0.000000000000000e+00 
2.220000000000000e+00 -5.900000000000010e-03 4.672348412500003e-01 7.449999999999998e-02 -5.714285714285713e-03 0.000000000000000e+00 4.672348412500003e-01 -1.549999999999988e-03 1.117849499999997e+00 9.999999999999995e-03 0.000000000000000e+00 0.000000000000000e+00 
2.225000000000000e+00 -5.928571428571438e-03 4.727014637500002e-01 7.428571428571427e-02 -5.714285714285713e-03 0.000000000000000e+00 4.727014637500002e-01 -1.499999999999989e-03 1.068799499999998e+00 9.999999999999995e-03 0.000000000000000e+00 0.000000000000000e+00 
2.230000000000000e+00 -5.957142857142867e-03 4.779228362500000e-01 7.407142857142857e-02 -5.714285714285713e-03 0.000000000000000e+00 4.779228362500000e-01 -1.449999999999990e-03 1.019749499999999e+00 9.999999999999995e-03 0.000000000000000e+00 0.000000000000000e+00 
2.235000000000000e+00 -5.985714285714295e-03 4.828989587499999e-01 7.385714285714286e-02 -5.714285714285713e-03 0.000000000000000e+00 4.828989587499999e-01 -1.399999999999992e-03 9.706994999999998e-01 9.999999999999995e-03 0.000000000000000e+00 0.000000000000000e+00 
2.240000000000000e+00 -6.014285714285725e-03 4.876298312500003e-01 7.364285714285713e-02 -5.714285714285713e-03 0.000000000000000e+00 4.876298312500003e-01 -1.349999999999988e-03 9.216494999999965e-01 9.999999999999995e-03 0.000000000000000e+00 0.000000000000000e+00 
2.245000000000000e+00 -6.042857142857154e-03 4.921154537500002e-01 7.342857142857143e-02 -5.714285714285713e-03 0.000000000000000e+00 4.921154537500002e-01 -1.299999999999990e-03 8.725994999999975e-01 9.999999999999995e-03 0.000000000000000e+00 0.000000000000000e+00 
2.250000000000000e+00 -6.071428571428582e-03 4.963558262500001e-01 7.321428571428572e-02 -5.714285714285713e-03 0.000000000000000e+00 4.963558262500001e-01 -1.249999999999991e-03 8.235494999999986e-01 9.999999999999995e-03 0.000000000000000e+00 0.000000000000000e+00 
2.255000000000000e+00 -6.100000000000010e-03 5.003509487500000e-01 7.300000000000001e-02 -5.714285714285713e-03 0.000000000000000e+00 5.003509487500000e-01 -1.199999999999991e-03 7.744994999999997e-01 9.999999999999995e-03 0.000000000000000e+00 0.000000000000000e+00 
2.260000000000000e+00 -6.128571428571441e-03 5.041008212500002e-01 7.278571428571429e-02 -5.714285714285713e-03 0.000000000000000e+00 5.041008212500002e-01 -1.149999999999989e-03 7.254494999999963e-01 9.999999999999995e-03 0.000000000000000e+00 0.000000000000000e+00 
2.265000000000000e+00 -6.157142857142869e-03 5.076054437500002e-01 7.257142857142858e-02 -5.714285714285713e-03 0.000000000000000e+00 5.076054437500002e-01 -1.099999999999989e-03 6.763994999999974e-01 9.999999999999995e-03 0.000000000000000e+00 0.000000000000000e+00 
2.270000000000000e+00 -6.185714285714297e-03 5.108648162500001e-01 7.235714285714287e-02 -5.714285714285713e-03 0.000000000000000e+00 5.108648162500001e-01 -1.049999999999990e-03 6.273494999999985e-01 9.999999999999995e-03 0.000000000000000e+00 0.000000000000000e+00 
2.275000000000000e+00 -6.214285714285725e-03 5.138789387500000e-01 7.214285714285716e-02 -5.714285714285713e-03 0.000000000000000e+00 5.138789387500000e-01 -9.999999999999913e-04 5.782994999999995e-01 9.999999999999995e-03 0.000000000000000e+00 0.000000000000000e+00 
2.280000000000000e+00 -6.242857142857156e-03 5.166478112500001e-01 7.192857142857144e-02 -5.714285714285713e-03 0.000000000000000e+00 5.166478112500001e-01 -9.499999999999882e-04 5.292494999999962e-01 9.999999999999995e-03 0.000000000000000e+00 0.000000000000000e+00 
2.285000000000000e+00 -6.271428571428584e-03 5.191714337500001e-01 7.171428571428573e-02 -5.714285714285713e-03 0.000000000000000e+00 5.191714337500001e-01 -8.999999999999894e-04 4.801994999999972e-01 9.999999999999995e-03 0.000000000000000e+00 0.000000000000000e+00 
2.290000000000000e+00 -6.300000000000012e-03 5.214498062500000e-01 7.150000000000002e-02 -5.714285714285713e-03 0.000000000000000e+00 5.214498062500000e-01 -8.499999999999905e-04 4.311494999999983e-01 9.999999999999995e-03 0.000000000000000e+00 0.000000000000000e+00 
2.295000000000000e+00 -6.328571428571440e-03 5.234829287500000e-01 7.128571428571431e-02 -5.714285714285713e-03 0.000000000000000e+00 5.234829287500000e-01 -7.999999999999917e-04 3.820994999999994e-01 9.999999999999995e-03 0.000000000000000e+00 0.000000000000000e+00 
2.300000000000000e+00 -6.357142857142871e-03 5.252708012500001e-01 7.107142857142859e-02 -5.714285714285713e-03 0.000000000000000e+00 5.252708012500001e-01 -7.499999999999885e-04 3.330494999999961e-01 9.999999999999995e-03 0.000000000000000e+00 0.000000000000000e+00 
2.305000000000000e+00 -6.385714285714299e-03 5.268134237500001e-01 7.085714285714288e-02 -5.714285714285713e-03 0.000000000000000e+00 5.268134237500001e-01 -6.999999999999897e-04 2.839994999999971e-01 9.999999999999995e-03 0.000000000000000e+00 0.000000000000000e+00 
2.310000000000000e+00 -6.414285714285727e-03 5.281107962500000e-01 7.064285714285717e-02 -5.714285714285713e-03 0.000000000000000e+00 5.281107962500000e-01 -6.499999999999900e-04 2.349494999999981e-01 9.999999999999995e-03 0.000000000000000e+00 0.000000000000000e+00 
2.315000000000000e+00 -6.442857142857156e-03 5.291629187500000e-01 7.042857142857147e-02 -5.714285714285713e-03 0.000000000000000e+00 5.291629187500000e-01 -5.999999999999912e-04 1.858994999999992e-01 9.999999999999995e-03 0.000000000000000e+00 0.000000000000000e+00 
2.320000000000000e+00 -6.471428571428584e-03 5.299697912500000e-01 7.021428571428576e-02 -5.714285714285713e-03 0.000000000000000e+00 5.299697912500000e-01 -5.499999999999923e-04 1.368495000000002e-01 9.999999999999995e-03 0.000000000000000e+00 0.000000000000000e+00 
2.325000000000000e+00 -6.500000000000014e-03 5.305314137500000e-01 7.000000000000003e-02 -5.714285714285713e-03 0.000000000000000e+00 5.305314137500000e-01 -4.999999999999892e-04 8.779949999999689e-02 9.999999999999995e-03 0.000000000000000e+00 0.000000000000000e+00 
2.330000000000000e+00 -6.528571428571443e-03 5.308477862500000e-01 6.978571428571433e-02 -5.714285714285713e-03 0.000000000000000e+00 5.308477862500000e-01 -4.499999999999903e-04 3.874949999999794e-02 9.999999999999995e-03 0.000000000000000e+00 0.000000000000000e+00 
2.335000000000000e+00 -6.557142857142871e-03 5.309189087499999e-01 6.957142857142862e-02 -5.714285714285713e-03 0.000000000000000e+00 5.309189087499999e-01 -3.999999999999915e-04 -1.030050000000102e-02 9.999999999999995e-03 0.000000000000000e+00 0.000000000000000e+00 
2.340000000000000e+00 -6.585714285714299e-03 5.307447812499999e-01 6.935714285714291e-02 -5.714285714285713e-03 0.000000000000000e+00 5.307447812499999e-01 -3.499999999999927e-04 -5.935049999999997e-02 9.999999999999995e-03 0.000000000000000e+00 0.000000000000000e+00 
2.345000000000000e+00 -6.614285714285730e-03 5.303254037499999e-01 6.914285714285719e-02 -5.714285714285713e-03 0.000000000000000e+00 5.303254037499999e-01 -2.999999999999895e-04 -1.084005000000033e-01 9.999999999999995e-03 0.000000000000000e+00 0.000000000000000e+00 
2.350000000000000e+00 -6.642857142857158e-03 5.296607762500000e-01 6.892857142857148e-02 -5.714285714285713e-03 0.000000000000000e+00 5.296607762500000e-01 -2.499999999999907e-04 -1.574505000000022e-01 9.999999999999995e-03 0.000000000000000e+00 0.000000000000000e+00 
2.355000000000000e+00 -6.671428571428586e-03 5.287508987500000e-01 6.871428571428577e-02 -5.714285714285713e-03 0.000000000000000e+00 5.287508987500000e-01 -1.999999999999910e-04 -2.065005000000012e-01 9.999999999999995e-03 0.000000000000000e+00 0.000000000000000e+00 
2.360000000000000e+00 -6.700000000000014e-03 5.275957712500000e-01 6.850000000000006e-02 -5.714285714285713e-03 0.000000000000000e+00 5.275957712500000e-01 -1.499999999999922e-04 -2.555505000000001e-01 9.999999999999995e-03 0.000000000000000e+00 0.000000000000000e+00 
2.365000000000000e+00 -6.728571428571445e-03 5.261953937499999e-01 6.828571428571434e-02 -5.714285714285713e-03 0.000000000000000e+00 5.261953937499999e-01 -9.999999999998899e-05 -3.046005000000034e-01 9.999999999999995e-03 0.000000000000000e+00 0.000000000000000e+00 
2.370000000000000e+00 -6.757142857142873e-03 5.245497662499999e-01 6.807142857142863e-02 -5.714285714285713e-03 0.000000000000000e+00 5.245497662499999e-01 -4.999999999999016e-05 -3.536505000000024e-01 9.999999999999995e-03 0.000000000000000e+00 0.000000000000000e+00 
2.375000000000000e+00 -6.785714285714301e-03 5.226588887500000e-01 6.785714285714292e-02 -5.714285714285713e-03 0.000000000000000e+00 5.226588887500000e-01 8.673617379884035e-18 -4.027005000000013e-01 9.999999999999995e-03 0.000000000000000e+00 0.000000000000000e+00 
2.380000000000000e+00 -6.814285714285729e-03 5.205227612500001e-01 6.764285714285721e-02 -5.714285714285713e-03 0.000000000000000e+00 5.205227612500001e-01 5.000000000000750e-05 -4.517505000000003e-01 9.999999999999995e-03 0.000000000000000e+00 0.000000000000000e+00 
2.385000000000000e+00 -6.842857142857160e-03 5.181413837500000e-01 6.742857142857149e-02 -5.714285714285713e-03 0.000000000000000e+00 5.181413837500000e-01 1.000000000000107e-04 -5.008005000000035e-01 9.999999999999995e-03 0.000000000000000e+00 0.000000000000000e+00 
2.390000000000000e+00 -6.871428571428588e-03 5.155147562500000e-01 6.721428571428578e-02 -5.714285714285713e-03 0.000000000000000e+00 5.155147562500000e-01 1.500000000000095e-04 -5.498505000000025e-01 9.999999999999995e-03 0.000000000000000e+00 0.000000000000000e+00 
2.395000000000000e+00 -6.900000000000016e-03 5.126428787500000e-01 6.700000000000007e-02 -5.714285714285713e-03 0.000000000000000e+00 5.126428787500000e-01 2.000000000000083e-04 -5.989005000000014e-01 9.999999999999995e-03 0.000000000000000e+00 0.000000000000000e+00 
2.400000000000000e+00 -6.928571428571445e-03 5.095257512500001e-01 6.678571428571436e-02 -5.714285714285713e-03 0.000000000000000e+00 5.095257512500001e-01 2.500000000000080e-04 -6.479505000000003e-01 9.999999999999995e-03 0.000000000000000e+00 0.000000000000000e+00 
2.405000000000000e+00 -6.957142857142875e-03 5.061633737499999e-01 6.657142857142864e-02 -5.714285714285713e-03 0.000000000000000e+00 5.061633737499999e-01 3.000000000000103e-04 -6.970005000000037e-01 9.999999999999995e-03 0.000000000000000e+00 0.000000000000000e+00 
2.410000000000000e+00 -6.985714285714303e-03 5.025557462499999e-01 6.635714285714293e-02 -5.714285714285713e-03 0.000000000000000e+00 5.025557462499999e-01 3.500000000000100e-04 -7.460505000000026e-01 9.999999999999995e-03 0.000000000000000e+00 0.000000000000000e+00 
2.415000000000000e+00 -7.014285714285732e-03 4.987028687500000e-01 6.614285714285723e-02 -5.714285714285713e-03 0.000000000000000e+00 4.987028687500000e-01 4.000000000000089e-04 -7.951005000000015e-01 9.999999999999995e-03 0.000000000000000e+00 0.000000000000000e+00 
2.420000000000000e+00 -7.042857142857160e-03 4.946047412500000e-01 6.592857142857152e-02 -5.714285714285713e-03 0.000000000000000e+00 4.946047412500000e-01 4.500000000000077e-04 -8.441505000000005e-01 9.999999999999995e-03 0.000000000000000e+00 0.000000000000000e+00 
2.425000000000000e+00 -7.071428571428590e-03 4.902613637499997e-01 6.571428571428579e-02 -5.714285714285713e-03 0.000000000000000e+00 4.902613637499997e-01 5.000000000000109e-04 -8.932005000000038e-01 9.999999999999995e-03 0.000000000000000e+00 0.000000000000000e+00 
2.430000000000000e+00 -7.100000000000019e-03 4.856727362499998e-01 6.550000000000009e-02 -5.714285714285713e-03 0.000000000000000e+00 4.856727362499998e-01 5.500000000000097e-04 -9.422505000000028e-01 9.999999999999995e-03 0.000000000000000e+00 0.000000000000000e+00 
2.435000000000000e+00 -7.128571428571447e-03 4.808388587499999e-01 6.528571428571438e-02 -5.714285714285713e-03 0.000000000000000e+00 4.808388587499999e-01 6.000000000000085e-04 -9.913005000000017e-01 9.999999999999995e-03 0.000000000000000e+00 0.000000000000000e+00 
2.440000000000000e+00 -7.157142857142875e-03 4.757597312500000e-01 6.507142857142867e-02 -5.714285714285713e-03 0.000000000000000e+00 4.757597312500000e-01 6.500000000000073e-04 -1.040350500000001e+00 9.999999999999995e-03 0.000000000000000e+00 0.000000000000000e+00 
2.445000000000000e+00 -7.185714285714303e-03 4.704353537500001e-01 6.485714285714296e-02 -5.714285714285713e-03 0.000000000000000e+00 4.704353537500001e-01 7.000000000000070e-04 -1.089400500000000e+00 9.999999999999995e-03 0.000000000000000e+00 0.000000000000000e+00 
2.450000000000000e+00 -7.214285714285734e-03 4.648657262499997e-01 6.464285714285724e-02 -5.714285714285713e-03 0.000000000000000e+00 4.648657262499997e-01 7.500000000000093e-04 -1.138450500000003e+00 9.999999999999995e-03 0.000000000000000e+00 0.000000000000000e+00 
2.455000000000000e+00 -7.242857142857162e-03 4.590508487499999e-01 6.442857142857153e-02 -5.714285714285713e-03 0.000000000000000e+00 4.590508487499999e-01 8.000000000000090e-04 -1.187500500000002e+00 9.999999999999995e-03 0.000000000000000e+00 0.000000000000000e+00 
2.460000000000000e+00 -7.271428571428590e-03 4.529907212500000e-01 6.421428571428582e-02 -5.714285714285713e-03 0.000000000000000e+00 4.529907212500000e-01 8.500000000000079e-04 -1.236550500000001e+00 9.999999999999995e-03 0.000000000000000e+00 0.000000000000000e+00 
2.465000000000000e+00 -7.300000000000018e-03 4.466853437500001e-01 6.400000000000011e-02 -5.714285714285713e-03 0.000000000000000e+00 4.466853437500001e-01 9.000000000000067e-04 -1.285600500000000e+00 9.999999999999995e-03 0.000000000000000e+00 0.000000000000000e+00 
2.470000000000000e+00 -7.328571428571449e-03 4.401347162499996e-01 6.378571428571439e-02 -5.714285714285713e-03 0.000000000000000e+00 4.401347162499996e-01 9.500000000000099e-04 -1.334650500000003e+00 9.999999999999995e-03 0.000000000000000e+00 0.000000000000000e+00 
2.475000000000000e+00 -7.357142857142877e-03 4.333388387499997e-01 6.357142857142868e-02 -5.714285714285713e-03 0.000000000000000e+00 4.333388387499997e-01 1.000000000000009e-03 -1.383700500000002e+00 9.999999999999995e-03 0.000000000000000e+00 0.000000000000000e+00 
2.480000000000000e+00 -7.385714285714305e-03 4.262977112499999e-01 6.335714285714297e-02 -5.714285714285713e-03 0.000000000000000e+00 4.262977112499999e-01 1.050000000000008e-03 -1.432750500000001e+00 9.999999999999995e-03 0.000000000000000e+00 0.000000000000000e+00 
2.485000000000000e+00 -7.414285714285733e-03 4.190113337500000e-01 6.314285714285726e-02 -5.714285714285713e-03 0.000000000000000e+00 4.190113337500000e-01 1.100000000000006e-03 -1.481800500000000e+00 9.999999999999995e-03 0.000000000000000e+00 0.000000000000000e+00 
2.490000000000000e+00 -7.442857142857164e-03 4.114797062499995e-01 6.292857142857154e-02 -5.714285714285713e-03 0.000000000000000e+00 4.114797062499995e-01 1.150000000000010e-03 -1.530850500000003e+00 9.999999999999995e-03 0.000000000000000e+00 0.000000000000000e+00 
2.495000000000000e+00 -7.471428571428592e-03 4.037028287499997e-01 6.271428571428583e-02 -5.714285714285713e-03 0.000000000000000e+00 4.037028287499997e-01 1.200000000000008e-03 -1.579900500000002e+00 9.999999999999995e-03 0.000000000000000e+00 0.000000000000000e+00 
2.500000000000000e+00 -7.500000000000021e-03 3.956807012499999e-01 6.250000000000012e-02 -5.714285714285713e-03 0.000000000000000e+00 3.956807012499999e-01 1.250000000000008e-03 -1.628950500000001e+00 9.999999999999995e-03 0.000000000000000e+00 0.000000000000000e+00 
2.505000000000000e+00 -7.528571428571449e-03 3.874133237500000e-01 6.228571428571442e-02 -5.714285714285713e-03 0.000000000000000e+00 3.874133237500000e-01 1.300000000000007e-03 -1.678000500000000e+00 9.999999999999995e-03 0.000000000000000e+00 0.000000000000000e+00 
2.510000000000000e+00 -7.557142857142879e-03 3.789006962499994e-01 6.207142857142869e-02 -5.714285714285713e-03 0.000000000000000e+00 3.789006962499994e-01 1.350000000000010e-03 -1.727050500000003e+00 9.999999999999995e-03 0.000000000000000e+00 0.000000000000000e+00 
2.515000000000000e+00 -7.585714285714308e-03 3.701428187499996e-01 6.185714285714298e-02 -5.714285714285713e-03 0.000000000000000e+00 3.701428187499996e-01 1.400000000000010e-03 -1.776100500000002e+00 9.999999999999995e-03 0.000000000000000e+00 0.000000000000000e+00 
2.520000000000000e+00 -7.614285714285736e-03 3.611396912499998e-01 6.164285714285727e-02 -5.714285714285713e-03 0.000000000000000e+00 3.611396912499998e-01 1.450000000000009e-03 -1.825150500000001e+00 9.999999999999995e-03 0.000000000000000e+00 0.000000000000000e+00 
2.525000000000000e+00 -7.642857142857164e-03 3.518913137500000e-01 6.142857142857156e-02 -5.714285714285713e-03 0.000000000000000e+00 3.518913137500000e-01 1.500000000000007e-03 -1.874200500000000e+00 9.999999999999995e-03 0.000000000000000e+00 0.000000000000000e+00 
2.530000000000000e+00 -7.671428571428595e-03 3.423976862499993e-01 6.121428571428583e-02 -5.714285714285713e-03 0.000000000000000e+00 3.423976862499993e-01 1.550000000000011e-03 -1.923250500000004e+00 9.999999999999995e-03 0.000000000000000e+00 0.000000000000000e+00 
2.535000000000000e+00 -7.700000000000023e-03 3.326588087499995e-01 6.100000000000012e-02 -5.714285714285713e-03 0.000000000000000e+00 3.326588087499995e-01 1.600000000000010e-03 -1.972300500000002e+00 9.999999999999995e-03 0.000000000000000e+00 0.000000000000000e+00 
2.540000000000000e+00 -7.728571428571451e-03 3.226746812499998e-01 6.078571428571442e-02 -5.714285714285713e-03 0.000000000000000e+00 3.226746812499998e-01 1.650000000000009e-03 -2.021350500000001e+00 9.999999999999995e-03 0.000000000000000e+00 0.000000000000000e+00 
2.545000000000000e+00 -7.757142857142879e-03 3.124453037500000e-01 6.057142857142871e-02 -5.714285714285713e-03 0.000000000000000e+00 3.124453037500000e-01 1.700000000000008e-03 -2.070400500000000e+00 9.999999999999995e-03 0.000000000000000e+00 0.000000000000000e+00 
2.550000000000000e+00 -7.785714285714310e-03 3.019706762499992e-01 6.035714285714298e-02 -5.714285714285713e-03 0.000000000000000e+00 3.019706762499992e-01 1.750000000000012e-03 -2.119450500000004e+00 9.999999999999995e-03 0.000000000000000e+00 0.000000000000000e+00 
2.555000000000000e+00 -7.814285714285737e-03 2.912507987499994e-01 6.014285714285727e-02 -5.714285714285713e-03 0.000000000000000e+00 2.912507987499994e-01 1.800000000000010e-03 -2.168500500000003e+00 9.999999999999995e-03 0.000000000000000e+00 0.000000000000000e+00 
2.560000000000000e+00 -7.842857142857165e-03 2.802856712499996e-01 5.992857142857156e-02 -5.714285714285713e-03 0.000000000000000e+00 2.802856712499996e-01 1.850000000000009e-03 -2.217550500000002e+00 9.999999999999995e-03 0.000000000000000e+00 0.000000000000000e+00 
2.565000000000000e+00 -7.871428571428593e-03 2.690752937499999e-01 5.971428571428585e-02 -5.714285714285713e-03 0.000000000000000e+00 2.690752937499999e-01 1.900000000000008e-03 -2.266600500000000e+00 9.999999999999995e-03 0.000000000000000e+00 0.000000000000000e+00 
2.570000000000000e+00 -7.900000000000022e-03 2.576196662500002e-01 5.950000000000014e-02 -5.714285714285713e-03 0.000000000000000e+00 2.576196662500002e-01 1.950000000000007e-03 -2.315650499999999e+00 9.999999999999995e-03 0.000000000000000e+00 0.000000000000000e+00 
2.575000000000000e+00 -7.928571428571451e-03 2.459187887499994e-01 5.928571428571441e-02 -5.714285714285713e-03 0.000000000000000e+00 2.459187887499994e-01 2.000000000000010e-03 -2.364700500000003e+00 9.999999999999995e-03 0.000000000000000e+00 0.000000000000000e+00 
2.580000000000000e+00 -7.957142857142880e-03 2.339726612499996e-01 5.907142857142871e-02 -5.714285714285713e-03 0.000000000000000e+00 2.339726612499996e-01 2.050000000000008e-03 -2.413750500000002e+00 9.999999999999995e-03 0.000000000000000e+00 0.000000000000000e+00 
2.585000000000000e+00 -7.985714285714308e-03 2.217812837499999e-01 5.885714285714300e-02 -5.714285714285713e-03 0.000000000000000e+00 2.217812837499999e-01 2.100000000000008e-03 -2.462800500000001e+00 9.999999999999995e-03 0.000000000000000e+00 0.000000000000000e+00 
2.590000000000000e+00 -8.014285714285736e-03 2.093446562500001e-01 5.864285714285729e-02 -5.714285714285713e-03 0.000000000000000e+00 2.093446562500001e-01 2.150000000000007e-03 -2.511850500000000e+00 9.999999999999995e-03 0.000000000000000e+00 0.000000000000000e+00 
2.595000000000000e+00 -8.042857142857166e-03 1.966627787499993e-01 5.842857142857156e-02 -5.714285714285713e-03 0.000000000000000e+00 1.966627787499993e-01 2.200000000000009e-03 -2.560900500000003e+00 9.999999999999995e-03 0.000000000000000e+00 0.000000000000000e+00 
2.600000000000000e+00 -8.071428571428594e-03 1.837356512499995e-01 5.821428571428585e-02 -5.714285714285713e-03 0.000000000000000e+00 1.837356512499995e-01 2.250000000000009e-03 -2.609950500000002e+00 9.999999999999995e-03 0.000000000000000e+00 0.000000000000000e+00 
2.605000000000000e+00 -8.100000000000022e-03 1.705632737499998e-01 5.800000000000014e-02 -5.714285714285713e-03 0.000000000000000e+00 1.705632737499998e-01 2.300000000000008e-03 -2.659000500000001e+00 9.999999999999995e-03 0.000000000000000e+00 0.000000000000000e+00 
2.610000000000000e+00 -8.128571428571450e-03 1.571456462500001e-01 5.778571428571443e-02 -5.714285714285713e-03 0.000000000000000e+00 1.571456462500001e-01 2.350000000000007e-03 -2.708050500000000e+00 9.999999999999995e-03 0.000000000000000e+00 0.000000000000000e+00 
2.615000000000000e+00 -8.157142857142880e-03 1.434827687499992e-01 5.757142857142870e-02 -5.714285714285713e-03 0.000000000000000e+00 1.434827687499992e-01 2.400000000000010e-03 -2.757100500000003e+00 9.999999999999995e-03 0.000000000000000e+00 0.000000000000000e+00 
2.620000000000000e+00 -8.185714285714308e-03 1.295746412499994e-01 5.735714285714300e-02 -5.714285714285713e-03 0.000000000000000e+00 1.295746412499994e-01 2.450000000000009e-03 -2.806150500000002e+00 9.999999999999995e-03 0.000000000000000e+00 0.000000000000000e+00 
2.625000000000000e+00 -8.214285714285736e-03 1.154212637499997e-01 5.714285714285729e-02 -5.714285714285713e-03 0.000000000000000e+00 1.154212637499997e-01 2.500000000000007e-03 -2.855200500000001e+00 9.999999999999995e-03 0.000000000000000e+00 0.000000000000000e+00 
2.630000000000000e+00 -8.242857142857165e-03 1.010226362500000e-01 5.692857142857158e-02 -5.714285714285713e-03 0.000000000000000e+00 1.010226362500000e-01 2.550000000000006e-03 -2.904250500000000e+00 9.999999999999995e-03 0.000000000000000e+00 0.000000000000000e+00 
2.635000000000000e+00 -8.271428571428594e-03 8.637875874999904e-02 5.671428571428585e-02 -5.714285714285713e-03 0.000000000000000e+00 8.637875874999904e-02 2.600000000000009e-03 -2.953300500000003e+00 9.999999999999995e-03 0.000000000000000e+00 0.000000000000000e+00 
2.640000000000000e+00 -8.300000000000023e-03 7.148963124999934e-02 5.650000000000014e-02 -5.714285714285713e-03 0.000000000000000e+00 7.148963124999934e-02 2.650000000000008e-03 -3.002350500000002e+00 9.999999999999995e-03 0.000000000000000e+00 0.000000000000000e+00 
2.645000000000000e+00 -8.328571428571451e-03 5.635525374999965e-02 5.628571428571443e-02 -5.714285714285713e-03 0.000000000000000e+00 5.635525374999965e-02 2.700000000000007e-03 -3.051400500000001e+00 9.999999999999995e-03 0.000000000000000e+00 0.000000000000000e+00 
2.650000000000000e+00 -8.357142857142879e-03 4.097562624999998e-02 5.607142857142872e-02 -5.714285714285713e-03 0.000000000000000e+00 4.097562624999998e-02 2.750000000000006e-03 -3.100450500000000e+00 9.999999999999995e-03 0.000000000000000e+00 0.000000000000000e+00 
2.655000000000000e+00 -8.385714285714309e-03 2.535074874999892e-02 5.585714285714299e-02 -5.714285714285713e-03 0.000000000000000e+00 2.535074874999892e-02 2.800000000000009e-03 -3.149500500000003e+00 9.999999999999995e-03 0.000000000000000e+00 0.000000000000000e+00 
2.660000000000000e+00 -8.414285714285737e-03 9.480621249999242e-03 5.564285714285729e-02 -5.714285714285713e-03 0.000000000000000e+00 9.480621249999242e-03 2.850000000000008e-03 -3.198550500000002e+00 9.999999999999995e-03 0.000000000000000e+00 0.000000000000000e+00 
2.665000000000000e+00 -8.442857142857165e-03 -6.634756250000425e-03 5.542857142857158e-02 -5.714285714285713e-03 0.000000000000000e+00 -6.634756250000425e-03 2.900000000000007e-03 -3.247600500000001e+00 9.999999999999995e-03 0.000000000000000e+00 0.000000000000000e+00 
2.670000000000000e+00 -8.457142857142878e-03 -7.446656375000409e-03 5.557142857142872e-02 -8.673617379884035e-19 5.714285714285712e-03 -7.446656375000409e-03 2.900000000000007e-03 2.922840450000001e+00 -9.999999999999995e-03 6.219490950000001e+00 -5.714285714285712e-03 
2.675000000000000e+00 -8.457142857142878e-03 7.044920875000564e-03 5.607142857142875e-02 -8.673617379884035e-19 0.000000000000000e+00 7.044920875000564e-03 2.850000000000003e-03 2.873790449999997e+00 -9.999999999999995e-03 0.000000000000000e+00 0.000000000000000e+00 
2.680000000000000e+00 -8.457142857142878e-03 2.129124812500025e-02 5.657142857142874e-02 -8.673617379884035e-19 0.000000000000000e+00 2.129124812500025e-02 2.800000000000004e-03 2.824740449999998e+00 -9.999999999999995e-03 0.000000000000000e+00 0.000000000000000e+00 
2.685000000000000e+00 -8.457142857142878e-03 3.529232537499995e-02 5.707142857142872e-02 -8.673617379884035e-19 0.000000000000000e+00 3.529232537499995e-02 2.750000000000006e-03 2.775690449999999e+00 -9.999999999999995e-03 0.000000000000000e+00 0.000000000000000e+00 
2.690000000000000e+00 -8.457142857142878e-03 4.904815262499965e-02 5.757142857142871e-02 -8.673617379884035e-19 0.000000000000000e+00 4.904815262499965e-02 2.700000000000007e-03 2.726640450000001e+00 -9.999999999999995e-03 0.000000000000000e+00 0.000000000000000e+00 
2.695000000000000e+00 -8.457142857142878e-03 6.255872987499937e-02 5.807142857142870e-02 -8.673617379884035e-19 0.000000000000000e+00 6.255872987499937e-02 2.650000000000008e-03 2.677590450000002e+00 -9.999999999999995e-03 0.000000000000000e+00 0.000000000000000e+00 
2.700000000000000e+00 -8.457142857142878e-03 7.582405712500026e-02 5.857142857142873e-02 -8.673617379884035e-19 0.000000000000000e+00 7.582405712500026e-02 2.600000000000005e-03 2.628540449999998e+00 -9.999999999999995e-03 0.000000000000000e+00 0.000000000000000e+00 
2.705000000000000e+00 -8.457142857142878e-03 8.884413437499998e-02 5.907142857142872e-02 -8.673617379884035e-19 0.000000000000000e+00 8.884413437499998e-02 2.550000000000006e-03 2.579490449999999e+00 -9.999999999999995e-03 0.000000000000000e+00 0.000000000000000e+00 
2.710000000000000e+00 -8.457142857142878e-03 1.016189616249997e-01 5.957142857142871e-02 -8.673617379884035e-19 0.000000000000000e+00 1.016189616249997e-01 2.500000000000007e-03 2.530440450000000e+00 -9.999999999999995e-03 0.000000000000000e+00 0.000000000000000e+00 
2.715000000000000e+00 -8.457142857142878e-03 1.141485388749995e-01 6.007142857142869e-02 -8.673617379884035e-19 0.000000000000000e+00 1.141485388749995e-01 2.450000000000009e-03 2.481390450000001e+00 -9.999999999999995e-03 0.000000000000000e+00 0.000000000000000e+00 
2.720000000000000e+00 -8.457142857142878e-03 1.264328661250003e-01 6.057142857142873e-02 -8.673617379884035e-19 0.000000000000000e+00 1.264328661250003e-01 2.400000000000005e-03 2.432340449999998e+00 -9.999999999999995e-03 0.000000000000000e+00 0.000000000000000e+00 
2.725000000000000e+00 -8.457142857142878e-03 1.384719433750000e-01 6.107142857142871e-02 -8.673617379884035e-19 0.000000000000000e+00 1.384719433750000e-01 2.350000000000007e-03 2.383290449999999e+00 -9.999999999999995e-03 0.000000000000000e+00 0.000000000000000e+00 
2.730000000000000e+00 -8.457142857142878e-03 1.502657706249998e-01 6.157142857142870e-02 -8.673617379884035e-19 0.000000000000000e+00 1.502657706249998e-01 2.300000000000008e-03 2.334240450000000e+00 -9.999999999999995e-03 0.000000000000000e+00 0.000000000000000e+00 
2.735000000000000e+00 -8.457142857142878e-03 1.618143478749995e-01 6.207142857142869e-02 -8.673617379884035e-19 0.000000000000000e+00 1.618143478749995e-01 2.250000000000009e-03 2.285190450000001e+00 -9.999999999999995e-03 0.000000000000000e+00 0.000000000000000e+00 
2.740000000000000e+00 -8.457142857142878e-03 1.731176751250003e-01 6.257142857142872e-02 -8.673617379884035e-19 0.000000000000000e+00 1.731176751250003e-01 2.200000000000006e-03 2.236140449999998e+00 -9.999999999999995e-03 0.000000000000000e+00 0.000000000000000e+00 
2.745000000000000e+00 -8.457142857142878e-03 1.841757523750001e-01 6.307142857142871e-02 -8.673617379884035e-19 0.000000000000000e+00 1.841757523750001e-01 2.150000000000007e-03 2.187090449999999e+00 -9.999999999999995e-03 0.000000000000000e+00 0.000000000000000e+00 
2.750000000000000e+00 -8.457142857142878e-03 1.949885796249998e-01 6.357142857142870e-02 -8.673617379884035e-19 0.000000000000000e+00 1.949885796249998e-01 2.100000000000008e-03 2.138040450000000e+00 -9.999999999999995e-03 0.000000000000000e+00 0.000000000000000e+00 
2.755000000000000e+00 -8.457142857142878e-03 2.055561568749996e-01 6.407142857142868e-02 -8.673617379884035e-19 0.000000000000000e+00 2.055561568749996e-01 2.050000000000010e-03 2.088990450000001e+00 -9.999999999999995e-03 0.000000000000000e+00 0.000000000000000e+00 
2.760000000000000e+00 -8.457142857142878e-03 2.158784841250003e-01 6.457142857142871e-02 -8.673617379884035e-19 0.000000000000000e+00 2.158784841250003e-01 2.000000000000007e-03 2.039940449999998e+00 -9.999999999999995e-03 0.000000000000000e+00 0.000000000000000e+00 
2.765000000000000e+00 -8.457142857142878e-03 2.259555613750001e-01 6.507142857142870e-02 -8.673617379884035e-19 0.000000000000000e+00 2.259555613750001e-01 1.950000000000008e-03 1.990890449999999e+00 -9.999999999999995e-03 0.000000000000000e+00 0.000000000000000e+00 
2.770000000000000e+00 -8.457142857142878e-03 2.357873886249999e-01 6.557142857142868e-02 -8.673617379884035e-19 0.000000000000000e+00 2.357873886249999e-01 1.900000000000009e-03 1.941840450000000e+00 -9.999999999999995e-03 0.000000000000000e+00 0.000000000000000e+00 
2.775000000000000e+00 -8.457142857142878e-03 2.453739658749997e-01 6.607142857142867e-02 -8.673617379884035e-19 0.000000000000000e+00 2.453739658749997e-01 1.850000000000011e-03 1.892790450000001e+00 -9.999999999999995e-03 0.000000000000000e+00 0.000000000000000e+00 
2.780000000000000e+00 -8.457142857142878e-03 2.547152931250003e-01 6.657142857142870e-02 -8.673617379884035e-19 0.000000000000000e+00 2.547152931250003e-01 1.800000000000008e-03 1.843740449999998e+00 -9.999999999999995e-03 0.000000000000000e+00 0.000000000000000e+00 
2.785000000000000e+00 -8.457142857142878e-03 2.638113703750001e-01 6.707142857142868e-02 -8.673617379884035e-19 0.000000000000000e+00 2.638113703750001e-01 1.750000000000009e-03 1.794690449999999e+00 -9.999999999999995e-03 0.000000000000000e+00 0.000000000000000e+00 
2.790000000000000e+00 -8.457142857142878e-03 2.726621976249999e-01 6.757142857142867e-02 -8.673617379884035e-19 0.000000000000000e+00 2.726621976249999e-01 1.700000000000011e-03 1.745640450000000e+00 -9.999999999999995e-03 0.000000000000000e+00 0.000000000000000e+00 
2.795000000000000e+00 -8.457142857142878e-03 2.812677748749997e-01 6.807142857142866e-02 -8.673617379884035e-19 0.000000000000000e+00 2.812677748749997e-01 1.650000000000013e-03 1.696590450000001e+00 -9.999999999999995e-03 0.000000000000000e+00 0.000000000000000e+00 
2.800000000000000e+00 -8.457142857142878e-03 2.896281021250003e-01 6.857142857142869e-02 -8.673617379884035e-19 0.000000000000000e+00 2.896281021250003e-01 1.600000000000009e-03 1.647540449999997e+00 -9.999999999999995e-03 0.000000000000000e+00 0.000000000000000e+00 
2.805000000000000e+00 -8.457142857142878e-03 2.977431793750001e-01 6.907142857142867e-02 -8.673617379884035e-19 0.000000000000000e+00 2.977431793750001e-01 1.550000000000011e-03 1.598490449999999e+00 -9.999999999999995e-03 0.000000000000000e+00 0.000000000000000e+00 
2.810000000000000e+00 -8.457142857142878e-03 3.056130066250000e-01 6.957142857142866e-02 -8.673617379884035e-19 0.000000000000000e+00 3.056130066250000e-01 1.500000000000012e-03 1.549440450000000e+00 -9.999999999999995e-03 0.000000000000000e+00 0.000000000000000e+00 
2.815000000000000e+00 -8.457142857142878e-03 3.132375838749998e-01 7.007142857142865e-02 -8.673617379884035e-19 0.000000000000000e+00 3.132375838749998e-01 1.450000000000014e-03 1.500390450000001e+00 -9.999999999999995e-03 0.000000000000000e+00 0.000000000000000e+00 
2.820000000000000e+00 -8.457142857142878e-03 3.206169111249996e-01 7.057142857142863e-02 -8.673617379884035e-19 0.000000000000000e+00 3.206169111249996e-01 1.400000000000015e-03 1.451340450000002e+00 -9.999999999999995e-03 0.000000000000000e+00 0.000000000000000e+00 
2.825000000000000e+00 -8.457142857142878e-03 3.277509883750001e-01 7.107142857142866e-02 -8.673617379884035e-19 0.000000000000000e+00 3.277509883750001e-01 1.350000000000012e-03 1.402290449999998e+00 -9.999999999999995e-03 0.000000000000000e+00 0.000000000000000e+00 
2.830000000000000e+00 -8.457142857142878e-03 3.346398156249999e-01 7.157142857142865e-02 -8.673617379884035e-19 0.000000000000000e+00 3.346398156249999e-01 1.300000000000013e-03 1.353240449999999e+00 -9.999999999999995e-03 0.000000000000000e+00 0.000000000000000e+00 
2.835000000000000e+00 -8.457142857142878e-03 3.412833928749998e-01 7.207142857142863e-02 -8.673617379884035e-19 0.000000000000000e+00 3.412833928749998e-01 1.250000000000015e-03 1.304190450000001e+00 -9.999999999999995e-03 0.000000000000000e+00 0.000000000000000e+00 
2.840000000000000e+00 -8.457142857142878e-03 3.476817201249997e-01 7.257142857142862e-02 -8.673617379884035e-19 0.000000000000000e+00 3.476817201249997e-01 1.200000000000016e-03 1.255140450000002e+00 -9.999999999999995e-03 0.000000000000000e+00 0.000000000000000e+00 
2.845000000000000e+00 -8.457142857142878e-03 3.538347973750001e-01 7.307142857142865e-02 -8.673617379884035e-19 0.000000000000000e+00 3.538347973750001e-01 1.150000000000013e-03 1.206090449999998e+00 -9.999999999999995e-03 0.000000000000000e+00 0.000000000000000e+00 
2.850000000000000e+00 -8.457142857142878e-03 3.597426246250000e-01 7.357142857142863e-02 -8.673617379884035e-19 0.000000000000000e+00 3.597426246250000e-01 1.100000000000014e-03 1.157040449999999e+00 -9.999999999999995e-03 0.000000000000000e+00 0.000000000000000e+00 
2.855000000000000e+00 -8.457142857142878e-03 3.654052018749999e-01 7.407142857142862e-02 -8.673617379884035e-19 0.000000000000000e+00 3.654052018749999e-01 1.050000000000016e-03 1.107990450000000e+00 -9.999999999999995e-03 0.000000000000000e+00 0.000000000000000e+00 
2.860000000000000e+00 -8.457142857142878e-03 3.708225291249997e-01 7.457142857142861e-02 -8.673617379884035e-19 0.000000000000000e+00 3.708225291249997e-01 1.000000000000017e-03 1.058940450000001e+00 -9.999999999999995e-03 0.000000000000000e+00 0.000000000000000e+00 
2.865000000000000e+00 -8.457142857142878e-03 3.759946063750001e-01 7.507142857142864e-02 -8.673617379884035e-19 0.000000000000000e+00 3.759946063750001e-01 9.500000000000142e-04 1.009890449999998e+00 -9.999999999999995e-03 0.000000000000000e+00 0.000000000000000e+00 
2.870000000000000e+00 -8.457142857142878e-03 3.809214336250000e-01 7.557142857142862e-02 -8.673617379884035e-19 0.000000000000000e+00 3.809214336250000e-01 9.000000000000154e-04 9.608404499999992e-01 -9.999999999999995e-03 0.000000000000000e+00 0.000000000000000e+00 
2.875000000000000e+00 -8.457142857142878e-03 3.856030108749999e-01 7.607142857142861e-02 -8.673617379884035e-19 0.000000000000000e+00 3.856030108749999e-01 8.500000000000174e-04 9.117904500000003e-01 -9.999999999999995e-03 0.000000000000000e+00 0.000000000000000e+00 
2.880000000000000e+00 -8.457142857142878e-03 3.900393381249998e-01 7.657142857142860e-02 -8.673617379884035e-19 0.000000000000000e+00 3.900393381249998e-01 8.000000000000186e-04 8.627404500000013e-01 -9.999999999999995e-03 0.000000000000000e+00 0.000000000000000e+00 
2.885000000000000e+00 -8.457142857142878e-03 3.942304153750001e-01 7.707142857142862e-02 -8.673617379884035e-19 0.000000000000000e+00 3.942304153750001e-01 7.500000000000154e-04 8.136904499999980e-01 -9.999999999999995e-03 0.000000000000000e+00 0.000000000000000e+00 
2.890000000000000e+00 -8.457142857142878e-03 3.981762426250000e-01 7.757142857142861e-02 -8.673617379884035e-19 0.000000000000000e+00 3.981762426250000e-01 7.000000000000166e-04 7.646404499999990e-01 -9.999999999999995e-03 0.000000000000000e+00 0.000000000000000e+00 
2.895000000000000e+00 -8.457142857142878e-03 4.018768198749999e-01 7.807142857142860e-02 -8.673617379884035e-19 0.000000000000000e+00 4.018768198749999e-01 6.500000000000186e-04 7.155904500000001e-01 -9.999999999999995e-03 0.000000000000000e+00 0.000000000000000e+00 
2.900000000000000e+00 -8.457142857142878e-03 4.053321471249998e-01 7.857142857142858e-02 -8.673617379884035e-19 0.000000000000000e+00 4.053321471249998e-01 6.000000000000189e-04 6.665404500000012e-01 -9.999999999999995e-03 0.000000000000000e+00 0.000000000000000e+00 
2.905000000000000e+00 -8.457142857142878e-03 4.085422243750000e-01 7.907142857142861e-02 -8.673617379884035e-19 0.000000000000000e+00 4.085422243750000e-01 5.500000000000175e-04 6.174904499999978e-01 -9.999999999999995e-03 0.000000000000000e+00 0.000000000000000e+00 
2.910000000000000e+00 -8.457142857142878e-03 4.115070516250000e-01 7.957142857142860e-02 -8.673617379884035e-19 0.000000000000000e+00 4.115070516250000e-01 5.000000000000178e-04 5.684404499999989e-01 -9.999999999999995e-03 0.000000000000000e+00 0.000000000000000e+00 
2.915000000000000e+00 -8.457142857142878e-03 4.142266288749999e-01 8.007142857142859e-02 -8.673617379884035e-19 0.000000000000000e+00 4.142266288749999e-01 4.500000000000198e-04 5.193904499999999e-01 -9.999999999999995e-03 0.000000000000000e+00 0.000000000000000e+00 
2.920000000000000e+00 -8.457142857142878e-03 4.167009561249999e-01 8.057142857142857e-02 -8.673617379884035e-19 0.000000000000000e+00 4.167009561249999e-01 4.000000000000201e-04 4.703404500000010e-01 -9.999999999999995e-03 0.000000000000000e+00 0.000000000000000e+00 
2.925000000000000e+00 -8.457142857142878e-03 4.189300333750000e-01 8.107142857142860e-02 -8.673617379884035e-19 0.000000000000000e+00 4.189300333750000e-01 3.500000000000187e-04 4.212904499999977e-01 -9.999999999999995e-03 0.000000000000000e+00 0.000000000000000e+00 
2.930000000000000e+00 -8.457142857142878e-03 4.209138606250000e-01 8.157142857142859e-02 -8.673617379884035e-19 0.000000000000000e+00 4.209138606250000e-01 3.000000000000190e-04 3.722404499999987e-01 -9.999999999999995e-03 0.000000000000000e+00 0.000000000000000e+00 
2.935000000000000e+00 -8.457142857142878e-03 4.226524378750000e-01 8.207142857142857e-02 -8.673617379884035e-19 0.000000000000000e+00 4.226524378750000e-01 2.500000000000210e-04 3.231904499999998e-01 -9.999999999999995e-03 0.000000000000000e+00 0.000000000000000e+00 
2.940000000000000e+00 -8.457142857142878e-03 4.241457651249999e-01 8.257142857142856e-02 -8.673617379884035e-19 0.000000000000000e+00 4.241457651249999e-01 2.000000000000213e-04 2.741404500000009e-01 -9.999999999999995e-03 0.000000000000000e+00 0.000000000000000e+00 
2.945000000000000e+00 -8.457142857142878e-03 4.253938423749999e-01 8.307142857142855e-02 -8.673617379884035e-19 0.000000000000000e+00 4.253938423749999e-01 1.500000000000234e-04 2.250904500000019e-01 -9.999999999999995e-03 0.000000000000000e+00 0.000000000000000e+00 
2.950000000000000e+00 -8.457142857142878e-03 4.263966696249999e-01 8.357142857142857e-02 -8.673617379884035e-19 0.000000000000000e+00 4.263966696249999e-01 1.000000000000202e-04 1.760404499999986e-01 -9.999999999999995e-03 0.000000000000000e+00 0.000000000000000e+00 
2.955000000000000e+00 -8.457142857142878e-03 4.271542468749999e-01 8.407142857142856e-02 -8.673617379884035e-19 0.000000000000000e+00 4.271542468749999e-01 5.000000000002225e-05 1.269904499999996e-01 -9.999999999999995e-03 0.000000000000000e+00 0.000000000000000e+00 
2.960000000000000e+00 -8.457142857142878e-03 4.276665741249999e-01 8.457142857142855e-02 -8.673617379884035e-19 0.000000000000000e+00 4.276665741249999e-01 2.255140518769849e-17 7.794045000000069e-02 -9.999999999999995e-03 0.000000000000000e+00 0.000000000000000e+00 
2.965000000000000e+00 -8.457142857142878e-03 4.279336513749999e-01 8.507142857142853e-02 -8.673617379884035e-19 0.000000000000000e+00 4.279336513749999e-01 -4.999999999997541e-05 2.889045000000173e-02 -9.999999999999995e-03 0.000000000000000e+00 0.000000000000000e+00 
2.970000000000000e+00 -8.457142857142878e-03 4.279554786249999e-01 8.557142857142856e-02 -8.673617379884035e-19 0.000000000000000e+00 4.279554786249999e-01 -9.999999999997858e-05 -2.015955000000158e-02 -9.999999999999995e-03 0.000000000000000e+00 0.000000000000000e+00 
2.975000000000000e+00 -8.457142857142878e-03 4.277320558750000e-01 8.607142857142855e-02 -8.673617379884035e-19 0.000000000000000e+00 4.277320558750000e-01 -1.499999999999765e-04 -6.920955000000054e-02 -9.999999999999995e-03 0.000000000000000e+00 0.000000000000000e+00 
2.980000000000000e+00 -8.457142857142878e-03 4.272633831250000e-01 8.657142857142854e-02 -8.673617379884035e-19 0.000000000000000e+00 4.272633831250000e-01 -1.999999999999762e-04 -1.182595499999995e-01 -9.999999999999995e-03 0.000000000000000e+00 0.000000000000000e+00 
2.985000000000000e+00 -8.457142857142878e-03 4.265494603750000e-01 8.707142857142852e-02 -8.673617379884035e-19 0.000000000000000e+00 4.265494603750000e-01 -2.499999999999742e-04 -1.673095499999984e-01 -9.999999999999995e-03 0.000000000000000e+00 0.000000000000000e+00 
2.990000000000000e+00 -8.457142857142878e-03 4.255902876249999e-01 8.757142857142855e-02 -8.673617379884035e-19 0.000000000000000e+00 4.255902876249999e-01 -2.999999999999774e-04 -2.163595500000018e-01 -9.999999999999995e-03 0.000000000000000e+00 0.000000000000000e+00 
2.995000000000000e+00 -8.457142857142878e-03 4.243858648749999e-01 8.807142857142854e-02 -8.673617379884035e-19 0.000000000000000e+00 4.243858648749999e-01 -3.499999999999753e-04 -2.654095500000007e-01 -9.999999999999995e-03 0.000000000000000e+00 0.000000000000000e+00 
3.000000000000000e+00 -8.457142857142878e-03 4.229361921249999e-01 8.857142857142852e-02 -8.673617379884035e-19 0.000000000000000e+00 4.229361921249999e-01 -3.999999999999750e-04 -3.144595499999997e-01 -9.999999999999995e-03 0.000000000000000e+00 0.000000000000000e+00 
3.005000000000000e+00 -8.457142857142878e-03 4.212412693750000e-01 8.907142857142851e-02 -8.673617379884035e-19 0.000000000000000e+00 4.212412693750000e-01 -4.499999999999730e-04 -3.635095499999986e-01 -9.999999999999995e-03 0.000000000000000e+00 0.000000000000000e+00 
3.010000000000000e+00 -8.457142857142878e-03 4.193010966249999e-01 8.957142857142854e-02 -8.673617379884035e-19 0.000000000000000e+00 4.193010966249999e-01 -4.999999999999762e-04 -4.125595500000019e-01 -9.999999999999995e-03 0.000000000000000e+00 0.000000000000000e+00 
3.015000000000000e+00 -8.457142857142878e-03 4.171156738749999e-01 9.007142857142852e-02 -8.673617379884035e-19 0.000000000000000e+00 4.171156738749999e-01 -5.499999999999741e-04 -4.616095500000009e-01 -9.999999999999995e-03 0.000000000000000e+00 0.000000000000000e+00 
3.020000000000000e+00 -8.457142857142878e-03 4.146850011250000e-01 9.057142857142851e-02 -8.673617379884035e-19 0.000000000000000e+00 4.146850011250000e-01 -5.999999999999738e-04 -5.106595499999999e-01 -9.999999999999995e-03 0.000000000000000e+00 0.000000000000000e+00 
3.025000000000000e+00 -8.457142857142878e-03 4.120090783750000e-01 9.107142857142850e-02 -8.673617379884035e-19 0.000000000000000e+00 4.120090783750000e-01 -6.499999999999718e-04 -5.597095499999988e-01 -9.999999999999995e-03 0.000000000000000e+00 0.000000000000000e+00 
3.030000000000000e+00 -8.457142857142878e-03 4.090879056249998e-01 9.157142857142853e-02 -8.673617379884035e-19 0.000000000000000e+00 4.090879056249998e-01 -6.999999999999749e-04 -6.087595500000020e-01 -9.999999999999995e-03 0.000000000000000e+00 0.000000000000000e+00 
3.035000000000000e+00 -8.457142857142878e-03 4.059214828749999e-01 9.207142857142851e-02 -8.673617379884035e-19 0.000000000000000e+00 4.059214828749999e-01 -7.499999999999729e-04 -6.578095500000010e-01 -9.999999999999995e-03 0.000000000000000e+00 0.000000000000000e+00 
3.040000000000000e+00 -8.457142857142878e-03 4.025098101249999e-01 9.257142857142850e-02 -8.673617379884035e-19 0.000000000000000e+00 4.025098101249999e-01 -7.999999999999726e-04 -7.068595499999999e-01 -9.999999999999995e-03 0.000000000000000e+00 0.000000000000000e+00 
3.045000000000000e+00 -8.457142857142878e-03 3.988528873750000e-01 9.307142857142849e-02 -8.673617379884035e-19 0.000000000000000e+00 3.988528873750000e-01 -8.499999999999706e-04 -7.559095499999988e-01 -9.999999999999995e-03 0.000000000000000e+00 0.000000000000000e+00 
3.050000000000000e+00 -8.457142857142878e-03 3.949507146249998e-01 9.357142857142851e-02 -8.673617379884035e-19 0.000000000000000e+00 3.949507146249998e-01 -8.999999999999737e-04 -8.049595500000022e-01 -9.999999999999995e-03 0.000000000000000e+00 0.000000000000000e+00 
3.055000000000000e+00 -8.457142857142878e-03 3.908032918749998e-01 9.407142857142850e-02 -8.673617379884035e-19 0.000000000000000e+00 3.908032918749998e-01 -9.499999999999717e-04 -8.540095500000011e-01 -9.999999999999995e-03 0.000000000000000e+00 0.000000000000000e+00 
3.060000000000000e+00 -8.457142857142878e-03 3.864106191250000e-01 9.457142857142849e-02 -8.673617379884035e-19 0.000000000000000e+00 3.864106191250000e-01 -9.999999999999714e-04 -9.030595500000000e-01 -9.999999999999995e-03 0.000000000000000e+00 0.000000000000000e+00 
3.065000000000000e+00 -8.457142857142878e-03 3.817726963750001e-01 9.507142857142847e-02 -8.673617379884035e-19 0.000000000000000e+00 3.817726963750001e-01 -1.049999999999969e-03 -9.521095499999990e-01 -9.999999999999995e-03 0.000000000000000e+00 0.000000000000000e+00 
3.070000000000000e+00 -8.457142857142878e-03 3.768895236249997e-01 9.557142857142850e-02 -8.673617379884035e-19 0.000000000000000e+00 3.768895236249997e-01 -1.099999999999973e-03 -1.001159550000002e+00 -9.999999999999995e-03 0.000000000000000e+00 0.000000000000000e+00 
3.075000000000000e+00 -8.457142857142878e-03 3.717611008749998e-01 9.607142857142849e-02 -8.673617379884035e-19 0.000000000000000e+00 3.717611008749998e-01 -1.149999999999970e-03 -1.050209550000001e+00 -9.999999999999995e-03 0.000000000000000e+00 0.000000000000000e+00 
3.080000000000000e+00 -8.457142857142878e-03 3.663874281249999e-01 9.657142857142847e-02 -8.673617379884035e-19 0.000000000000000e+00 3.663874281249999e-01 -1.199999999999970e-03 -1.099259550000000e+00 -9.999999999999995e-03 0.000000000000000e+00 0.000000000000000e+00 
3.085000000000000e+00 -8.457142857142878e-03 3.607685053750000e-01 9.707142857142846e-02 -8.673617379884035e-19 0.000000000000000e+00 3.607685053750000e-01 -1.249999999999968e-03 -1.148309549999999e+00 -9.999999999999995e-03 0.000000000000000e+00 0.000000000000000e+00 
3.090000000000000e+00 -8.457142857142878e-03 3.549043326250002e-01 9.757142857142845e-02 -8.673617379884035e-19 0.000000000000000e+00 3.549043326250002e-01 -1.299999999999968e-03 -1.197359549999998e+00 -9.999999999999995e-03 0.000000000000000e+00 0.000000000000000e+00 
3.095000000000000e+00 -8.457142857142878e-03 3.487949098749998e-01 9.807142857142848e-02 -8.673617379884035e-19 0.000000000000000e+00 3.487949098749998e-01 -1.349999999999969e-03 -1.246409550000001e+00 -9.999999999999995e-03 0.000000000000000e+00 0.000000000000000e+00 
3.100000000000000e+00 -8.457142857142878e-03 3.424402371249999e-01 9.857142857142846e-02 -8.673617379884035e-19 0.000000000000000e+00 3.424402371249999e-01 -1.399999999999969e-03 -1.295459550000000e+00 -9.999999999999995e-03 0.000000000000000e+00 0.000000000000000e+00 
3.105000000000000e+00 -8.457142857142878e-03 3.358403143750001e-01 9.907142857142845e-02 -8.673617379884035e-19 0.000000000000000e+00 3.358403143750001e-01 -1.449999999999967e-03 -1.344509549999999e+00 -9.999999999999995e-03 0.000000000000000e+00 0.000000000000000e+00 
3.110000000000000e+00 -8.457142857142878e-03 3.289951416250002e-01 9.957142857142844e-02 -8.673617379884035e-19 0.000000000000000e+00 3.289951416250002e-01 -1.499999999999967e-03 -1.393559549999998e+00 -9.999999999999995e-03 0.000000000000000e+00 0.000000000000000e+00 
3.115000000000000e+00 -8.457142857142878e-03 3.219047188749997e-01 1.000714285714285e-01 -8.673617379884035e-19 0.000000000000000e+00 3.219047188749997e-01 -1.549999999999968e-03 -1.442609550000002e+00 -9.999999999999995e-03 0.000000000000000e+00 0.000000000000000e+00 
3.120000000000000e+00 -8.457142857142878e-03 3.145690461249999e-01 1.005714285714285e-01 -8.673617379884035e-19 0.000000000000000e+00 3.145690461249999e-01 -1.599999999999968e-03 -1.491659550000001e+00 -9.999999999999995e-03 0.000000000000000e+00 0.000000000000000e+00 
3.125000000000000e+00 -8.457142857142878e-03 3.069881233750000e-01 1.010714285714284e-01 -8.673617379884035e-19 0.000000000000000e+00 3.069881233750000e-01 -1.649999999999966e-03 -1.540709549999999e+00 -9.999999999999995e-03 0.000000000000000e+00 0.000000000000000e+00 
3.130000000000000e+00 -8.457142857142878e-03 2.991619506250002e-01 1.015714285714284e-01 -8.673617379884035e-19 0.000000000000000e+00 2.991619506250002e-01 -1.699999999999965e-03 -1.589759549999998e+00 -9.999999999999995e-03 0.000000000000000e+00 0.000000000000000e+00 
3.135000000000000e+00 -8.457142857142878e-03 2.910905278749997e-01 1.020714285714285e-01 -8.673617379884035e-19 0.000000000000000e+00 2.910905278749997e-01 -1.749999999999967e-03 -1.638809550000002e+00 -9.999999999999995e-03 0.000000000000000e+00 0.000000000000000e+00 
3.140000000000000e+00 -8.457142857142878e-03 2.827738551249999e-01 1.025714285714284e-01 -8.673617379884035e-19 0.000000000000000e+00 2.827738551249999e-01 -1.799999999999967e-03 -1.687859550000001e+00 -9.999999999999995e-03 0.000000000000000e+00 0.000000000000000e+00 
3.145000000000000e+00 -8.457142857142878e-03 2.742119323750000e-01 1.030714285714284e-01 -8.673617379884035e-19 0.000000000000000e+00 2.742119323750000e-01 -1.849999999999965e-03 -1.736909550000000e+00 -9.999999999999995e-03 0.000000000000000e+00 0.000000000000000e+00 
3.150000000000000e+00 -8.457142857142878e-03 2.654047596250002e-01 1.035714285714284e-01 -8.673617379884035e-19 0.000000000000000e+00 2.654047596250002e-01 -1.899999999999964e-03 -1.785959549999999e+00 -9.999999999999995e-03 0.000000000000000e+00 0.000000000000000e+00 
3.155000000000000e+00 -8.457142857142878e-03 2.563523368749996e-01 1.040714285714284e-01 -8.673617379884035e-19 0.000000000000000e+00 2.563523368749996e-01 -1.949999999999966e-03 -1.835009550000002e+00 -9.999999999999995e-03 0.000000000000000e+00 0.000000000000000e+00 
3.160000000000000e+00 -8.457142857142878e-03 2.470546641249998e-01 1.045714285714284e-01 -8.673617379884035e-19 0.000000000000000e+00 2.470546641249998e-01 -1.999999999999965e-03 -1.884059550000001e+00 -9.999999999999995e-03 0.000000000000000e+00 0.000000000000000e+00 
3.165000000000000e+00 -8.457142857142878e-03 2.375117413750000e-01 1.050714285714284e-01 -8.673617379884035e-19 0.000000000000000e+00 2.375117413750000e-01 -2.049999999999963e-03 -1.933109550000000e+00 -9.999999999999995e-03 0.000000000000000e+00 0.000000000000000e+00 
3.170000000000000e+00 -8.457142857142878e-03 2.277235686250002e-01 1.055714285714284e-01 -8.673617379884035e-19 0.000000000000000e+00 2.277235686250002e-01 -2.099999999999963e-03 -1.982159549999999e+00 -9.999999999999995e-03 0.000000000000000e+00 0.000000000000000e+00 
3.175000000000000e+00 -8.457142857142878e-03 2.176901458749995e-01 1.060714285714284e-01 -8.673617379884035e-19 0.000000000000000e+00 2.176901458749995e-01 -2.149999999999964e-03 -2.031209550000002e+00 -9.999999999999995e-03 0.000000000000000e+00 0.000000000000000e+00 
3.180000000000000e+00 -8.457142857142878e-03 2.074114731249997e-01 1.065714285714284e-01 -8.673617379884035e-19 0.000000000000000e+00 2.074114731249997e-01 -2.199999999999964e-03 -2.080259550000001e+00 -9.999999999999995e-03 0.000000000000000e+00 0.000000000000000e+00 
3.185000000000000e+00 -8.457142857142878e-03 1.968875503749999e-01 1.070714285714284e-01 -8.673617379884035e-19 0.000000000000000e+00 1.968875503749999e-01 -2.249999999999962e-03 -2.129309550000000e+00 -9.999999999999995e-03 0.000000000000000e+00 0.000000000000000e+00 
3.190000000000000e+00 -8.457142857142878e-03 1.861183776250001e-01 1.075714285714284e-01 -8.673617379884035e-19 0.000000000000000e+00 1.861183776250001e-01 -2.299999999999962e-03 -2.178359549999999e+00 -9.999999999999995e-03 0.000000000000000e+00 0.000000000000000e+00 
3.195000000000000e+00 -8.457142857142878e-03 1.751039548749994e-01 1.080714285714284e-01 -8.673617379884035e-19 0.000000000000000e+00 1.751039548749994e-01 -2.349999999999963e-03 -2.227409550000002e+00 -9.999999999999995e-03 0.000000000000000e+00 0.000000000000000e+00 
3.200000000000000e+00 -8.457142857142878e-03 1.638442821249996e-01 1.085714285714284e-01 -8.673617379884035e-19 0.000000000000000e+00 1.638442821249996e-01 -2.399999999999963e-03 -2.276459550000001e+00 -9.999999999999995e-03 0.000000000000000e+00 0.000000000000000e+00 
3.205000000000000e+00 -8.457142857142878e-03 1.523393593749999e-01 1.090714285714284e-01 -8.673617379884035e-19 0.000000000000000e+00 1.523393593749999e-01 -2.449999999999961e-03 -2.325509550000000e+00 -9.999999999999995e-03 0.000000000000000e+00 0.000000000000000e+00 
3.210000000000000e+00 -8.457142857142878e-03 1.405891866250001e-01 1.095714285714284e-01 -8.673617379884035e-19 0.000000000000000e+00 1.405891866250001e-01 -2.499999999999961e-03 -2.374559549999999e+00 -9.999999999999995e-03 0.000000000000000e+00 0.000000000000000e+00 
3.215000000000000e+00 -8.457142857142878e-03 1.285937638750004e-01 1.100714285714284e-01 -8.673617379884035e-19 0.000000000000000e+00 1.285937638750004e-01 -2.549999999999959e-03 -2.423609549999998e+00 -9.999999999999995e-03 0.000000000000000e+00 0.000000000000000e+00 
3.220000000000000e+00 -8.457142857142878e-03 1.163530911249996e-01 1.105714285714284e-01 -8.673617379884035e-19 0.000000000000000e+00 1.163530911249996e-01 -2.599999999999962e-03 -2.472659550000001e+00 -9.999999999999995e-03 0.000000000000000e+00 0.000000000000000e+00 
3.225000000000000e+00 -8.457142857142878e-03 1.038671683749998e-01 1.110714285714284e-01 -8.673617379884035e-19 0.000000000000000e+00 1.038671683749998e-01 -2.649999999999960e-03 -2.521709550000000e+00 -9.999999999999995e-03 0.000000000000000e+00 0.000000000000000e+00 
3.230000000000000e+00 -8.457142857142878e-03 9.113599562500012e-02 1.115714285714284e-01 -8.673617379884035e-19 0.000000000000000e+00 9.113599562500012e-02 -2.699999999999959e-03 -2.570759549999999e+00 -9.999999999999995e-03 0.000000000000000e+00 0.000000000000000e+00 
3.235000000000000e+00 -8.457142857142878e-03 7.815957287500040e-02 1.120714285714283e-01 -8.673617379884035e-19 0.000000000000000e+00 7.815957287500040e-02 -2.749999999999957e-03 -2.619809549999998e+00 -9.999999999999995e-03 0.000000000000000e+00 0.000000000000000e+00 
3.240000000000000e+00 -8.457142857142878e-03 6.493790012499950e-02 1.125714285714284e-01 -8.673617379884035e-19 0.000000000000000e+00 6.493790012499950e-02 -2.799999999999961e-03 -2.668859550000001e+00 -9.999999999999995e-03 0.000000000000000e+00 0.000000000000000e+00 
3.245000000000000e+00 -8.457142857142878e-03 5.147097737499978e-02 1.130714285714284e-01 -8.673617379884035e-19 0.000000000000000e+00 5.147097737499978e-02 -2.849999999999958e-03 -2.717909550000000e+00 -9.999999999999995e-03 0.000000000000000e+00 0.000000000000000e+00 
3.250000000000000e+00 -8.457142857142878e-03 3.775880462500007e-02 1.135714285714284e-01 -8.673617379884035e-19 0.000000000000000e+00 3.775880462500007e-02 -2.899999999999958e-03 -2.766959549999999e+00 -9.999999999999995e-03 0.000000000000000e+00 0.000000000000000e+00 
3.255000000000000e+00 -8.457142857142878e-03 2.380138187500038e-02 1.140714285714283e-01 -8.673617379884035e-19 0.000000000000000e+00 2.380138187500038e-02 -2.949999999999956e-03 -2.816009549999998e+00 -9.999999999999995e-03 0.000000000000000e+00 0.000000000000000e+00 
3.260000000000000e+00 -8.457142857142878e-03 9.598709124999419e-03 1.145714285714284e-01 -8.673617379884035e-19 0.000000000000000e+00 9.598709124999419e-03 -2.999999999999959e-03 -2.865059550000002e+00 -9.999999999999995e-03 0.000000000000000e+00 0.000000000000000e+00 
3.265000000000000e+00 -8.457142857142878e-03 -4.849213625000277e-03 1.150714285714284e-01 -8.673617379884035e-19 0.000000000000000e+00 -4.849213625000277e-03 -3.049999999999957e-03 -2.914109550000000e+00 -9.999999999999995e-03 0.000000000000000e+00 0.000000000000000e+00 
3.270000000000000e+00 -8.471428571428592e-03 -5.577741012500264e-03 1.152142857142855e-01 -5.714285714285713e-03 -5.714285714285712e-03 -5.577741012500264e-03 -3.049999999999959e-03 2.622698594999999e+00 9.999999999999995e-03 5.585858144999999e+00 5.714285714285712e-03 
3.275000000000000e+00 -8.500000000000020e-03 7.413126962499459e-03 1.149999999999998e-01 -5.714285714285713e-03 0.000000000000000e+00 7.413126962499459e-03 -2.999999999999959e-03 2.573648595000000e+00 9.999999999999995e-03 0.000000000000000e+00 0.000000000000000e+00 
3.280000000000000e+00 -8.528571428571450e-03 2.015874493750031e-02 1.147857142857141e-01 -5.714285714285713e-03 0.000000000000000e+00 2.015874493750031e-02 -2.949999999999958e-03 2.524598594999997e+00 9.999999999999995e-03 0.000000000000000e+00 0.000000000000000e+00 
3.285000000000000e+00 -8.557142857142878e-03 3.265911291250004e-02 1.145714285714284e-01 -5.714285714285713e-03 0.000000000000000e+00 3.265911291250004e-02 -2.899999999999958e-03 2.475548594999998e+00 9.999999999999995e-03 0.000000000000000e+00 0.000000000000000e+00 
3.290000000000000e+00 -8.585714285714306e-03 4.491423088749977e-02 1.143571428571426e-01 -5.714285714285713e-03 0.000000000000000e+00 4.491423088749977e-02 -2.849999999999958e-03 2.426498594999999e+00 9.999999999999995e-03 0.000000000000000e+00 0.000000000000000e+00 
3.295000000000000e+00 -8.614285714285734e-03 5.692409886249951e-02 1.141428571428569e-01 -5.714285714285713e-03 0.000000000000000e+00 5.692409886249951e-02 -2.799999999999961e-03 2.377448595000000e+00 9.999999999999995e-03 0.000000000000000e+00 0.000000000000000e+00 
3.300000000000000e+00 -8.642857142857164e-03 6.868871683750030e-02 1.139285714285712e-01 -5.714285714285713e-03 0.000000000000000e+00 6.868871683750030e-02 -2.749999999999957e-03 2.328398594999997e+00 9.999999999999995e-03 0.000000000000000e+00 0.000000000000000e+00 
3.305000000000000e+00 -8.671428571428592e-03 8.020808481250004e-02 1.137142857142855e-01 -5.714285714285713e-03 0.000000000000000e+00 8.020808481250004e-02 -2.699999999999959e-03 2.279348594999998e+00 9.999999999999995e-03 0.000000000000000e+00 0.000000000000000e+00 
3.310000000000000e+00 -8.700000000000020e-03 9.148220278749979e-02 1.134999999999998e-01 -5.714285714285713e-03 0.000000000000000e+00 9.148220278749979e-02 -2.649999999999960e-03 2.230298594999999e+00 9.999999999999995e-03 0.000000000000000e+00 0.000000000000000e+00 
3.315000000000000e+00 -8.728571428571448e-03 1.025110707624995e-01 1.132857142857141e-01 -5.714285714285713e-03 0.000000000000000e+00 1.025110707624995e-01 -2.599999999999962e-03 2.181248595000000e+00 9.999999999999995e-03 0.000000000000000e+00 0.000000000000000e+00 
3.320000000000000e+00 -8.757142857142878e-03 1.132946887375003e-01 1.130714285714284e-01 -5.714285714285713e-03 0.000000000000000e+00 1.132946887375003e-01 -2.549999999999959e-03 2.132198594999997e+00 9.999999999999995e-03 0.000000000000000e+00 0.000000000000000e+00 
3.325000000000000e+00 -8.785714285714306e-03 1.238330567125000e-01 1.128571428571427e-01 -5.714285714285713e-03 0.000000000000000e+00 1.238330567125000e-01 -2.499999999999961e-03 2.083148594999998e+00 9.999999999999995e-03 0.000000000000000e+00 0.000000000000000e+00 
3.330000000000000e+00 -8.814285714285735e-03 1.341261746874998e-01 1.126428571428569e-01 -5.714285714285713e-03 0.000000000000000e+00 1.341261746874998e-01 -2.449999999999961e-03 2.034098594999999e+00 9.999999999999995e-03 0.000000000000000e+00 0.000000000000000e+00 
3.335000000000000e+00 -8.842857142857163e-03 1.441740426624996e-01 1.124285714285712e-01 -5.714285714285713e-03 0.000000000000000e+00 1.441740426624996e-01 -2.399999999999961e-03 1.985048595000000e+00 9.999999999999995e-03 0.000000000000000e+00 0.000000000000000e+00 
3.340000000000000e+00 -8.871428571428591e-03 1.539766606374994e-01 1.122142857142855e-01 -5.714285714285713e-03 0.000000000000000e+00 1.539766606374994e-01 -2.349999999999963e-03 1.935998595000001e+00 9.999999999999995e-03 0.000000000000000e+00 0.000000000000000e+00 
3.345000000000000e+00 -8.900000000000021e-03 1.635340286125000e-01 1.119999999999998e-01 -5.714285714285713e-03 0.000000000000000e+00 1.635340286125000e-01 -2.299999999999960e-03 1.886948594999998e+00 9.999999999999995e-03 0.000000000000000e+00 0.000000000000000e+00 
3.350000000000000e+00 -8.928571428571449e-03 1.728461465874998e-01 1.117857142857141e-01 -5.714285714285713e-03 0.000000000000000e+00 1.728461465874998e-01 -2.249999999999962e-03 1.837898594999999e+00 9.999999999999995e-03 0.000000000000000e+00 0.000000000000000e+00 
3.355000000000000e+00 -8.957142857142877e-03 1.819130145624996e-01 1.115714285714284e-01 -5.714285714285713e-03 0.000000000000000e+00 1.819130145624996e-01 -2.199999999999962e-03 1.788848595000000e+00 9.999999999999995e-03 0.000000000000000e+00 0.000000000000000e+00 
3.360000000000000e+00 -8.985714285714305e-03 1.907346325374994e-01 1.113571428571427e-01 -5.714285714285713e-03 0.000000000000000e+00 1.907346325374994e-01 -2.149999999999964e-03 1.739798595000001e+00 9.999999999999995e-03 0.000000000000000e+00 0.000000000000000e+00 
3.365000000000000e+00 -9.014285714285735e-03 1.993110005125000e-01 1.111428571428570e-01 -5.714285714285713e-03 0.000000000000000e+00 1.993110005125000e-01 -2.099999999999961e-03 1.690748594999997e+00 9.999999999999995e-03 0.000000000000000e+00 0.000000000000000e+00 
3.370000000000000e+00 -9.042857142857163e-03 2.076421184874998e-01 1.109285714285713e-01 -5.714285714285713e-03 0.000000000000000e+00 2.076421184874998e-01 -2.049999999999963e-03 1.641698594999998e+00 9.999999999999995e-03 0.000000000000000e+00 0.000000000000000e+00 
3.375000000000000e+00 -9.071428571428591e-03 2.157279864624996e-01 1.107142857142855e-01 -5.714285714285713e-03 0.000000000000000e+00 2.157279864624996e-01 -1.999999999999964e-03 1.592648595000000e+00 9.999999999999995e-03 0.000000000000000e+00 0.000000000000000e+00 
3.380000000000000e+00 -9.100000000000020e-03 2.235686044374995e-01 1.104999999999998e-01 -5.714285714285713e-03 0.000000000000000e+00 2.235686044374995e-01 -1.949999999999964e-03 1.543598595000001e+00 9.999999999999995e-03 0.000000000000000e+00 0.000000000000000e+00 
3.385000000000000e+00 -9.128571428571449e-03 2.311639724125000e-01 1.102857142857141e-01 -5.714285714285713e-03 0.000000000000000e+00 2.311639724125000e-01 -1.899999999999962e-03 1.494548594999997e+00 9.999999999999995e-03 0.000000000000000e+00 0.000000000000000e+00 
3.390000000000000e+00 -9.157142857142878e-03 2.385140903874998e-01 1.100714285714284e-01 -5.714285714285713e-03 0.000000000000000e+00 2.385140903874998e-01 -1.849999999999963e-03 1.445498594999998e+00 9.999999999999995e-03 0.000000000000000e+00 0.000000000000000e+00 
3.395000000000000e+00 -9.185714285714306e-03 2.456189583624996e-01 1.098571428571427e-01 -5.714285714285713e-03 0.000000000000000e+00 2.456189583624996e-01 -1.799999999999965e-03 1.396448594999999e+00 9.999999999999995e-03 0.000000000000000e+00 0.000000000000000e+00 
3.400000000000000e+00 -9.214285714285734e-03 2.524785763374995e-01 1.096428571428570e-01 -5.714285714285713e-03 0.000000000000000e+00 2.524785763374995e-01 -1.749999999999965e-03 1.347398595000000e+00 9.999999999999995e-03 0.000000000000000e+00 0.000000000000000e+00 
3.405000000000000e+00 -9.242857142857164e-03 2.590929443124999e-01 1.094285714285713e-01 -5.714285714285713e-03 0.000000000000000e+00 2.590929443124999e-01 -1.699999999999964e-03 1.298348594999997e+00 9.999999999999995e-03 0.000000000000000e+00 0.000000000000000e+00 
3.410000000000000e+00 -9.271428571428592e-03 2.654620622874997e-01 1.092142857142856e-01 -5.714285714285713e-03 0.000000000000000e+00 2.654620622874997e-01 -1.649999999999964e-03 1.249298594999998e+00 9.999999999999995e-03 0.000000000000000e+00 0.000000000000000e+00 
3.415000000000000e+00 -9.300000000000020e-03 2.715859302624996e-01 1.089999999999998e-01 -5.714285714285713e-03 0.000000000000000e+00 2.715859302624996e-01 -1.599999999999966e-03 1.200248594999999e+00 9.999999999999995e-03 0.000000000000000e+00 0.000000000000000e+00 
3.420000000000000e+00 -9.328571428571448e-03 2.774645482374995e-01 1.087857142857141e-01 -5.714285714285713e-03 0.000000000000000e+00 2.774645482374995e-01 -1.549999999999966e-03 1.151198595000000e+00 9.999999999999995e-03 0.000000000000000e+00 0.000000000000000e+00 
3.425000000000000e+00 -9.357142857142878e-03 2.830979162124999e-01 1.085714285714284e-01 -5.714285714285713e-03 0.000000000000000e+00 2.830979162124999e-01 -1.499999999999965e-03 1.102148594999997e+00 9.999999999999995e-03 0.000000000000000e+00 0.000000000000000e+00 
3.430000000000000e+00 -9.385714285714306e-03 2.884860341874997e-01 1.083571428571427e-01 -5.714285714285713e-03 0.000000000000000e+00 2.884860341874997e-01 -1.449999999999965e-03 1.053098594999998e+00 9.999999999999995e-03 0.000000000000000e+00 0.000000000000000e+00 
3.435000000000000e+00 -9.414285714285734e-03 2.936289021624996e-01 1.081428571428570e-01 -5.714285714285713e-03 0.000000000000000e+00 2.936289021624996e-01 -1.399999999999966e-03 1.004048594999999e+00 9.999999999999995e-03 0.000000000000000e+00 0.000000000000000e+00 
3.440000000000000e+00 -9.442857142857163e-03 2.985265201374995e-01 1.079285714285713e-01 -5.714285714285713e-03 0.000000000000000e+00 2.985265201374995e-01 -1.349999999999968e-03 9.549985950000002e-01 9.999999999999995e-03 0.000000000000000e+00 0.000000000000000e+00 
3.445000000000000e+00 -9.471428571428592e-03 3.031788881124998e-01 1.077142857142856e-01 -5.714285714285713e-03 0.000000000000000e+00 3.031788881124998e-01 -1.299999999999964e-03 9.059485949999968e-01 9.999999999999995e-03 0.000000000000000e+00 0.000000000000000e+00 
3.450000000000000e+00 -9.500000000000021e-03 3.075860060874997e-01 1.074999999999999e-01 -5.714285714285713e-03 0.000000000000000e+00 3.075860060874997e-01 -1.249999999999966e-03 8.568985949999979e-01 9.999999999999995e-03 0.000000000000000e+00 0.000000000000000e+00 
3.455000000000000e+00 -9.528571428571449e-03 3.117478740624996e-01 1.072857142857142e-01 -5.714285714285713e-03 0.000000000000000e+00 3.117478740624996e-01 -1.199999999999967e-03 8.078485949999989e-01 9.999999999999995e-03 0.000000000000000e+00 0.000000000000000e+00 
3.460000000000000e+00 -9.557142857142877e-03 3.156644920374995e-01 1.070714285714284e-01 -5.714285714285713e-03 0.000000000000000e+00 3.156644920374995e-01 -1.149999999999969e-03 7.587985950000000e-01 9.999999999999995e-03 0.000000000000000e+00 0.000000000000000e+00 
3.465000000000000e+00 -9.585714285714305e-03 3.193358600124995e-01 1.068571428571427e-01 -5.714285714285713e-03 0.000000000000000e+00 3.193358600124995e-01 -1.099999999999969e-03 7.097485950000011e-01 9.999999999999995e-03 0.000000000000000e+00 0.000000000000000e+00 
3.470000000000000e+00 -9.614285714285735e-03 3.227619779874997e-01 1.066428571428570e-01 -5.714285714285713e-03 0.000000000000000e+00 3.227619779874997e-01 -1.049999999999968e-03 6.606985949999977e-01 9.999999999999995e-03 0.000000000000000e+00 0.000000000000000e+00 
3.475000000000000e+00 -9.642857142857163e-03 3.259428459624997e-01 1.064285714285713e-01 -5.714285714285713e-03 0.000000000000000e+00 3.259428459624997e-01 -9.999999999999679e-04 6.116485949999988e-01 9.999999999999995e-03 0.000000000000000e+00 0.000000000000000e+00 
3.480000000000000e+00 -9.671428571428591e-03 3.288784639374996e-01 1.062142857142856e-01 -5.714285714285713e-03 0.000000000000000e+00 3.288784639374996e-01 -9.499999999999682e-04 5.625985949999999e-01 9.999999999999995e-03 0.000000000000000e+00 0.000000000000000e+00 
3.485000000000000e+00 -9.700000000000019e-03 3.315688319124995e-01 1.059999999999999e-01 -5.714285714285713e-03 0.000000000000000e+00 3.315688319124995e-01 -8.999999999999703e-04 5.135485950000009e-01 9.999999999999995e-03 0.000000000000000e+00 0.000000000000000e+00 
3.490000000000000e+00 -9.728571428571449e-03 3.340139498874997e-01 1.057857142857142e-01 -5.714285714285713e-03 0.000000000000000e+00 3.340139498874997e-01 -8.499999999999671e-04 4.644985949999976e-01 9.999999999999995e-03 0.000000000000000e+00 0.000000000000000e+00 
3.495000000000000e+00 -9.757142857142877e-03 3.362138178624997e-01 1.055714285714285e-01 -5.714285714285713e-03 0.000000000000000e+00 3.362138178624997e-01 -7.999999999999691e-04 4.154485949999986e-01 9.999999999999995e-03 0.000000000000000e+00 0.000000000000000e+00 
3.500000000000000e+00 -9.785714285714306e-03 3.381684358374996e-01 1.053571428571427e-01 -5.714285714285713e-03 0.000000000000000e+00 3.381684358374996e-01 -7.499999999999694e-04 3.663985949999997e-01 9.999999999999995e-03 0.000000000000000e+00 0.000000000000000e+00 
3.505000000000000e+00 -9.814285714285734e-03 3.398778038124996e-01 1.051428571428570e-01 -5.714285714285713e-03 0.000000000000000e+00 3.398778038124996e-01 -6.999999999999715e-04 3.173485950000008e-01 9.999999999999995e-03 0.000000000000000e+00 0.000000000000000e+00 
3.510000000000000e+00 -9.842857142857164e-03 3.413419217874997e-01 1.049285714285713e-01 -5.714285714285713e-03 0.000000000000000e+00 3.413419217874997e-01 -6.499999999999683e-04 2.682985949999975e-01 9.999999999999995e-03 0.000000000000000e+00 0.000000000000000e+00 
3.515000000000000e+00 -9.871428571428592e-03 3.425607897624997e-01 1.047142857142856e-01 -5.714285714285713e-03 0.000000000000000e+00 3.425607897624997e-01 -5.999999999999703e-04 2.192485949999985e-01 9.999999999999995e-03 0.000000000000000e+00 0.000000000000000e+00 
3.520000000000000e+00 -9.900000000000020e-03 3.435344077374996e-01 1.044999999999999e-01 -5.714285714285713e-03 0.000000000000000e+00 3.435344077374996e-01 -5.499999999999707e-04 1.701985949999996e-01 9.999999999999995e-03 0.000000000000000e+00 0.000000000000000e+00 
3.525000000000000e+00 -9.928571428571448e-03 3.442627757124996e-01 1.042857142857142e-01 -5.714285714285713e-03 0.000000000000000e+00 3.442627757124996e-01 -4.999999999999710e-04 1.211485950000006e-01 9.999999999999995e-03 0.000000000000000e+00 0.000000000000000e+00 
3.530000000000000e+00 -9.957142857142878e-03 3.447458936874996e-01 1.040714285714285e-01 -5.714285714285713e-03 0.000000000000000e+00 3.447458936874996e-01 -4.499999999999695e-04 7.209859499999730e-02 9.999999999999995e-03 0.000000000000000e+00 0.000000000000000e+00 
3.535000000000000e+00 -9.985714285714306e-03 3.449837616624996e-01 1.038571428571428e-01 -5.714285714285713e-03 0.000000000000000e+00 3.449837616624996e-01 -3.999999999999698e-04 2.304859499999834e-02 9.999999999999995e-03 0.000000000000000e+00 0.000000000000000e+00 
3.540000000000000e+00 -1.001428571428573e-02 3.449763796374996e-01 1.036428571428571e-01 -5.714285714285713e-03 0.000000000000000e+00 3.449763796374996e-01 -3.499999999999719e-04 -2.600140500000062e-02 9.999999999999995e-03 0.000000000000000e+00 0.000000000000000e+00 
3.545000000000000e+00 -1.004285714285716e-02 3.447237476124996e-01 1.034285714285713e-01 -5.714285714285713e-03 0.000000000000000e+00 3.447237476124996e-01 -2.999999999999722e-04 -7.505140499999957e-02 9.999999999999995e-03 0.000000000000000e+00 0.000000000000000e+00 
3.550000000000000e+00 -1.007142857142859e-02 3.442258655874995e-01 1.032142857142856e-01 -5.714285714285713e-03 0.000000000000000e+00 3.442258655874995e-01 -2.499999999999707e-04 -1.241014050000029e-01 9.999999999999995e-03 0.000000000000000e+00 0.000000000000000e+00 
3.555000000000000e+00 -1.010000000000002e-02 3.434827335624995e-01 1.029999999999999e-01 -5.714285714285713e-03 0.000000000000000e+00 3.434827335624995e-01 -1.999999999999710e-04 -1.731514050000018e-01 9.999999999999995e-03 0.000000000000000e+00 0.000000000000000e+00 
3.560000000000000e+00 -1.012857142857145e-02 3.424943515374995e-01 1.027857142857142e-01 -5.714285714285713e-03 0.000000000000000e+00 3.424943515374995e-01 -1.499999999999731e-04 -2.222014050000008e-01 9.999999999999995e-03 0.000000000000000e+00 0.000000000000000e+00 
3.565000000000000e+00 -1.015714285714288e-02 3.412607195124995e-01 1.025714285714285e-01 -5.714285714285713e-03 0.000000000000000e+00 3.412607195124995e-01 -9.999999999997337e-05 -2.712514049999998e-01 9.999999999999995e-03 0.000000000000000e+00 0.000000000000000e+00 
3.570000000000000e+00 -1.018571428571431e-02 3.397818374874994e-01 1.023571428571428e-01 -5.714285714285713e-03 0.000000000000000e+00 3.397818374874994e-01 -4.999999999997194e-05 -3.203014050000031e-01 9.999999999999995e-03 0.000000000000000e+00 0.000000000000000e+00 
3.575000000000000e+00 -1.021428571428573e-02 3.380577054624994e-01 1.021428571428571e-01 -5.714285714285713e-03 0.000000000000000e+00 3.380577054624994e-01 2.775557561562891e-17 -3.693514050000021e-01 9.999999999999995e-03 0.000000000000000e+00 0.000000000000000e+00 
3.580000000000000e+00 -1.024285714285716e-02 3.360883234374994e-01 1.019285714285714e-01 -5.714285714285713e-03 0.000000000000000e+00 3.360883234374994e-01 5.000000000002745e-05 -4.184014050000010e-01 9.999999999999995e-03 0.000000000000000e+00 0.000000000000000e+00 
3.585000000000000e+00 -1.027142857142859e-02 3.338736914124995e-01 1.017142857142856e-01 -5.714285714285713e-03 0.000000000000000e+00 3.338736914124995e-01 1.000000000000254e-04 -4.674514049999999e-01 9.999999999999995e-03 0.000000000000000e+00 0.000000000000000e+00 
3.590000000000000e+00 -1.030000000000002e-02 3.314138093874995e-01 1.014999999999999e-01 -5.714285714285713e-03 0.000000000000000e+00 3.314138093874995e-01 1.500000000000251e-04 -5.165014049999989e-01 9.999999999999995e-03 0.000000000000000e+00 0.000000000000000e+00 
3.595000000000000e+00 -1.032857142857145e-02 3.287086773624994e-01 1.012857142857142e-01 -5.714285714285713e-03 0.000000000000000e+00 3.287086773624994e-01 2.000000000000265e-04 -5.655514050000021e-01 9.999999999999995e-03 0.000000000000000e+00 0.000000000000000e+00 
3.600000000000000e+00 -1.035714285714288e-02 3.257582953374994e-01 1.010714285714285e-01 -5.714285714285713e-03 0.000000000000000e+00 3.257582953374994e-01 2.500000000000262e-04 -6.146014050000010e-01 9.999999999999995e-03 0.000000000000000e+00 0.000000000000000e+00 
3.605000000000000e+00 -1.038571428571431e-02 3.225626633124995e-01 1.008571428571428e-01 -5.714285714285713e-03 0.000000000000000e+00 3.225626633124995e-01 3.000000000000242e-04 -6.636514050000000e-01 9.999999999999995e-03 0.000000000000000e+00 0.000000000000000e+00 
3.610000000000000e+00 -1.041428571428573e-02 3.191217812874996e-01 1.006428571428571e-01 -5.714285714285713e-03 0.000000000000000e+00 3.191217812874996e-01 3.500000000000239e-04 -7.127014049999989e-01 9.999999999999995e-03 0.000000000000000e+00 0.000000000000000e+00 
3.615000000000000e+00 -1.044285714285716e-02 3.154356492624993e-01 1.004285714285714e-01 -5.714285714285713e-03 0.000000000000000e+00 3.154356492624993e-01 4.000000000000253e-04 -7.617514050000023e-01 9.999999999999995e-03 0.000000000000000e+00 0.000000000000000e+00 
3.620000000000000e+00 -1.047142857142859e-02 3.115042672374994e-01 1.002142857142857e-01 -5.714285714285713e-03 0.000000000000000e+00 3.115042672374994e-01 4.500000000000250e-04 -8.108014050000012e-01 9.999999999999995e-03 0.000000000000000e+00 0.000000000000000e+00 
3.625000000000000e+00 -1.050000000000002e-02 3.073276352124995e-01 9.999999999999995e-02 -5.714285714285713e-03 0.000000000000000e+00 3.073276352124995e-01 5.000000000000247e-04 -8.598514050000001e-01 9.999999999999995e-03 0.000000000000000e+00 0.000000000000000e+00 
3.630000000000000e+00 -1.052857142857145e-02 3.029057531874996e-01 9.978571428571424e-02 -5.714285714285713e-03 0.000000000000000e+00 3.029057531874996e-01 5.500000000000227e-04 -9.089014049999991e-01 9.999999999999995e-03 0.000000000000000e+00 0.000000000000000e+00 
3.635000000000000e+00 -1.055714285714288e-02 2.982386211624993e-01 9.957142857142852e-02 -5.714285714285713e-03 0.000000000000000e+00 2.982386211624993e-01 6.000000000000259e-04 -9.579514050000024e-01 9.999999999999995e-03 0.000000000000000e+00 0.000000000000000e+00 
3.640000000000000e+00 -1.058571428571431e-02 2.933262391374994e-01 9.935714285714281e-02 -5.714285714285713e-03 0.000000000000000e+00 2.933262391374994e-01 6.500000000000238e-04 -1.007001405000001e+00 9.999999999999995e-03 0.000000000000000e+00 0.000000000000000e+00 
3.645000000000000e+00 -1.061428571428573e-02 2.881686071124995e-01 9.914285714285710e-02 -5.714285714285713e-03 0.000000000000000e+00 2.881686071124995e-01 7.000000000000235e-04 -1.056051405000000e+00 9.999999999999995e-03 0.000000000000000e+00 0.000000000000000e+00 
3.650000000000000e+00 -1.064285714285716e-02 2.827657250874996e-01 9.892857142857139e-02 -5.714285714285713e-03 0.000000000000000e+00 2.827657250874996e-01 7.500000000000215e-04 -1.105101404999999e+00 9.999999999999995e-03 0.000000000000000e+00 0.000000000000000e+00 
3.655000000000000e+00 -1.067142857142859e-02 2.771175930624993e-01 9.871428571428567e-02 -5.714285714285713e-03 0.000000000000000e+00 2.771175930624993e-01 8.000000000000246e-04 -1.154151405000003e+00 9.999999999999995e-03 0.000000000000000e+00 0.000000000000000e+00 
3.660000000000000e+00 -1.070000000000002e-02 2.712242110374994e-01 9.849999999999996e-02 -5.714285714285713e-03 0.000000000000000e+00 2.712242110374994e-01 8.500000000000226e-04 -1.203201405000002e+00 9.999999999999995e-03 0.000000000000000e+00 0.000000000000000e+00 
3.665000000000000e+00 -1.072857142857145e-02 2.650855790124995e-01 9.828571428571425e-02 -5.714285714285713e-03 0.000000000000000e+00 2.650855790124995e-01 9.000000000000223e-04 -1.252251405000000e+00 9.999999999999995e-03 0.000000000000000e+00 0.000000000000000e+00 
3.670000000000000e+00 -1.075714285714288e-02 2.587016969874997e-01 9.807142857142855e-02 -5.714285714285713e-03 0.000000000000000e+00 2.587016969874997e-01 9.500000000000220e-04 -1.301301404999999e+00 9.999999999999995e-03 0.000000000000000e+00 0.000000000000000e+00 
3.675000000000000e+00 -1.078571428571431e-02 2.520725649624992e-01 9.785714285714282e-02 -5.714285714285713e-03 0.000000000000000e+00 2.520725649624992e-01 1.000000000000023e-03 -1.350351405000003e+00 9.999999999999995e-03 0.000000000000000e+00 0.000000000000000e+00 
3.680000000000000e+00 -1.081428571428573e-02 2.451981829374994e-01 9.764285714285711e-02 -5.714285714285713e-03 0.000000000000000e+00 2.451981829374994e-01 1.050000000000023e-03 -1.399401405000002e+00 9.999999999999995e-03 0.000000000000000e+00 0.000000000000000e+00 
3.685000000000000e+00 -1.084285714285716e-02 2.380785509124995e-01 9.742857142857141e-02 -5.714285714285713e-03 0.000000000000000e+00 2.380785509124995e-01 1.100000000000021e-03 -1.448451405000001e+00 9.999999999999995e-03 0.000000000000000e+00 0.000000000000000e+00 
3.690000000000000e+00 -1.087142857142859e-02 2.307136688874997e-01 9.721428571428570e-02 -5.714285714285713e-03 0.000000000000000e+00 2.307136688874997e-01 1.150000000000021e-03 -1.497501405000000e+00 9.999999999999995e-03 0.000000000000000e+00 0.000000000000000e+00 
3.695000000000000e+00 -1.090000000000002e-02 2.231035368624991e-01 9.699999999999998e-02 -5.714285714285713e-03 0.000000000000000e+00 2.231035368624991e-01 1.200000000000022e-03 -1.546551405000003e+00 9.999999999999995e-03 0.000000000000000e+00 0.000000000000000e+00 
3.700000000000000e+00 -1.092857142857145e-02 2.152481548374993e-01 9.678571428571427e-02 -5.714285714285713e-03 0.000000000000000e+00 2.152481548374993e-01 1.250000000000022e-03 -1.595601405000002e+00 9.999999999999995e-03 0.000000000000000e+00 0.000000000000000e+00 
3.705000000000000e+00 -1.095714285714288e-02 2.071475228124995e-01 9.657142857142856e-02 -5.714285714285713e-03 0.000000000000000e+00 2.071475228124995e-01 1.300000000000020e-03 -1.644651405000001e+00 9.999999999999995e-03 0.000000000000000e+00 0.000000000000000e+00 
3.710000000000000e+00 -1.098571428571431e-02 1.988016407874997e-01 9.635714285714285e-02 -5.714285714285713e-03 0.000000000000000e+00 1.988016407874997e-01 1.350000000000020e-03 -1.693701405000000e+00 9.999999999999995e-03 0.000000000000000e+00 0.000000000000000e+00 
3.715000000000000e+00 -1.101428571428573e-02 1.902105087624998e-01 9.614285714285714e-02 -5.714285714285713e-03 0.000000000000000e+00 1.902105087624998e-01 1.400000000000019e-03 -1.742751404999999e+00 9.999999999999995e-03 0.000000000000000e+00 0.000000000000000e+00 
3.720000000000000e+00 -1.104285714285716e-02 1.813741267374993e-01 9.592857142857142e-02 -5.714285714285713e-03 0.000000000000000e+00 1.813741267374993e-01 1.450000000000021e-03 -1.791801405000002e+00 9.999999999999995e-03 0.000000000000000e+00 0.000000000000000e+00 
3.725000000000000e+00 -1.107142857142859e-02 1.722924947124994e-01 9.571428571428571e-02 -5.714285714285713e-03 0.000000000000000e+00 1.722924947124994e-01 1.500000000000020e-03 -1.840851405000001e+00 9.999999999999995e-03 0.000000000000000e+00 0.000000000000000e+00 
3.730000000000000e+00 -1.110000000000002e-02 1.629656126874997e-01 9.550000000000000e-02 -5.714285714285713e-03 0.000000000000000e+00 1.629656126874997e-01 1.550000000000018e-03 -1.889901405000000e+00 9.999999999999995e-03 0.000000000000000e+00 0.000000000000000e+00 
3.735000000000000e+00 -1.112857142857145e-02 1.533934806624999e-01 9.528571428571429e-02 -5.714285714285713e-03 0.000000000000000e+00 1.533934806624999e-01 1.600000000000018e-03 -1.938951404999999e+00 9.999999999999995e-03 0.000000000000000e+00 0.000000000000000e+00 
3.740000000000000e+00 -1.115714285714288e-02 1.435760986374992e-01 9.507142857142857e-02 -5.714285714285713e-03 0.000000000000000e+00 1.435760986374992e-01 1.650000000000020e-03 -1.988001405000002e+00 9.999999999999995e-03 0.000000000000000e+00 0.000000000000000e+00 
3.745000000000000e+00 -1.118571428571431e-02 1.335134666124994e-01 9.485714285714286e-02 -5.714285714285713e-03 0.000000000000000e+00 1.335134666124994e-01 1.700000000000019e-03 -2.037051405000001e+00 9.999999999999995e-03 0.000000000000000e+00 0.000000000000000e+00 
3.750000000000000e+00 -1.121428571428573e-02 1.232055845874996e-01 9.464285714285715e-02 -5.714285714285713e-03 0.000000000000000e+00 1.232055845874996e-01 1.750000000000017e-03 -2.086101405000000e+00 9.999999999999995e-03 0.000000000000000e+00 0.000000000000000e+00 
3.755000000000000e+00 -1.124285714285716e-02 1.126524525624999e-01 9.442857142857145e-02 -5.714285714285713e-03 0.000000000000000e+00 1.126524525624999e-01 1.800000000000017e-03 -2.135151404999999e+00 9.999999999999995e-03 0.000000000000000e+00 0.000000000000000e+00 
3.760000000000000e+00 -1.127142857142859e-02 1.018540705374991e-01 9.421428571428572e-02 -5.714285714285713e-03 0.000000000000000e+00 1.018540705374991e-01 1.850000000000018e-03 -2.184201405000002e+00 9.999999999999995e-03 0.000000000000000e+00 0.000000000000000e+00 
3.765000000000000e+00 -1.130000000000002e-02 9.081043851249934e-02 9.400000000000001e-02 -5.714285714285713e-03 0.000000000000000e+00 9.081043851249934e-02 1.900000000000018e-03 -2.233251405000001e+00 9.999999999999995e-03 0.000000000000000e+00 0.000000000000000e+00 
3.770000000000000e+00 -1.132857142857145e-02 7.952155648749958e-02 9.378571428571431e-02 -5.714285714285713e-03 0.000000000000000e+00 7.952155648749958e-02 1.950000000000018e-03 -2.282301405000000e+00 9.999999999999995e-03 0.000000000000000e+00 0.000000000000000e+00 
3.775000000000000e+00 -1.135714285714288e-02 6.798742446249982e-02 9.357142857142860e-02 -5.714285714285713e-03 0.000000000000000e+00 6.798742446249982e-02 2.000000000000016e-03 -2.331351404999999e+00 9.999999999999995e-03 0.000000000000000e+00 0.000000000000000e+00 
3.780000000000000e+00 -1.138571428571431e-02 5.620804243749902e-02 9.335714285714287e-02 -5.714285714285713e-03 0.000000000000000e+00 5.620804243749902e-02 2.050000000000019e-03 -2.380401405000002e+00 9.999999999999995e-03 0.000000000000000e+00 0.000000000000000e+00 
3.785000000000000e+00 -1.141428571428573e-02 4.418341041249927e-02 9.314285714285717e-02 -5.714285714285713e-03 0.000000000000000e+00 4.418341041249927e-02 2.100000000000017e-03 -2.429451405000001e+00 9.999999999999995e-03 0.000000000000000e+00 0.000000000000000e+00 
3.790000000000000e+00 -1.144285714285716e-02 3.191352838749953e-02 9.292857142857146e-02 -5.714285714285713e-03 0.000000000000000e+00 3.191352838749953e-02 2.150000000000016e-03 -2.478501405000000e+00 9.999999999999995e-03 0.000000000000000e+00 0.000000000000000e+00 
3.795000000000000e+00 -1.147142857142859e-02 1.939839636249980e-02 9.271428571428575e-02 -5.714285714285713e-03 0.000000000000000e+00 1.939839636249980e-02 2.200000000000016e-03 -2.527551404999999e+00 9.999999999999995e-03 0.000000000000000e+00 0.000000000000000e+00 
3.800000000000000e+00 -1.150000000000002e-02 6.638014337498929e-03 9.250000000000003e-02 -5.714285714285713e-03 0.000000000000000e+00 6.638014337498929e-03 2.250000000000018e-03 -2.576601405000003e+00 9.999999999999995e-03 0.000000000000000e+00 0.000000000000000e+00 
3.805000000000000e+00 -1.152857142857145e-02 -6.367617687500804e-03 9.228571428571432e-02 -5.714285714285713e-03 0.000000000000000e+00 -6.367617687500804e-03 2.300000000000017e-03 -2.625651405000001e+00 9.999999999999995e-03 0.000000000000000e+00 0.000000000000000e+00 
3.810000000000000e+00 -1.154285714285716e-02 -7.024030538750792e-03 9.242857142857146e-02 -8.673617379884035e-19 5.714285714285712e-03 -7.024030538750792e-03 2.300000000000016e-03 2.363086264500001e+00 -9.999999999999995e-03 5.037787669500001e+00 -5.714285714285712e-03 
3.815000000000000e+00 -1.154285714285716e-02 4.668775783748964e-03 9.292857142857144e-02 -8.673617379884035e-19 0.000000000000000e+00 4.668775783748964e-03 2.250000000000018e-03 2.314036264500002e+00 -9.999999999999995e-03 0.000000000000000e+00 0.000000000000000e+00 
3.820000000000000e+00 -1.154285714285716e-02 1.611633210624974e-02 9.342857142857147e-02 -8.673617379884035e-19 0.000000000000000e+00 1.611633210624974e-02 2.200000000000014e-03 2.264986264499998e+00 -9.999999999999995e-03 0.000000000000000e+00 0.000000000000000e+00 
3.825000000000000e+00 -1.154285714285716e-02 2.731863842874949e-02 9.392857142857146e-02 -8.673617379884035e-19 0.000000000000000e+00 2.731863842874949e-02 2.150000000000015e-03 2.215936264499999e+00 -9.999999999999995e-03 0.000000000000000e+00 0.000000000000000e+00 
3.830000000000000e+00 -1.154285714285716e-02 3.827569475124926e-02 9.442857142857145e-02 -8.673617379884035e-19 0.000000000000000e+00 3.827569475124926e-02 2.100000000000017e-03 2.166886264500000e+00 -9.999999999999995e-03 0.000000000000000e+00 0.000000000000000e+00 
3.835000000000000e+00 -1.154285714285716e-02 4.898750107374904e-02 9.492857142857143e-02 -8.673617379884035e-19 0.000000000000000e+00 4.898750107374904e-02 2.050000000000019e-03 2.117836264500002e+00 -9.999999999999995e-03 0.000000000000000e+00 0.000000000000000e+00 
3.840000000000000e+00 -1.154285714285716e-02 5.945405739624882e-02 9.542857142857142e-02 -8.673617379884035e-19 0.000000000000000e+00 5.945405739624882e-02 2.000000000000019e-03 2.068786264500003e+00 -9.999999999999995e-03 0.000000000000000e+00 0.000000000000000e+00 
3.845000000000000e+00 -1.154285714285716e-02 6.967536371874952e-02 9.592857142857145e-02 -8.673617379884035e-19 0.000000000000000e+00 6.967536371874952e-02 1.950000000000016e-03 2.019736264499999e+00 -9.999999999999995e-03 0.000000000000000e+00 0.000000000000000e+00 
3.850000000000000e+00 -1.154285714285716e-02 7.965142004124931e-02 9.642857142857143e-02 -8.673617379884035e-19 0.000000000000000e+00 7.965142004124931e-02 1.900000000000018e-03 1.970686264500000e+00 -9.999999999999995e-03 0.000000000000000e+00 0.000000000000000e+00 
3.855000000000000e+00 -1.154285714285716e-02 8.938222636374911e-02 9.692857142857142e-02 -8.673617379884035e-19 0.000000000000000e+00 8.938222636374911e-02 1.850000000000020e-03 1.921636264500001e+00 -9.999999999999995e-03 0.000000000000000e+00 0.000000000000000e+00 
3.860000000000000e+00 -1.154285714285716e-02 9.886778268624892e-02 9.742857142857141e-02 -8.673617379884035e-19 0.000000000000000e+00 9.886778268624892e-02 1.800000000000020e-03 1.872586264500002e+00 -9.999999999999995e-03 0.000000000000000e+00 0.000000000000000e+00 
3.865000000000000e+00 -1.154285714285716e-02 1.081080890087495e-01 9.792857142857143e-02 -8.673617379884035e-19 0.000000000000000e+00 1.081080890087495e-01 1.750000000000017e-03 1.823536264499999e+00 -9.999999999999995e-03 0.000000000000000e+00 0.000000000000000e+00 
3.870000000000000e+00 -1.154285714285716e-02 1.171031453312494e-01 9.842857142857142e-02 -8.673617379884035e-19 0.000000000000000e+00 1.171031453312494e-01 1.700000000000019e-03 1.774486264500000e+00 -9.999999999999995e-03 0.000000000000000e+00 0.000000000000000e+00 
3.875000000000000e+00 -1.154285714285716e-02 1.258529516537492e-01 9.892857142857141e-02 -8.673617379884035e-19 0.000000000000000e+00 1.258529516537492e-01 1.650000000000021e-03 1.725436264500001e+00 -9.999999999999995e-03 0.000000000000000e+00 0.000000000000000e+00 
3.880000000000000e+00 -1.154285714285716e-02 1.343575079762490e-01 9.942857142857139e-02 -8.673617379884035e-19 0.000000000000000e+00 1.343575079762490e-01 1.600000000000022e-03 1.676386264500002e+00 -9.999999999999995e-03 0.000000000000000e+00 0.000000000000000e+00 
3.885000000000000e+00 -1.154285714285716e-02 1.426168142987495e-01 9.992857142857142e-02 -8.673617379884035e-19 0.000000000000000e+00 1.426168142987495e-01 1.550000000000018e-03 1.627336264499999e+00 -9.999999999999995e-03 0.000000000000000e+00 0.000000000000000e+00 
3.890000000000000e+00 -1.154285714285716e-02 1.506308706212494e-01 1.004285714285714e-01 -8.673617379884035e-19 0.000000000000000e+00 1.506308706212494e-01 1.500000000000020e-03 1.578286264500000e+00 -9.999999999999995e-03 0.000000000000000e+00 0.000000000000000e+00 
3.895000000000000e+00 -1.154285714285716e-02 1.583996769437492e-01 1.009285714285714e-01 -8.673617379884035e-19 0.000000000000000e+00 1.583996769437492e-01 1.450000000000022e-03 1.529236264500001e+00 -9.999999999999995e-03 0.000000000000000e+00 0.000000000000000e+00 
3.900000000000000e+00 -1.154285714285716e-02 1.659232332662491e-01 1.014285714285714e-01 -8.673617379884035e-19 0.000000000000000e+00 1.659232332662491e-01 1.400000000000023e-03 1.480186264500002e+00 -9.999999999999995e-03 0.000000000000000e+00 0.000000000000000e+00 
3.905000000000000e+00 -1.154285714285716e-02 1.732015395887495e-01 1.019285714285714e-01 -8.673617379884035e-19 0.000000000000000e+00 1.732015395887495e-01 1.350000000000020e-03 1.431136264499999e+00 -9.999999999999995e-03 0.000000000000000e+00 0.000000000000000e+00 
3.910000000000000e+00 -1.154285714285716e-02 1.802345959112494e-01 1.024285714285714e-01 -8.673617379884035e-19 0.000000000000000e+00 1.802345959112494e-01 1.300000000000022e-03 1.382086264500000e+00 -9.999999999999995e-03 0.000000000000000e+00 0.000000000000000e+00 
3.915000000000000e+00 -1.154285714285716e-02 1.870224022337492e-01 1.029285714285714e-01 -8.673617379884035e-19 0.000000000000000e+00 1.870224022337492e-01 1.250000000000024e-03 1.333036264500001e+00 -9.999999999999995e-03 0.000000000000000e+00 0.000000000000000e+00 
3.920000000000000e+00 -1.154285714285716e-02 1.935649585562491e-01 1.034285714285714e-01 -8.673617379884035e-19 0.000000000000000e+00 1.935649585562491e-01 1.200000000000024e-03 1.283986264500002e+00 -9.999999999999995e-03 0.000000000000000e+00 0.000000000000000e+00 
3.925000000000000e+00 -1.154285714285716e-02 1.998622648787495e-01 1.039285714285714e-01 -8.673617379884035e-19 0.000000000000000e+00 1.998622648787495e-01 1.150000000000021e-03 1.234936264499999e+00 -9.999999999999995e-03 0.000000000000000e+00 0.000000000000000e+00 
3.930000000000000e+00 -1.154285714285716e-02 2.059143212012494e-01 1.044285714285714e-01 -8.673617379884035e-19 0.000000000000000e+00 2.059143212012494e-01 1.100000000000023e-03 1.185886264500000e+00 -9.999999999999995e-03 0.000000000000000e+00 0.000000000000000e+00 
3.935000000000000e+00 -1.154285714285716e-02 2.117211275237493e-01 1.049285714285714e-01 -8.673617379884035e-19 0.000000000000000e+00 2.117211275237493e-01 1.050000000000025e-03 1.136836264500001e+00 -9.999999999999995e-03 0.000000000000000e+00 0.000000000000000e+00 
3.940000000000000e+00 -1.154285714285716e-02 2.172826838462492e-01 1.054285714285714e-01 -8.673617379884035e-19 0.000000000000000e+00 2.172826838462492e-01 1.000000000000025e-03 1.087786264500002e+00 -9.999999999999995e-03 0.000000000000000e+00 0.000000000000000e+00 
3.945000000000000e+00 -1.154285714285716e-02 2.225989901687495e-01 1.059285714285714e-01 -8.673617379884035e-19 0.000000000000000e+00 2.225989901687495e-01 9.500000000000220e-04 1.038736264499998e+00 -9.999999999999995e-03 0.000000000000000e+00 0.000000000000000e+00 
3.950000000000000e+00 -1.154285714285716e-02 2.276700464912494e-01 1.064285714285714e-01 -8.673617379884035e-19 0.000000000000000e+00 2.276700464912494e-01 9.000000000000240e-04 9.896862644999995e-01 -9.999999999999995e-03 0.000000000000000e+00 0.000000000000000e+00 
3.955000000000000e+00 -1.154285714285716e-02 2.324958528137493e-01 1.069285714285714e-01 -8.673617379884035e-19 0.000000000000000e+00 2.324958528137493e-01 8.500000000000261e-04 9.406362645000006e-01 -9.999999999999995e-03 0.000000000000000e+00 0.000000000000000e+00 
3.960000000000000e+00 -1.154285714285716e-02 2.370764091362492e-01 1.074285714285713e-01 -8.673617379884035e-19 0.000000000000000e+00 2.370764091362492e-01 8.000000000000264e-04 8.915862645000017e-01 -9.999999999999995e-03 0.000000000000000e+00 0.000000000000000e+00 
3.965000000000000e+00 -1.154285714285716e-02 2.414117154587495e-01 1.079285714285714e-01 -8.673617379884035e-19 0.000000000000000e+00 2.414117154587495e-01 7.500000000000232e-04 8.425362644999983e-01 -9.999999999999995e-03 0.000000000000000e+00 0.000000000000000e+00 
3.970000000000000e+00 -1.154285714285716e-02 2.455017717812494e-01 1.084285714285714e-01 -8.673617379884035e-19 0.000000000000000e+00 2.455017717812494e-01 7.000000000000253e-04 7.934862644999994e-01 -9.999999999999995e-03 0.000000000000000e+00 0.000000000000000e+00 
3.975000000000000e+00 -1.154285714285716e-02 2.493465781037493e-01 1.089285714285713e-01 -8.673617379884035e-19 0.000000000000000e+00 2.493465781037493e-01 6.500000000000273e-04 7.444362645000004e-01 -9.999999999999995e-03 0.000000000000000e+00 0.000000000000000e+00 
3.980000000000000e+00 -1.154285714285716e-02 2.529461344262492e-01 1.094285714285713e-01 -8.673617379884035e-19 0.000000000000000e+00 2.529461344262492e-01 6.000000000000276e-04 6.953862645000015e-01 -9.999999999999995e-03 0.000000000000000e+00 0.000000000000000e+00 
3.985000000000000e+00 -1.154285714285716e-02 2.563004407487492e-01 1.099285714285713e-01 -8.673617379884035e-19 0.000000000000000e+00 2.563004407487492e-01 5.500000000000296e-04 6.463362645000026e-01 -9.999999999999995e-03 0.000000000000000e+00 0.000000000000000e+00 
3.990000000000000e+00 -1.154285714285716e-02 2.594094970712494e-01 1.104285714285713e-01 -8.673617379884035e-19 0.000000000000000e+00 2.594094970712494e-01 5.000000000000265e-04 5.972862644999992e-01 -9.999999999999995e-03 0.000000000000000e+00 0.000000000000000e+00 
3.995000000000000e+00 -1.154285714285716e-02 2.622733033937493e-01 1.109285714285713e-01 -8.673617379884035e-19 0.000000000000000e+00 2.622733033937493e-01 4.500000000000285e-04 5.482362645000003e-01 -9.999999999999995e-03 0.000000000000000e+00 0.000000000000000e+00 
4.000000000000000e+00 -1.154285714285716e-02 2.648918597162493e-01 1.114285714285713e-01 -8.673617379884035e-19 0.000000000000000e+00 2.648918597162493e-01 4.000000000000288e-04 4.991862645000014e-01 -9.999999999999995e-03 0.000000000000000e+00 0.000000000000000e+00 
4.005000000000000e+00 -1.154285714285716e-02 2.672651660387492e-01 1.119285714285713e-01 -8.673617379884035e-19 0.000000000000000e+00 2.672651660387492e-01 3.500000000000308e-04 4.501362645000024e-01 -9.999999999999995e-03 0.000000000000000e+00 0.000000000000000e+00 
4.010000000000000e+00 -1.154285714285716e-02 2.693932223612492e-01 1.124285714285713e-01 -8.673617379884035e-19 0.000000000000000e+00 2.693932223612492e-01 3.000000000000311e-04 4.010862645000035e-01 -9.999999999999995e-03 0.000000000000000e+00 0.000000000000000e+00 
4.015000000000000e+00 -1.154285714285716e-02 2.712760286837492e-01 1.129285714285713e-01 -8.673617379884035e-19 0.000000000000000e+00 2.712760286837492e-01 2.500000000000332e-04 3.520362645000046e-01 -9.999999999999995e-03 0.000000000000000e+00 0.000000000000000e+00 
4.020000000000000e+00 -1.154285714285716e-02 2.729135850062494e-01 1.134285714285714e-01 -8.673617379884035e-19 0.000000000000000e+00 2.729135850062494e-01 2.000000000000248e-04 3.029862644999969e-01 -9.999999999999995e-03 0.000000000000000e+00 0.000000000000000e+00 
4.025000000000000e+00 -1.154285714285716e-02 2.743058913287494e-01 1.139285714285714e-01 -8.673617379884035e-19 0.000000000000000e+00 2.743058913287494e-01 1.500000000000268e-04 2.539362644999980e-01 -9.999999999999995e-03 0.000000000000000e+00 0.000000000000000e+00 
4.030000000000000e+00 -1.154285714285716e-02 2.754529476512493e-01 1.144285714285713e-01 -8.673617379884035e-19 0.000000000000000e+00 2.754529476512493e-01 1.000000000000272e-04 2.048862644999990e-01 -9.999999999999995e-03 0.000000000000000e+00 0.000000000000000e+00 
4.035000000000000e+00 -1.154285714285716e-02 2.763547539737493e-01 1.149285714285713e-01 -8.673617379884035e-19 0.000000000000000e+00 2.763547539737493e-01 5.000000000002919e-05 1.558362645000000e-01 -9.999999999999995e-03 0.000000000000000e+00 0.000000000000000e+00 
4.040000000000000e+00 -1.154285714285716e-02 2.770113102962493e-01 1.154285714285713e-01 -8.673617379884035e-19 0.000000000000000e+00 2.770113102962493e-01 2.949029909160572e-17 1.067862645000011e-01 -9.999999999999995e-03 0.000000000000000e+00 0.000000000000000e+00 
4.045000000000000e+00 -1.154285714285716e-02 2.774226166187493e-01 1.159285714285713e-01 -8.673617379884035e-19 0.000000000000000e+00 2.774226166187493e-01 -4.999999999996847e-05 5.773626450000213e-02 -9.999999999999995e-03 0.000000000000000e+00 0.000000000000000e+00 
4.050000000000000e+00 -1.154285714285716e-02 2.775886729412493e-01 1.164285714285713e-01 -8.673617379884035e-19 0.000000000000000e+00 2.775886729412493e-01 -9.999999999996644e-05 8.686264500003177e-03 -9.999999999999995e-03 0.000000000000000e+00 0.000000000000000e+00 
4.055000000000000e+00 -1.154285714285716e-02 2.775094792637494e-01 1.169285714285713e-01 -8.673617379884035e-19 0.000000000000000e+00 2.775094792637494e-01 -1.499999999999661e-04 -4.036373549999578e-02 -9.999999999999995e-03 0.000000000000000e+00 0.000000000000000e+00 
4.060000000000000e+00 -1.154285714285716e-02 2.771850355862493e-01 1.174285714285714e-01 -8.673617379884035e-19 0.000000000000000e+00 2.771850355862493e-01 -1.999999999999745e-04 -8.941373550000345e-02 -9.999999999999995e-03 0.000000000000000e+00 0.000000000000000e+00 
4.065000000000000e+00 -1.154285714285716e-02 2.766153419087493e-01 1.179285714285713e-01 -8.673617379884035e-19 0.000000000000000e+00 2.766153419087493e-01 -2.499999999999725e-04 -1.384637355000024e-01 -9.999999999999995e-03 0.000000000000000e+00 0.000000000000000e+00 
4.070000000000000e+00 -1.154285714285716e-02 2.758003982312493e-01 1.184285714285713e-01 -8.673617379884035e-19 0.000000000000000e+00 2.758003982312493e-01 -2.999999999999722e-04 -1.875137355000014e-01 -9.999999999999995e-03 0.000000000000000e+00 0.000000000000000e+00 
4.075000000000000e+00 -1.154285714285716e-02 2.747402045537493e-01 1.189285714285713e-01 -8.673617379884035e-19 0.000000000000000e+00 2.747402045537493e-01 -3.499999999999701e-04 -2.365637355000003e-01 -9.999999999999995e-03 0.000000000000000e+00 0.000000000000000e+00 
4.080000000000000e+00 -1.154285714285716e-02 2.734347608762493e-01 1.194285714285713e-01 -8.673617379884035e-19 0.000000000000000e+00 2.734347608762493e-01 -3.999999999999681e-04 -2.856137354999992e-01 -9.999999999999995e-03 0.000000000000000e+00 0.000000000000000e+00 
4.085000000000000e+00 -1.154285714285716e-02 2.718840671987494e-01 1.199285714285713e-01 -8.673617379884035e-19 0.000000000000000e+00 2.718840671987494e-01 -4.499999999999678e-04 -3.346637354999982e-01 -9.999999999999995e-03 0.000000000000000e+00 0.000000000000000e+00 
4.090000000000000e+00 -1.154285714285716e-02 2.700881235212494e-01 1.204285714285713e-01 -8.673617379884035e-19 0.000000000000000e+00 2.700881235212494e-01 -4.999999999999657e-04 -3.837137354999971e-01 -9.999999999999995e-03 0.000000000000000e+00 0.000000000000000e+00 
4.095000000000000e+00 -1.154285714285716e-02 2.680469298437495e-01 1.209285714285713e-01 -8.673617379884035e-19 0.000000000000000e+00 2.680469298437495e-01 -5.499999999999654e-04 -4.327637354999960e-01 -9.999999999999995e-03 0.000000000000000e+00 0.000000000000000e+00 
4.100000000000000e+00 -1.154285714285716e-02 2.657604861662496e-01 1.214285714285712e-01 -8.673617379884035e-19 0.000000000000000e+00 2.657604861662496e-01 -5.999999999999634e-04 -4.818137354999950e-01 -9.999999999999995e-03 0.000000000000000e+00 0.000000000000000e+00 
4.105000000000000e+00 -1.154285714285716e-02 2.632287924887492e-01 1.219285714285713e-01 -8.673617379884035e-19 0.000000000000000e+00 2.632287924887492e-01 -6.499999999999718e-04 -5.308637355000027e-01 -9.999999999999995e-03 0.000000000000000e+00 0.000000000000000e+00 
4.110000000000000e+00 -1.154285714285716e-02 2.604518488112492e-01 1.224285714285713e-01 -8.673617379884035e-19 0.000000000000000e+00 2.604518488112492e-01 -6.999999999999697e-04 -5.799137355000016e-01 -9.999999999999995e-03 0.000000000000000e+00 0.000000000000000e+00 
4.115000000000000e+00 -1.154285714285716e-02 2.574296551337493e-01 1.229285714285713e-01 -8.673617379884035e-19 0.000000000000000e+00 2.574296551337493e-01 -7.499999999999694e-04 -6.289637355000005e-01 -9.999999999999995e-03 0.000000000000000e+00 0.000000000000000e+00 
4.120000000000000e+00 -1.154285714285716e-02 2.541622114562493e-01 1.234285714285713e-01 -8.673617379884035e-19 0.000000000000000e+00 2.541622114562493e-01 -7.999999999999674e-04 -6.780137354999994e-01 -9.999999999999995e-03 0.000000000000000e+00 0.000000000000000e+00 
4.125000000000000e+00 -1.154285714285716e-02 2.506495177787494e-01 1.239285714285713e-01 -8.673617379884035e-19 0.000000000000000e+00 2.506495177787494e-01 -8.499999999999671e-04 -7.270637354999984e-01 -9.999999999999995e-03 0.000000000000000e+00 0.000000000000000e+00 
4.130000000000000e+00 -1.154285714285716e-02 2.468915741012495e-01 1.244285714285713e-01 -8.673617379884035e-19 0.000000000000000e+00 2.468915741012495e-01 -8.999999999999651e-04 -7.761137354999973e-01 -9.999999999999995e-03 0.000000000000000e+00 0.000000000000000e+00 
4.135000000000000e+00 -1.154285714285716e-02 2.428883804237496e-01 1.249285714285713e-01 -8.673617379884035e-19 0.000000000000000e+00 2.428883804237496e-01 -9.499999999999630e-04 -8.251637354999962e-01 -9.999999999999995e-03 0.000000000000000e+00 0.000000000000000e+00 
4.140000000000000e+00 -1.154285714285716e-02 2.386399367462498e-01 1.254285714285713e-01 -8.673617379884035e-19 0.000000000000000e+00 2.386399367462498e-01 -9.999999999999645e-04 -8.742137354999951e-01 -9.999999999999995e-03 0.000000000000000e+00 0.000000000000000e+00 
4.145000000000000e+00 -1.154285714285716e-02 2.341462430687491e-01 1.259285714285713e-01 -8.673617379884035e-19 0.000000000000000e+00 2.341462430687491e-01 -1.049999999999973e-03 -9.232637355000028e-01 -9.999999999999995e-03 0.000000000000000e+00 0.000000000000000e+00 
4.150000000000000e+00 -1.154285714285716e-02 2.294072993912492e-01 1.264285714285713e-01 -8.673617379884035e-19 0.000000000000000e+00 2.294072993912492e-01 -1.099999999999973e-03 -9.723137355000018e-01 -9.999999999999995e-03 0.000000000000000e+00 0.000000000000000e+00 
4.155000000000000e+00 -1.154285714285716e-02 2.244231057137493e-01 1.269285714285713e-01 -8.673617379884035e-19 0.000000000000000e+00 2.244231057137493e-01 -1.149999999999972e-03 -1.021363735500001e+00 -9.999999999999995e-03 0.000000000000000e+00 0.000000000000000e+00 
4.160000000000000e+00 -1.154285714285716e-02 2.191936620362494e-01 1.274285714285713e-01 -8.673617379884035e-19 0.000000000000000e+00 2.191936620362494e-01 -1.199999999999972e-03 -1.070413735500000e+00 -9.999999999999995e-03 0.000000000000000e+00 0.000000000000000e+00 
4.165000000000000e+00 -1.154285714285716e-02 2.137189683587495e-01 1.279285714285713e-01 -8.673617379884035e-19 0.000000000000000e+00 2.137189683587495e-01 -1.249999999999972e-03 -1.119463735499999e+00 -9.999999999999995e-03 0.000000000000000e+00 0.000000000000000e+00 
4.170000000000000e+00 -1.154285714285716e-02 2.079990246812496e-01 1.284285714285713e-01 -8.673617379884035e-19 0.000000000000000e+00 2.079990246812496e-01 -1.299999999999973e-03 -1.168513735499997e+00 -9.999999999999995e-03 0.000000000000000e+00 0.000000000000000e+00 
4.175000000000000e+00 -1.154285714285716e-02 2.020338310037497e-01 1.289285714285713e-01 -8.673617379884035e-19 0.000000000000000e+00 2.020338310037497e-01 -1.349999999999973e-03 -1.217563735499996e+00 -9.999999999999995e-03 0.000000000000000e+00 0.000000000000000e+00 
4.180000000000000e+00 -1.154285714285716e-02 1.958233873262499e-01 1.294285714285713e-01 -8.673617379884035e-19 0.000000000000000e+00 1.958233873262499e-01 -1.399999999999972e-03 -1.266613735499995e+00 -9.999999999999995e-03 0.000000000000000e+00 0.000000000000000e+00 
4.185000000000000e+00 -1.154285714285716e-02 1.893676936487489e-01 1.299285714285714e-01 -8.673617379884035e-19 0.000000000000000e+00 1.893676936487489e-01 -1.449999999999981e-03 -1.315663735500003e+00 -9.999999999999995e-03 0.000000000000000e+00 0.000000000000000e+00 
4.190000000000000e+00 -1.154285714285716e-02 1.826667499712490e-01 1.304285714285714e-01 -8.673617379884035e-19 0.000000000000000e+00 1.826667499712490e-01 -1.499999999999981e-03 -1.364713735500002e+00 -9.999999999999995e-03 0.000000000000000e+00 0.000000000000000e+00 
4.195000000000000e+00 -1.154285714285716e-02 1.757205562937492e-01 1.309285714285714e-01 -8.673617379884035e-19 0.000000000000000e+00 1.757205562937492e-01 -1.549999999999980e-03 -1.413763735500001e+00 -9.999999999999995e-03 0.000000000000000e+00 0.000000000000000e+00 
4.200000000000000e+00 -1.154285714285716e-02 1.685291126162493e-01 1.314285714285714e-01 -8.673617379884035e-19 0.000000000000000e+00 1.685291126162493e-01 -1.599999999999982e-03 -1.462813735500000e+00 -9.999999999999995e-03 0.000000000000000e+00 0.000000000000000e+00 
4.205000000000000e+00 -1.154285714285716e-02 1.610924189387495e-01 1.319285714285714e-01 -8.673617379884035e-19 0.000000000000000e+00 1.610924189387495e-01 -1.649999999999981e-03 -1.511863735499999e+00 -9.999999999999995e-03 0.000000000000000e+00 0.000000000000000e+00 
4.210000000000000e+00 -1.154285714285716e-02 1.534104752612497e-01 1.324285714285714e-01 -8.673617379884035e-19 0.000000000000000e+00 1.534104752612497e-01 -1.699999999999981e-03 -1.560913735499998e+00 -9.999999999999995e-03 0.000000000000000e+00 0.000000000000000e+00 
4.215000000000000e+00 -1.154285714285716e-02 1.454832815837498e-01 1.329285714285714e-01 -8.673617379884035e-19 0.000000000000000e+00 1.454832815837498e-01 -1.749999999999981e-03 -1.609963735499996e+00 -9.999999999999995e-03 0.000000000000000e+00 0.000000000000000e+00 
4.220000000000000e+00 -1.154285714285716e-02 1.373108379062500e-01 1.334285714285714e-01 -8.673617379884035e-19 0.000000000000000e+00 1.373108379062500e-01 -1.799999999999980e-03 -1.659013735499995e+00 -9.999999999999995e-03 0.000000000000000e+00 0.000000000000000e+00 
4.225000000000000e+00 -1.154285714285716e-02 1.288931442287503e-01 1.339285714285714e-01 -8.673617379884035e-19 0.000000000000000e+00 1.288931442287503e-01 -1.849999999999982e-03 -1.708063735499994e+00 -9.999999999999995e-03 0.000000000000000e+00 0.000000000000000e+00 
4.230000000000000e+00 -1.154285714285716e-02 1.202302005512489e-01 1.344285714285715e-01 -8.673617379884035e-19 0.000000000000000e+00 1.202302005512489e-01 -1.899999999999990e-03 -1.757113735500002e+00 -9.999999999999995e-03 0.000000000000000e+00 0.000000000000000e+00 
4.235000000000000e+00 -1.154285714285716e-02 1.113220068737491e-01 1.349285714285715e-01 -8.673617379884035e-19 0.000000000000000e+00 1.113220068737491e-01 -1.949999999999990e-03 -1.806163735500001e+00 -9.999999999999995e-03 0.000000000000000e+00 0.000000000000000e+00 
4.240000000000000e+00 -1.154285714285716e-02 1.021685631962493e-01 1.354285714285715e-01 -8.673617379884035e-19 0.000000000000000e+00 1.021685631962493e-01 -1.999999999999990e-03 -1.855213735500000e+00 -9.999999999999995e-03 0.000000000000000e+00 0.000000000000000e+00 
4.245000000000000e+00 -1.154285714285716e-02 9.276986951874951e-02 1.359285714285715e-01 -8.673617379884035e-19 0.000000000000000e+00 9.276986951874951e-02 -2.049999999999989e-03 -1.904263735499999e+00 -9.999999999999995e-03 0.000000000000000e+00 0.000000000000000e+00 
4.250000000000000e+00 -1.154285714285716e-02 8.312592584124973e-02 1.364285714285715e-01 -8.673617379884035e-19 0.000000000000000e+00 8.312592584124973e-02 -2.099999999999989e-03 -1.953313735499998e+00 -9.999999999999995e-03 0.000000000000000e+00 0.000000000000000e+00 
4.255000000000000e+00 -1.154285714285716e-02 7.323673216374996e-02 1.369285714285715e-01 -8.673617379884035e-19 0.000000000000000e+00 7.323673216374996e-02 -2.149999999999990e-03 -2.002363735499997e+00 -9.999999999999995e-03 0.000000000000000e+00 0.000000000000000e+00 
4.260000000000000e+00 -1.154285714285716e-02 6.310228848625019e-02 1.374285714285715e-01 -8.673617379884035e-19 0.000000000000000e+00 6.310228848625019e-02 -2.199999999999990e-03 -2.051413735499996e+00 -9.999999999999995e-03 0.000000000000000e+00 0.000000000000000e+00 
4.265000000000000e+00 -1.154285714285716e-02 5.272259480875043e-02 1.379285714285715e-01 -8.673617379884035e-19 0.000000000000000e+00 5.272259480875043e-02 -2.249999999999990e-03 -2.100463735499995e+00 -9.999999999999995e-03 0.000000000000000e+00 0.000000000000000e+00 
4.270000000000000e+00 -1.154285714285716e-02 4.209765113124878e-02 1.384285714285716e-01 -8.673617379884035e-19 0.000000000000000e+00 4.209765113124878e-02 -2.299999999999998e-03 -2.149513735500002e+00 -9.999999999999995e-03 0.000000000000000e+00 0.000000000000000e+00 
4.275000000000000e+00 -1.154285714285716e-02 3.122745745374900e-02 1.389285714285716e-01 -8.673617379884035e-19 0.000000000000000e+00 3.122745745374900e-02 -2.349999999999998e-03 -2.198563735500001e+00 -9.999999999999995e-03 0.000000000000000e+00 0.000000000000000e+00 
4.280000000000000e+00 -1.154285714285716e-02 2.011201377624923e-02 1.394285714285716e-01 -8.673617379884035e-19 0.000000000000000e+00 2.011201377624923e-02 -2.399999999999998e-03 -2.247613735500000e+00 -9.999999999999995e-03 0.000000000000000e+00 0.000000000000000e+00 
4.285000000000000e+00 -1.154285714285716e-02 8.751320098749474e-03 1.399285714285716e-01 -8.673617379884035e-19 0.000000000000000e+00 8.751320098749474e-03 -2.449999999999999e-03 -2.296663735499999e+00 -9.999999999999995e-03 0.000000000000000e+00 0.000000000000000e+00 
4.290000000000000e+00 -1.154285714285716e-02 -2.854623578750272e-03 1.404285714285716e-01 -8.673617379884035e-19 0.000000000000000e+00 -2.854623578750272e-03 -2.499999999999999e-03 -2.345713735499998e+00 -9.999999999999995e-03 0.000000000000000e+00 0.000000000000000e+00 
4.295000000000000e+00 -1.155714285714288e-02 -3.441052012625260e-03 1.405714285714287e-01 -5.714285714285713e-03 -5.714285714285712e-03 -3.441052012625260e-03 -2.499999999999999e-03 2.111142361949998e+00 9.999999999999995e-03 4.505906097449995e+00 5.714285714285712e-03 
4.300000000000000e+00 -1.158571428571430e-02 6.992034797124510e-03 1.403571428571430e-01 -5.714285714285713e-03 0.000000000000000e+00 6.992034797124510e-03 -2.449999999999999e-03 2.062092361949999e+00 9.999999999999995e-03 0.000000000000000e+00 0.000000000000000e+00 
4.305000000000000e+00 -1.161428571428573e-02 1.717987160687429e-02 1.401428571428573e-01 -5.714285714285713e-03 0.000000000000000e+00 1.717987160687429e-02 -2.399999999999998e-03 2.013042361950000e+00 9.999999999999995e-03 0.000000000000000e+00 0.000000000000000e+00 
4.310000000000000e+00 -1.164285714285716e-02 2.712245841662583e-02 1.399285714285715e-01 -5.714285714285713e-03 0.000000000000000e+00 2.712245841662583e-02 -2.349999999999989e-03 1.963992361949993e+00 9.999999999999995e-03 0.000000000000000e+00 0.000000000000000e+00 
4.315000000000000e+00 -1.167142857142859e-02 3.681979522637559e-02 1.397142857142858e-01 -5.714285714285713e-03 0.000000000000000e+00 3.681979522637559e-02 -2.299999999999990e-03 1.914942361949994e+00 9.999999999999995e-03 0.000000000000000e+00 0.000000000000000e+00 
4.320000000000000e+00 -1.170000000000002e-02 4.627188203612535e-02 1.395000000000001e-01 -5.714285714285713e-03 0.000000000000000e+00 4.627188203612535e-02 -2.249999999999990e-03 1.865892361949995e+00 9.999999999999995e-03 0.000000000000000e+00 0.000000000000000e+00 
4.325000000000000e+00 -1.172857142857145e-02 5.547871884587513e-02 1.392857142857144e-01 -5.714285714285713e-03 0.000000000000000e+00 5.547871884587513e-02 -2.199999999999988e-03 1.816842361949996e+00 9.999999999999995e-03 0.000000000000000e+00 0.000000000000000e+00 
4.330000000000000e+00 -1.175714285714288e-02 6.444030565562492e-02 1.390714285714287e-01 -5.714285714285713e-03 0.000000000000000e+00 6.444030565562492e-02 -2.149999999999989e-03 1.767792361949997e+00 9.999999999999995e-03 0.000000000000000e+00 0.000000000000000e+00 
4.335000000000000e+00 -1.178571428571431e-02 7.315664246537472e-02 1.388571428571429e-01 -5.714285714285713e-03 0.000000000000000e+00 7.315664246537472e-02 -2.099999999999987e-03 1.718742361949998e+00 9.999999999999995e-03 0.000000000000000e+00 0.000000000000000e+00 
4.340000000000000e+00 -1.181428571428573e-02 8.162772927512453e-02 1.386428571428572e-01 -5.714285714285713e-03 0.000000000000000e+00 8.162772927512453e-02 -2.049999999999988e-03 1.669692361949999e+00 9.999999999999995e-03 0.000000000000000e+00 0.000000000000000e+00 
4.345000000000000e+00 -1.184285714285716e-02 8.985356608487435e-02 1.384285714285715e-01 -5.714285714285713e-03 0.000000000000000e+00 8.985356608487435e-02 -1.999999999999988e-03 1.620642361950000e+00 9.999999999999995e-03 0.000000000000000e+00 0.000000000000000e+00 
4.350000000000001e+00 -1.187142857142860e-02 9.783415289462558e-02 1.382142857142857e-01 -5.714285714285713e-03 0.000000000000000e+00 9.783415289462558e-02 -1.949999999999980e-03 1.571592361949993e+00 9.999999999999995e-03 0.000000000000000e+00 0.000000000000000e+00 
4.355000000000000e+00 -1.190000000000002e-02 1.055694897043754e-01 1.380000000000000e-01 -5.714285714285713e-03 0.000000000000000e+00 1.055694897043754e-01 -1.899999999999978e-03 1.522542361949994e+00 9.999999999999995e-03 0.000000000000000e+00 0.000000000000000e+00 
4.360000000000000e+00 -1.192857142857145e-02 1.130595765141252e-01 1.377857142857143e-01 -5.714285714285713e-03 0.000000000000000e+00 1.130595765141252e-01 -1.849999999999978e-03 1.473492361949995e+00 9.999999999999995e-03 0.000000000000000e+00 0.000000000000000e+00 
4.365000000000000e+00 -1.195714285714288e-02 1.203044133238750e-01 1.375714285714286e-01 -5.714285714285713e-03 0.000000000000000e+00 1.203044133238750e-01 -1.799999999999977e-03 1.424442361949996e+00 9.999999999999995e-03 0.000000000000000e+00 0.000000000000000e+00 
4.370000000000000e+00 -1.198571428571431e-02 1.273040001336249e-01 1.373571428571428e-01 -5.714285714285713e-03 0.000000000000000e+00 1.273040001336249e-01 -1.749999999999977e-03 1.375392361949997e+00 9.999999999999995e-03 0.000000000000000e+00 0.000000000000000e+00 
4.375000000000000e+00 -1.201428571428574e-02 1.340583369433747e-01 1.371428571428571e-01 -5.714285714285713e-03 0.000000000000000e+00 1.340583369433747e-01 -1.699999999999978e-03 1.326342361949998e+00 9.999999999999995e-03 0.000000000000000e+00 0.000000000000000e+00 
4.380000000000000e+00 -1.204285714285716e-02 1.405674237531246e-01 1.369285714285714e-01 -5.714285714285713e-03 0.000000000000000e+00 1.405674237531246e-01 -1.649999999999976e-03 1.277292361949999e+00 9.999999999999995e-03 0.000000000000000e+00 0.000000000000000e+00 
4.385000000000000e+00 -1.207142857142859e-02 1.468312605628744e-01 1.367142857142857e-01 -5.714285714285713e-03 0.000000000000000e+00 1.468312605628744e-01 -1.599999999999976e-03 1.228242361950000e+00 9.999999999999995e-03 0.000000000000000e+00 0.000000000000000e+00 
4.390000000000000e+00 -1.210000000000002e-02 1.528498473726243e-01 1.365000000000000e-01 -5.714285714285713e-03 0.000000000000000e+00 1.528498473726243e-01 -1.549999999999975e-03 1.179192361950001e+00 9.999999999999995e-03 0.000000000000000e+00 0.000000000000000e+00 
4.395000000000000e+00 -1.212857142857145e-02 1.586231841823752e-01 1.362857142857142e-01 -5.714285714285713e-03 0.000000000000000e+00 1.586231841823752e-01 -1.499999999999967e-03 1.130142361949994e+00 9.999999999999995e-03 0.000000000000000e+00 0.000000000000000e+00 
4.400000000000000e+00 -1.215714285714288e-02 1.641512709921251e-01 1.360714285714285e-01 -5.714285714285713e-03 0.000000000000000e+00 1.641512709921251e-01 -1.449999999999967e-03 1.081092361949995e+00 9.999999999999995e-03 0.000000000000000e+00 0.000000000000000e+00 
4.405000000000000e+00 -1.218571428571431e-02 1.694341078018749e-01 1.358571428571428e-01 -5.714285714285713e-03 0.000000000000000e+00 1.694341078018749e-01 -1.399999999999967e-03 1.032042361949996e+00 9.999999999999995e-03 0.000000000000000e+00 0.000000000000000e+00 
4.410000000000000e+00 -1.221428571428574e-02 1.744716946116248e-01 1.356428571428570e-01 -5.714285714285713e-03 0.000000000000000e+00 1.744716946116248e-01 -1.349999999999966e-03 9.829923619499967e-01 9.999999999999995e-03 0.000000000000000e+00 0.000000000000000e+00 
4.415000000000000e+00 -1.224285714285717e-02 1.792640314213747e-01 1.354285714285713e-01 -5.714285714285713e-03 0.000000000000000e+00 1.792640314213747e-01 -1.299999999999966e-03 9.339423619499978e-01 9.999999999999995e-03 0.000000000000000e+00 0.000000000000000e+00 
4.420000000000000e+00 -1.227142857142859e-02 1.838111182311246e-01 1.352142857142856e-01 -5.714285714285713e-03 0.000000000000000e+00 1.838111182311246e-01 -1.249999999999965e-03 8.848923619499989e-01 9.999999999999995e-03 0.000000000000000e+00 0.000000000000000e+00 
4.425000000000000e+00 -1.230000000000002e-02 1.881129550408745e-01 1.349999999999999e-01 -5.714285714285713e-03 0.000000000000000e+00 1.881129550408745e-01 -1.199999999999965e-03 8.358423619499999e-01 9.999999999999995e-03 0.000000000000000e+00 0.000000000000000e+00 
4.430000000000000e+00 -1.232857142857145e-02 1.921695418506244e-01 1.347857142857141e-01 -5.714285714285713e-03 0.000000000000000e+00 1.921695418506244e-01 -1.149999999999965e-03 7.867923619500010e-01 9.999999999999995e-03 0.000000000000000e+00 0.000000000000000e+00 
4.435000000000000e+00 -1.235714285714288e-02 1.959808786603749e-01 1.345714285714284e-01 -5.714285714285713e-03 0.000000000000000e+00 1.959808786603749e-01 -1.099999999999957e-03 7.377423619499933e-01 9.999999999999995e-03 0.000000000000000e+00 0.000000000000000e+00 
4.440000000000000e+00 -1.238571428571431e-02 1.995469654701248e-01 1.343571428571427e-01 -5.714285714285713e-03 0.000000000000000e+00 1.995469654701248e-01 -1.049999999999955e-03 6.886923619499944e-01 9.999999999999995e-03 0.000000000000000e+00 0.000000000000000e+00 
4.445000000000000e+00 -1.241428571428574e-02 2.028678022798747e-01 1.341428571428570e-01 -5.714285714285713e-03 0.000000000000000e+00 2.028678022798747e-01 -9.999999999999558e-04 6.396423619499955e-01 9.999999999999995e-03 0.000000000000000e+00 0.000000000000000e+00 
4.450000000000000e+00 -1.244285714285717e-02 2.059433890896247e-01 1.339285714285712e-01 -5.714285714285713e-03 0.000000000000000e+00 2.059433890896247e-01 -9.499999999999544e-04 5.905923619499965e-01 9.999999999999995e-03 0.000000000000000e+00 0.000000000000000e+00 
4.455000000000000e+00 -1.247142857142860e-02 2.087737258993746e-01 1.337142857142855e-01 -5.714285714285713e-03 0.000000000000000e+00 2.087737258993746e-01 -8.999999999999547e-04 5.415423619499976e-01 9.999999999999995e-03 0.000000000000000e+00 0.000000000000000e+00 
4.460000000000000e+00 -1.250000000000002e-02 2.113588127091245e-01 1.334999999999998e-01 -5.714285714285713e-03 0.000000000000000e+00 2.113588127091245e-01 -8.499999999999550e-04 4.924923619499987e-01 9.999999999999995e-03 0.000000000000000e+00 0.000000000000000e+00 
4.465000000000000e+00 -1.252857142857145e-02 2.136986495188745e-01 1.332857142857141e-01 -5.714285714285713e-03 0.000000000000000e+00 2.136986495188745e-01 -7.999999999999535e-04 4.434423619499998e-01 9.999999999999995e-03 0.000000000000000e+00 0.000000000000000e+00 
4.470000000000000e+00 -1.255714285714288e-02 2.157932363286244e-01 1.330714285714283e-01 -5.714285714285713e-03 0.000000000000000e+00 2.157932363286244e-01 -7.499999999999538e-04 3.943923619500008e-01 9.999999999999995e-03 0.000000000000000e+00 0.000000000000000e+00 
4.475000000000001e+00 -1.258571428571431e-02 2.176425731383747e-01 1.328571428571426e-01 -5.714285714285713e-03 0.000000000000000e+00 2.176425731383747e-01 -6.999999999999455e-04 3.453423619499931e-01 9.999999999999995e-03 0.000000000000000e+00 0.000000000000000e+00 
4.480000000000000e+00 -1.261428571428574e-02 2.192466599481246e-01 1.326428571428569e-01 -5.714285714285713e-03 0.000000000000000e+00 2.192466599481246e-01 -6.499999999999440e-04 2.962923619499942e-01 9.999999999999995e-03 0.000000000000000e+00 0.000000000000000e+00 
4.485000000000000e+00 -1.264285714285717e-02 2.206054967578746e-01 1.324285714285711e-01 -5.714285714285713e-03 0.000000000000000e+00 2.206054967578746e-01 -5.999999999999443e-04 2.472423619499952e-01 9.999999999999995e-03 0.000000000000000e+00 0.000000000000000e+00 
4.490000000000000e+00 -1.267142857142860e-02 2.217190835676245e-01 1.322142857142854e-01 -5.714285714285713e-03 0.000000000000000e+00 2.217190835676245e-01 -5.499999999999446e-04 1.981923619499963e-01 9.999999999999995e-03 0.000000000000000e+00 0.000000000000000e+00 
4.495000000000000e+00 -1.270000000000003e-02 2.225874203773745e-01 1.319999999999997e-01 -5.714285714285713e-03 0.000000000000000e+00 2.225874203773745e-01 -4.999999999999432e-04 1.491423619499973e-01 9.999999999999995e-03 0.000000000000000e+00 0.000000000000000e+00 
4.500000000000000e+00 -1.272857142857146e-02 2.232105071871245e-01 1.317857142857140e-01 -5.714285714285713e-03 0.000000000000000e+00 2.232105071871245e-01 -4.499999999999435e-04 1.000923619499984e-01 9.999999999999995e-03 0.000000000000000e+00 0.000000000000000e+00 
4.505000000000000e+00 -1.275714285714288e-02 2.235883439968745e-01 1.315714285714283e-01 -5.714285714285713e-03 0.000000000000000e+00 2.235883439968745e-01 -3.999999999999421e-04 5.104236194999942e-02 9.999999999999995e-03 0.000000000000000e+00 0.000000000000000e+00 
4.510000000000000e+00 -1.278571428571431e-02 2.237209308066245e-01 1.313571428571425e-01 -5.714285714285713e-03 0.000000000000000e+00 2.237209308066245e-01 -3.499999999999424e-04 1.992361950000465e-03 9.999999999999995e-03 0.000000000000000e+00 0.000000000000000e+00 
4.515000000000000e+00 -1.281428571428574e-02 2.236082676163745e-01 1.311428571428568e-01 -5.714285714285713e-03 0.000000000000000e+00 2.236082676163745e-01 -2.999999999999427e-04 -4.705763804999849e-02 9.999999999999995e-03 0.000000000000000e+00 0.000000000000000e+00 
4.520000000000000e+00 -1.284285714285717e-02 2.232503544261244e-01 1.309285714285711e-01 -5.714285714285713e-03 0.000000000000000e+00 2.232503544261244e-01 -2.499999999999343e-04 -9.610763805000616e-02 9.999999999999995e-03 0.000000000000000e+00 0.000000000000000e+00 
4.525000000000000e+00 -1.287142857142860e-02 2.226471912358744e-01 1.307142857142853e-01 -5.714285714285713e-03 0.000000000000000e+00 2.226471912358744e-01 -1.999999999999329e-04 -1.451576380500051e-01 9.999999999999995e-03 0.000000000000000e+00 0.000000000000000e+00 
4.530000000000000e+00 -1.290000000000003e-02 2.217987780456244e-01 1.304999999999996e-01 -5.714285714285713e-03 0.000000000000000e+00 2.217987780456244e-01 -1.499999999999332e-04 -1.942076380500041e-01 9.999999999999995e-03 0.000000000000000e+00 0.000000000000000e+00 
4.535000000000000e+00 -1.292857142857146e-02 2.207051148553744e-01 1.302857142857139e-01 -5.714285714285713e-03 0.000000000000000e+00 2.207051148553744e-01 -9.999999999993174e-05 -2.432576380500030e-01 9.999999999999995e-03 0.000000000000000e+00 0.000000000000000e+00 
4.540000000000000e+00 -1.295714285714289e-02 2.193662016651244e-01 1.300714285714282e-01 -5.714285714285713e-03 0.000000000000000e+00 2.193662016651244e-01 -4.999999999993204e-05 -2.923076380500020e-01 9.999999999999995e-03 0.000000000000000e+00 0.000000000000000e+00 
4.545000000000000e+00 -1.298571428571431e-02 2.177820384748744e-01 1.298571428571424e-01 -5.714285714285713e-03 0.000000000000000e+00 2.177820384748744e-01 6.765421556309548e-17 -3.413576380500010e-01 9.999999999999995e-03 0.000000000000000e+00 0.000000000000000e+00 
4.550000000000000e+00 -1.301428571428574e-02 2.159526252846244e-01 1.296428571428567e-01 -5.714285714285713e-03 0.000000000000000e+00 2.159526252846244e-01 5.000000000006909e-05 -3.904076380499999e-01 9.999999999999995e-03 0.000000000000000e+00 0.000000000000000e+00 
4.555000000000000e+00 -1.304285714285717e-02 2.138779620943745e-01 1.294285714285710e-01 -5.714285714285713e-03 0.000000000000000e+00 2.138779620943745e-01 1.000000000000688e-04 -4.394576380499988e-01 9.999999999999995e-03 0.000000000000000e+00 0.000000000000000e+00 
4.560000000000000e+00 -1.307142857142860e-02 2.115580489041241e-01 1.292142857142853e-01 -5.714285714285713e-03 0.000000000000000e+00 2.115580489041241e-01 1.500000000000772e-04 -4.885076380500065e-01 9.999999999999995e-03 0.000000000000000e+00 0.000000000000000e+00 
4.565000000000000e+00 -1.310000000000003e-02 2.089928857138741e-01 1.289999999999995e-01 -5.714285714285713e-03 0.000000000000000e+00 2.089928857138741e-01 2.000000000000786e-04 -5.375576380500054e-01 9.999999999999995e-03 0.000000000000000e+00 0.000000000000000e+00 
4.570000000000000e+00 -1.312857142857146e-02 2.061824725236242e-01 1.287857142857138e-01 -5.714285714285713e-03 0.000000000000000e+00 2.061824725236242e-01 2.500000000000783e-04 -5.866076380500044e-01 9.999999999999995e-03 0.000000000000000e+00 0.000000000000000e+00 
4.575000000000000e+00 -1.315714285714289e-02 2.031268093333742e-01 1.285714285714281e-01 -5.714285714285713e-03 0.000000000000000e+00 2.031268093333742e-01 3.000000000000780e-04 -6.356576380500033e-01 9.999999999999995e-03 0.000000000000000e+00 0.000000000000000e+00 
4.580000000000000e+00 -1.318571428571432e-02 1.998258961431243e-01 1.283571428571424e-01 -5.714285714285713e-03 0.000000000000000e+00 1.998258961431243e-01 3.500000000000794e-04 -6.847076380500022e-01 9.999999999999995e-03 0.000000000000000e+00 0.000000000000000e+00 
4.585000000000000e+00 -1.321428571428574e-02 1.962797329528743e-01 1.281428571428566e-01 -5.714285714285713e-03 0.000000000000000e+00 1.962797329528743e-01 4.000000000000791e-04 -7.337576380500012e-01 9.999999999999995e-03 0.000000000000000e+00 0.000000000000000e+00 
4.590000000000000e+00 -1.324285714285717e-02 1.924883197626244e-01 1.279285714285709e-01 -5.714285714285713e-03 0.000000000000000e+00 1.924883197626244e-01 4.500000000000805e-04 -7.828076380500001e-01 9.999999999999995e-03 0.000000000000000e+00 0.000000000000000e+00 
4.595000000000000e+00 -1.327142857142860e-02 1.884516565723745e-01 1.277142857142852e-01 -5.714285714285713e-03 0.000000000000000e+00 1.884516565723745e-01 5.000000000000802e-04 -8.318576380499990e-01 9.999999999999995e-03 0.000000000000000e+00 0.000000000000000e+00 
4.600000000000001e+00 -1.330000000000003e-02 1.841697433821238e-01 1.274999999999994e-01 -5.714285714285713e-03 0.000000000000000e+00 1.841697433821238e-01 5.500000000000886e-04 -8.809076380500067e-01 9.999999999999995e-03 0.000000000000000e+00 0.000000000000000e+00 
4.605000000000000e+00 -1.332857142857146e-02 1.796425801918739e-01 1.272857142857137e-01 -5.714285714285713e-03 0.000000000000000e+00 1.796425801918739e-01 6.000000000000883e-04 -9.299576380500056e-01 9.999999999999995e-03 0.000000000000000e+00 0.000000000000000e+00 
4.610000000000000e+00 -1.335714285714289e-02 1.748701670016240e-01 1.270714285714280e-01 -5.714285714285713e-03 0.000000000000000e+00 1.748701670016240e-01 6.500000000000897e-04 -9.790076380500046e-01 9.999999999999995e-03 0.000000000000000e+00 0.000000000000000e+00 
4.615000000000000e+00 -1.338571428571432e-02 1.698525038113741e-01 1.268571428571423e-01 -5.714285714285713e-03 0.000000000000000e+00 1.698525038113741e-01 7.000000000000894e-04 -1.028057638050003e+00 9.999999999999995e-03 0.000000000000000e+00 0.000000000000000e+00 
4.620000000000000e+00 -1.341428571428575e-02 1.645895906211242e-01 1.266428571428566e-01 -5.714285714285713e-03 0.000000000000000e+00 1.645895906211242e-01 7.500000000000909e-04 -1.077107638050002e+00 9.999999999999995e-03 0.000000000000000e+00 0.000000000000000e+00 
4.625000000000000e+00 -1.344285714285717e-02 1.590814274308743e-01 1.264285714285708e-01 -5.714285714285713e-03 0.000000000000000e+00 1.590814274308743e-01 8.000000000000906e-04 -1.126157638050001e+00 9.999999999999995e-03 0.000000000000000e+00 0.000000000000000e+00 
4.630000000000000e+00 -1.347142857142860e-02 1.533280142406244e-01 1.262142857142851e-01 -5.714285714285713e-03 0.000000000000000e+00 1.533280142406244e-01 8.500000000000903e-04 -1.175207638050000e+00 9.999999999999995e-03 0.000000000000000e+00 0.000000000000000e+00 
4.635000000000000e+00 -1.350000000000003e-02 1.473293510503745e-01 1.259999999999994e-01 -5.714285714285713e-03 0.000000000000000e+00 1.473293510503745e-01 9.000000000000917e-04 -1.224257638049999e+00 9.999999999999995e-03 0.000000000000000e+00 0.000000000000000e+00 
4.640000000000000e+00 -1.352857142857146e-02 1.410854378601247e-01 1.257857142857137e-01 -5.714285714285713e-03 0.000000000000000e+00 1.410854378601247e-01 9.500000000000914e-04 -1.273307638049998e+00 9.999999999999995e-03 0.000000000000000e+00 0.000000000000000e+00 
4.645000000000000e+00 -1.355714285714289e-02 1.345962746698736e-01 1.255714285714279e-01 -5.714285714285713e-03 0.000000000000000e+00 1.345962746698736e-01 1.000000000000100e-03 -1.322357638050006e+00 9.999999999999995e-03 0.000000000000000e+00 0.000000000000000e+00 
4.650000000000000e+00 -1.358571428571432e-02 1.278618614796238e-01 1.253571428571422e-01 -5.714285714285713e-03 0.000000000000000e+00 1.278618614796238e-01 1.050000000000101e-03 -1.371407638050005e+00 9.999999999999995e-03 0.000000000000000e+00 0.000000000000000e+00 
4.655000000000000e+00 -1.361428571428575e-02 1.208821982893739e-01 1.251428571428565e-01 -5.714285714285713e-03 0.000000000000000e+00 1.208821982893739e-01 1.100000000000101e-03 -1.420457638050004e+00 9.999999999999995e-03 0.000000000000000e+00 0.000000000000000e+00 
4.660000000000000e+00 -1.364285714285718e-02 1.136572850991240e-01 1.249285714285708e-01 -5.714285714285713e-03 0.000000000000000e+00 1.136572850991240e-01 1.150000000000101e-03 -1.469507638050003e+00 9.999999999999995e-03 0.000000000000000e+00 0.000000000000000e+00 
4.665000000000000e+00 -1.367142857142861e-02 1.061871219088742e-01 1.247142857142851e-01 -5.714285714285713e-03 0.000000000000000e+00 1.061871219088742e-01 1.200000000000099e-03 -1.518557638050001e+00 9.999999999999995e-03 0.000000000000000e+00 0.000000000000000e+00 
4.670000000000000e+00 -1.370000000000003e-02 9.847170871862435e-02 1.244999999999993e-01 -5.714285714285713e-03 0.000000000000000e+00 9.847170871862435e-02 1.250000000000098e-03 -1.567607638050000e+00 9.999999999999995e-03 0.000000000000000e+00 0.000000000000000e+00 
4.675000000000000e+00 -1.372857142857146e-02 9.051104552837452e-02 1.242857142857136e-01 -5.714285714285713e-03 0.000000000000000e+00 9.051104552837452e-02 1.300000000000096e-03 -1.616657638049999e+00 9.999999999999995e-03 0.000000000000000e+00 0.000000000000000e+00 
4.680000000000000e+00 -1.375714285714289e-02 8.230513233812470e-02 1.240714285714279e-01 -5.714285714285713e-03 0.000000000000000e+00 8.230513233812470e-02 1.350000000000096e-03 -1.665707638049998e+00 9.999999999999995e-03 0.000000000000000e+00 0.000000000000000e+00 
4.685000000000000e+00 -1.378571428571432e-02 7.385396914787337e-02 1.238571428571422e-01 -5.714285714285713e-03 0.000000000000000e+00 7.385396914787337e-02 1.400000000000104e-03 -1.714757638050006e+00 9.999999999999995e-03 0.000000000000000e+00 0.000000000000000e+00 
4.690000000000000e+00 -1.381428571428575e-02 6.515755595762353e-02 1.236428571428565e-01 -5.714285714285713e-03 0.000000000000000e+00 6.515755595762353e-02 1.450000000000104e-03 -1.763807638050005e+00 9.999999999999995e-03 0.000000000000000e+00 0.000000000000000e+00 
4.695000000000000e+00 -1.384285714285718e-02 5.621589276737370e-02 1.234285714285708e-01 -5.714285714285713e-03 0.000000000000000e+00 5.621589276737370e-02 1.500000000000102e-03 -1.812857638050004e+00 9.999999999999995e-03 0.000000000000000e+00 0.000000000000000e+00 
4.700000000000000e+00 -1.387142857142861e-02 4.702897957712387e-02 1.232142857142851e-01 -5.714285714285713e-03 0.000000000000000e+00 4.702897957712387e-02 1.550000000000102e-03 -1.861907638050003e+00 9.999999999999995e-03 0.000000000000000e+00 0.000000000000000e+00 
4.705000000000000e+00 -1.390000000000004e-02 3.759681638687407e-02 1.229999999999993e-01 -5.714285714285713e-03 0.000000000000000e+00 3.759681638687407e-02 1.600000000000100e-03 -1.910957638050002e+00 9.999999999999995e-03 0.000000000000000e+00 0.000000000000000e+00 
4.710000000000000e+00 -1.392857142857146e-02 2.791940319662427e-02 1.227857142857136e-01 -5.714285714285713e-03 0.000000000000000e+00 2.791940319662427e-02 1.650000000000099e-03 -1.960007638050000e+00 9.999999999999995e-03 0.000000000000000e+00 0.000000000000000e+00 
4.715000000000000e+00 -1.395714285714289e-02 1.799674000637448e-02 1.225714285714279e-01 -5.714285714285713e-03 0.000000000000000e+00 1.799674000637448e-02 1.700000000000099e-03 -2.009057638049999e+00 9.999999999999995e-03 0.000000000000000e+00 0.000000000000000e+00 
4.720000000000000e+00 -1.398571428571432e-02 7.828826816124703e-03 1.223571428571422e-01 -5.714285714285713e-03 0.000000000000000e+00 7.828826816124703e-03 1.750000000000097e-03 -2.058107638049998e+00 9.999999999999995e-03 0.000000000000000e+00 0.000000000000000e+00 
4.725000000000001e+00 -1.401428571428575e-02 -2.584336374126936e-03 1.221428571428565e-01 -5.714285714285713e-03 0.000000000000000e+00 -2.584336374126936e-03 1.800000000000105e-03 -2.107157638050006e+00 9.999999999999995e-03 0.000000000000000e+00 0.000000000000000e+00 
4.730000000000000e+00 -1.402857142857147e-02 -3.111125783639428e-03 1.222857142857136e-01 -8.673617379884035e-19 5.714285714285712e-03 -3.111125783639428e-03 1.800000000000105e-03 1.896441874245005e+00 -9.999999999999995e-03 4.052649512295010e+00 -5.714285714285712e-03 
4.735000000000000e+00 -1.402857142857147e-02 6.248458587585398e-03 1.227857142857136e-01 -8.673617379884035e-19 0.000000000000000e+00 6.248458587585398e-03 1.750000000000106e-03 1.847391874245006e+00 -9.999999999999995e-03 0.000000000000000e+00 0.000000000000000e+00 
4.740000000000000e+00 -1.402857142857147e-02 1.536279295881024e-02 1.232857142857136e-01 -8.673617379884035e-19 0.000000000000000e+00 1.536279295881024e-02 1.700000000000108e-03 1.798341874245007e+00 -9.999999999999995e-03 0.000000000000000e+00 0.000000000000000e+00 
4.745000000000000e+00 -1.402857142857147e-02 2.423187733003508e-02 1.237857142857136e-01 -8.673617379884035e-19 0.000000000000000e+00 2.423187733003508e-02 1.650000000000110e-03 1.749291874245008e+00 -9.999999999999995e-03 0.000000000000000e+00 0.000000000000000e+00 
4.750000000000000e+00 -1.402857142857147e-02 3.285571170125994e-02 1.242857142857136e-01 -8.673617379884035e-19 0.000000000000000e+00 3.285571170125994e-02 1.600000000000110e-03 1.700241874245009e+00 -9.999999999999995e-03 0.000000000000000e+00 0.000000000000000e+00 
4.755000000000000e+00 -1.402857142857147e-02 4.123429607248481e-02 1.247857142857135e-01 -8.673617379884035e-19 0.000000000000000e+00 4.123429607248481e-02 1.550000000000112e-03 1.651191874245010e+00 -9.999999999999995e-03 0.000000000000000e+00 0.000000000000000e+00 
4.760000000000000e+00 -1.402857142857147e-02 4.936763044370969e-02 1.252857142857135e-01 -8.673617379884035e-19 0.000000000000000e+00 4.936763044370969e-02 1.500000000000112e-03 1.602141874245011e+00 -9.999999999999995e-03 0.000000000000000e+00 0.000000000000000e+00 
4.765000000000000e+00 -1.402857142857147e-02 5.725571481493458e-02 1.257857142857135e-01 -8.673617379884035e-19 0.000000000000000e+00 5.725571481493458e-02 1.450000000000113e-03 1.553091874245012e+00 -9.999999999999995e-03 0.000000000000000e+00 0.000000000000000e+00 
4.770000000000000e+00 -1.402857142857147e-02 6.489854918616081e-02 1.262857142857136e-01 -8.673617379884035e-19 0.000000000000000e+00 6.489854918616081e-02 1.400000000000104e-03 1.504041874245005e+00 -9.999999999999995e-03 0.000000000000000e+00 0.000000000000000e+00 
4.775000000000000e+00 -1.402857142857147e-02 7.229613355738568e-02 1.267857142857136e-01 -8.673617379884035e-19 0.000000000000000e+00 7.229613355738568e-02 1.350000000000105e-03 1.454991874245006e+00 -9.999999999999995e-03 0.000000000000000e+00 0.000000000000000e+00 
4.780000000000000e+00 -1.402857142857147e-02 7.944846792861056e-02 1.272857142857136e-01 -8.673617379884035e-19 0.000000000000000e+00 7.944846792861056e-02 1.300000000000105e-03 1.405941874245007e+00 -9.999999999999995e-03 0.000000000000000e+00 0.000000000000000e+00 
4.785000000000000e+00 -1.402857142857147e-02 8.635555229983545e-02 1.277857142857136e-01 -8.673617379884035e-19 0.000000000000000e+00 8.635555229983545e-02 1.250000000000105e-03 1.356891874245008e+00 -9.999999999999995e-03 0.000000000000000e+00 0.000000000000000e+00 
4.790000000000000e+00 -1.402857142857147e-02 9.301738667106035e-02 1.282857142857136e-01 -8.673617379884035e-19 0.000000000000000e+00 9.301738667106035e-02 1.200000000000104e-03 1.307841874245009e+00 -9.999999999999995e-03 0.000000000000000e+00 0.000000000000000e+00 
4.795000000000000e+00 -1.402857142857147e-02 9.943397104228527e-02 1.287857142857136e-01 -8.673617379884035e-19 0.000000000000000e+00 9.943397104228527e-02 1.150000000000104e-03 1.258791874245010e+00 -9.999999999999995e-03 0.000000000000000e+00 0.000000000000000e+00 
4.800000000000000e+00 -1.402857142857147e-02 1.056053054135102e-01 1.292857142857136e-01 -8.673617379884035e-19 0.000000000000000e+00 1.056053054135102e-01 1.100000000000104e-03 1.209741874245011e+00 -9.999999999999995e-03 0.000000000000000e+00 0.000000000000000e+00 
4.805000000000000e+00 -1.402857142857147e-02 1.115313897847351e-01 1.297857142857136e-01 -8.673617379884035e-19 0.000000000000000e+00 1.115313897847351e-01 1.050000000000105e-03 1.160691874245012e+00 -9.999999999999995e-03 0.000000000000000e+00 0.000000000000000e+00 
4.810000000000000e+00 -1.402857142857147e-02 1.172122241559611e-01 1.302857142857137e-01 -8.673617379884035e-19 0.000000000000000e+00 1.172122241559611e-01 1.000000000000096e-03 1.111641874245004e+00 -9.999999999999995e-03 0.000000000000000e+00 0.000000000000000e+00 
4.815000000000000e+00 -1.402857142857147e-02 1.226478085271860e-01 1.307857142857137e-01 -8.673617379884035e-19 0.000000000000000e+00 1.226478085271860e-01 9.500000000000966e-04 1.062591874245006e+00 -9.999999999999995e-03 0.000000000000000e+00 0.000000000000000e+00 
4.820000000000000e+00 -1.402857142857147e-02 1.278381428984109e-01 1.312857142857137e-01 -8.673617379884035e-19 0.000000000000000e+00 1.278381428984109e-01 9.000000000000952e-04 1.013541874245007e+00 -9.999999999999995e-03 0.000000000000000e+00 0.000000000000000e+00 
4.825000000000000e+00 -1.402857142857147e-02 1.327832272696358e-01 1.317857142857137e-01 -8.673617379884035e-19 0.000000000000000e+00 1.327832272696358e-01 8.500000000000955e-04 9.644918742450077e-01 -9.999999999999995e-03 0.000000000000000e+00 0.000000000000000e+00 
4.830000000000000e+00 -1.402857142857147e-02 1.374830616408608e-01 1.322857142857137e-01 -8.673617379884035e-19 0.000000000000000e+00 1.374830616408608e-01 8.000000000000958e-04 9.154418742450088e-01 -9.999999999999995e-03 0.000000000000000e+00 0.000000000000000e+00 
4.835000000000000e+00 -1.402857142857147e-02 1.419376460120857e-01 1.327857142857137e-01 -8.673617379884035e-19 0.000000000000000e+00 1.419376460120857e-01 7.500000000000961e-04 8.663918742450099e-01 -9.999999999999995e-03 0.000000000000000e+00 0.000000000000000e+00 
4.840000000000000e+00 -1.402857142857147e-02 1.461469803833107e-01 1.332857142857137e-01 -8.673617379884035e-19 0.000000000000000e+00 1.461469803833107e-01 7.000000000000964e-04 8.173418742450109e-01 -9.999999999999995e-03 0.000000000000000e+00 0.000000000000000e+00 
4.845000000000000e+00 -1.402857142857147e-02 1.501110647545357e-01 1.337857142857137e-01 -8.673617379884035e-19 0.000000000000000e+00 1.501110647545357e-01 6.500000000000949e-04 7.682918742450120e-01 -9.999999999999995e-03 0.000000000000000e+00 0.000000000000000e+00 
4.850000000000001e+00 -1.402857142857147e-02 1.538298991257613e-01 1.342857142857138e-01 -8.673617379884035e-19 0.000000000000000e+00 1.538298991257613e-01 6.000000000000866e-04 7.192418742450043e-01 -9.999999999999995e-03 0.000000000000000e+00 0.000000000000000e+00 
4.855000000000000e+00 -1.402857142857147e-02 1.573034834969862e-01 1.347857142857138e-01 -8.673617379884035e-19 0.000000000000000e+00 1.573034834969862e-01 5.500000000000869e-04 6.701918742450054e-01 -9.999999999999995e-03 0.000000000000000e+00 0.000000000000000e+00 
4.860000000000000e+00 -1.402857142857147e-02 1.605318178682112e-01 1.352857142857138e-01 -8.673617379884035e-19 0.000000000000000e+00 1.605318178682112e-01 5.000000000000872e-04 6.211418742450064e-01 -9.999999999999995e-03 0.000000000000000e+00 0.000000000000000e+00 
4.865000000000000e+00 -1.402857142857147e-02 1.635149022394362e-01 1.357857142857138e-01 -8.673617379884035e-19 0.000000000000000e+00 1.635149022394362e-01 4.500000000000875e-04 5.720918742450075e-01 -9.999999999999995e-03 0.000000000000000e+00 0.000000000000000e+00 
4.870000000000000e+00 -1.402857142857147e-02 1.662527366106611e-01 1.362857142857138e-01 -8.673617379884035e-19 0.000000000000000e+00 1.662527366106611e-01 4.000000000000878e-04 5.230418742450086e-01 -9.999999999999995e-03 0.000000000000000e+00 0.000000000000000e+00 
4.875000000000000e+00 -1.402857142857147e-02 1.687453209818861e-01 1.367857142857138e-01 -8.673617379884035e-19 0.000000000000000e+00 1.687453209818861e-01 3.500000000000864e-04 4.739918742450097e-01 -9.999999999999995e-03 0.000000000000000e+00 0.000000000000000e+00 
4.880000000000000e+00 -1.402857142857147e-02 1.709926553531111e-01 1.372857142857138e-01 -8.673617379884035e-19 0.000000000000000e+00 1.709926553531111e-01 3.000000000000867e-04 4.249418742450107e-01 -9.999999999999995e-03 0.000000000000000e+00 0.000000000000000e+00 
4.885000000000000e+00 -1.402857142857147e-02 1.729947397243362e-01 1.377857142857138e-01 -8.673617379884035e-19 0.000000000000000e+00 1.729947397243362e-01 2.500000000000870e-04 3.758918742450118e-01 -9.999999999999995e-03 0.000000000000000e+00 0.000000000000000e+00 
4.890000000000000e+00 -1.402857142857147e-02 1.747515740955612e-01 1.382857142857138e-01 -8.673617379884035e-19 0.000000000000000e+00 1.747515740955612e-01 2.000000000000873e-04 3.268418742450129e-01 -9.999999999999995e-03 0.000000000000000e+00 0.000000000000000e+00 
4.895000000000000e+00 -1.402857142857147e-02 1.762631584667865e-01 1.387857142857139e-01 -8.673617379884035e-19 0.000000000000000e+00 1.762631584667865e-01 1.500000000000789e-04 2.777918742450052e-01 -9.999999999999995e-03 0.000000000000000e+00 0.000000000000000e+00 
4.900000000000000e+00 -1.402857142857147e-02 1.775294928380115e-01 1.392857142857139e-01 -8.673617379884035e-19 0.000000000000000e+00 1.775294928380115e-01 1.000000000000792e-04 2.287418742450062e-01 -9.999999999999995e-03 0.000000000000000e+00 0.000000000000000e+00 
4.905000000000000e+00 -1.402857142857147e-02 1.785505772092365e-01 1.397857142857139e-01 -8.673617379884035e-19 0.000000000000000e+00 1.785505772092365e-01 5.000000000007776e-05 1.796918742450073e-01 -9.999999999999995e-03 0.000000000000000e+00 0.000000000000000e+00 
4.910000000000000e+00 -1.402857142857147e-02 1.793264115804615e-01 1.402857142857139e-01 -8.673617379884035e-19 0.000000000000000e+00 1.793264115804615e-01 7.806255641895632e-17 1.306418742450083e-01 -9.999999999999995e-03 0.000000000000000e+00 0.000000000000000e+00 
4.915000000000000e+00 -1.402857142857147e-02 1.798569959516865e-01 1.407857142857139e-01 -8.673617379884035e-19 0.000000000000000e+00 1.798569959516865e-01 -4.999999999992163e-05 8.159187424500935e-02 -9.999999999999995e-03 0.000000000000000e+00 0.000000000000000e+00 
4.920000000000000e+00 -1.402857142857147e-02 1.801423303229116e-01 1.412857142857139e-01 -8.673617379884035e-19 0.000000000000000e+00 1.801423303229116e-01 -9.999999999992133e-05 3.254187424501040e-02 -9.999999999999995e-03 0.000000000000000e+00 0.000000000000000e+00 
4.925000000000000e+00 -1.402857142857147e-02 1.801824146941366e-01 1.417857142857139e-01 -8.673617379884035e-19 0.000000000000000e+00 1.801824146941366e-01 -1.499999999999210e-04 -1.650812575498856e-02 -9.999999999999995e-03 0.000000000000000e+00 0.000000000000000e+00 
4.930000000000000e+00 -1.402857142857147e-02 1.799772490653617e-01 1.422857142857139e-01 -8.673617379884035e-19 0.000000000000000e+00 1.799772490653617e-01 -1.999999999999225e-04 -6.555812575498751e-02 -9.999999999999995e-03 0.000000000000000e+00 0.000000000000000e+00 
4.935000000000000e+00 -1.402857142857147e-02 1.795268334365867e-01 1.427857142857140e-01 -8.673617379884035e-19 0.000000000000000e+00 1.795268334365867e-01 -2.499999999999308e-04 -1.146081257549952e-01 -9.999999999999995e-03 0.000000000000000e+00 0.000000000000000e+00 
4.940000000000000e+00 -1.402857142857147e-02 1.788311678078117e-01 1.432857142857140e-01 -8.673617379884035e-19 0.000000000000000e+00 1.788311678078117e-01 -2.999999999999305e-04 -1.636581257549941e-01 -9.999999999999995e-03 0.000000000000000e+00 0.000000000000000e+00 
4.945000000000000e+00 -1.402857142857147e-02 1.778902521790368e-01 1.437857142857140e-01 -8.673617379884035e-19 0.000000000000000e+00 1.778902521790368e-01 -3.499999999999302e-04 -2.127081257549931e-01 -9.999999999999995e-03 0.000000000000000e+00 0.000000000000000e+00 
4.950000000000000e+00 -1.402857142857147e-02 1.767040865502618e-01 1.442857142857140e-01 -8.673617379884035e-19 0.000000000000000e+00 1.767040865502618e-01 -3.999999999999299e-04 -2.617581257549920e-01 -9.999999999999995e-03 0.000000000000000e+00 0.000000000000000e+00 
4.955000000000000e+00 -1.402857142857147e-02 1.752726709214869e-01 1.447857142857140e-01 -8.673617379884035e-19 0.000000000000000e+00 1.752726709214869e-01 -4.499999999999296e-04 -3.108081257549909e-01 -9.999999999999995e-03 0.000000000000000e+00 0.000000000000000e+00 
4.960000000000000e+00 -1.402857142857147e-02 1.735960052927120e-01 1.452857142857140e-01 -8.673617379884035e-19 0.000000000000000e+00 1.735960052927120e-01 -4.999999999999311e-04 -3.598581257549899e-01 -9.999999999999995e-03 0.000000000000000e+00 0.000000000000000e+00 
4.965000000000000e+00 -1.402857142857147e-02 1.716740896639371e-01 1.457857142857140e-01 -8.673617379884035e-19 0.000000000000000e+00 1.716740896639371e-01 -5.499999999999308e-04 -4.089081257549888e-01 -9.999999999999995e-03 0.000000000000000e+00 0.000000000000000e+00 
4.970000000000000e+00 -1.402857142857147e-02 1.695069240351622e-01 1.462857142857140e-01 -8.673617379884035e-19 0.000000000000000e+00 1.695069240351622e-01 -5.999999999999305e-04 -4.579581257549877e-01 -9.999999999999995e-03 0.000000000000000e+00 0.000000000000000e+00 
4.975000000000001e+00 -1.402857142857147e-02 1.670945084063868e-01 1.467857142857140e-01 -8.673617379884035e-19 0.000000000000000e+00 1.670945084063868e-01 -6.499999999999388e-04 -5.070081257549954e-01 -9.999999999999995e-03 0.000000000000000e+00 0.000000000000000e+00 
4.980000000000000e+00 -1.402857142857147e-02 1.644368427776119e-01 1.472857142857140e-01 -8.673617379884035e-19 0.000000000000000e+00 1.644368427776119e-01 -6.999999999999385e-04 -5.560581257549944e-01 -9.999999999999995e-03 0.000000000000000e+00 0.000000000000000e+00 
4.985000000000000e+00 -1.402857142857147e-02 1.615339271488370e-01 1.477857142857140e-01 -8.673617379884035e-19 0.000000000000000e+00 1.615339271488370e-01 -7.499999999999382e-04 -6.051081257549933e-01 -9.999999999999995e-03 0.000000000000000e+00 0.000000000000000e+00 
4.990000000000000e+00 -1.402857142857147e-02 1.583857615200621e-01 1.482857142857140e-01 -8.673617379884035e-19 0.000000000000000e+00 1.583857615200621e-01 -7.999999999999396e-04 -6.541581257549922e-01 -9.999999999999995e-03 0.000000000000000e+00 0.000000000000000e+00 
4.995000000000000e+00 -1.402857142857147e-02 1.549923458912872e-01 1.487857142857140e-01 -8.673617379884035e-19 0.000000000000000e+00 1.549923458912872e-01 -8.499999999999393e-04 -7.032081257549911e-01 -9.999999999999995e-03 0.000000000000000e+00 0.000000000000000e+00 
5.000000000000000e+00 -1.402857142857147e-02 1.513536802625124e-01 1.492857142857140e-01 -8.673617379884035e-19 0.000000000000000e+00 1.513536802625124e-01 -8.999999999999390e-04 -7.522581257549901e-01 -9.999999999999995e-03 0.000000000000000e+00 0.000000000000000e+00 
5.005000000000000e+00 -1.402857142857147e-02 1.474697646337375e-01 1.497857142857140e-01 -8.673617379884035e-19 0.000000000000000e+00 1.474697646337375e-01 -9.499999999999387e-04 -8.013081257549890e-01 -9.999999999999995e-03 0.000000000000000e+00 0.000000000000000e+00 
5.010000000000000e+00 -1.402857142857147e-02 1.433405990049627e-01 1.502857142857141e-01 -8.673617379884035e-19 0.000000000000000e+00 1.433405990049627e-01 -9.999999999999384e-04 -8.503581257549879e-01 -9.999999999999995e-03 0.000000000000000e+00 0.000000000000000e+00 
5.015000000000000e+00 -1.402857142857147e-02 1.389661833761878e-01 1.507857142857141e-01 -8.673617379884035e-19 0.000000000000000e+00 1.389661833761878e-01 -1.049999999999940e-03 -8.994081257549869e-01 -9.999999999999995e-03 0.000000000000000e+00 0.000000000000000e+00 
5.020000000000000e+00 -1.402857142857147e-02 1.343465177474122e-01 1.512857142857141e-01 -8.673617379884035e-19 0.000000000000000e+00 1.343465177474122e-01 -1.099999999999948e-03 -9.484581257549946e-01 -9.999999999999995e-03 0.000000000000000e+00 0.000000000000000e+00 
5.025000000000000e+00 -1.402857142857147e-02 1.294816021186373e-01 1.517857142857141e-01 -8.673617379884035e-19 0.000000000000000e+00 1.294816021186373e-01 -1.149999999999948e-03 -9.975081257549935e-01 -9.999999999999995e-03 0.000000000000000e+00 0.000000000000000e+00 
5.030000000000000e+00 -1.402857142857147e-02 1.243714364898624e-01 1.522857142857141e-01 -8.673617379884035e-19 0.000000000000000e+00 1.243714364898624e-01 -1.199999999999948e-03 -1.046558125754993e+00 -9.999999999999995e-03 0.000000000000000e+00 0.000000000000000e+00 
5.035000000000000e+00 -1.402857142857147e-02 1.190160208610876e-01 1.527857142857141e-01 -8.673617379884035e-19 0.000000000000000e+00 1.190160208610876e-01 -1.249999999999947e-03 -1.095608125754991e+00 -9.999999999999995e-03 0.000000000000000e+00 0.000000000000000e+00 
5.040000000000000e+00 -1.402857142857147e-02 1.134153552323128e-01 1.532857142857141e-01 -8.673617379884035e-19 0.000000000000000e+00 1.134153552323128e-01 -1.299999999999947e-03 -1.144658125754990e+00 -9.999999999999995e-03 0.000000000000000e+00 0.000000000000000e+00 
5.045000000000000e+00 -1.402857142857147e-02 1.075694396035380e-01 1.537857142857141e-01 -8.673617379884035e-19 0.000000000000000e+00 1.075694396035380e-01 -1.349999999999948e-03 -1.193708125754989e+00 -9.999999999999995e-03 0.000000000000000e+00 0.000000000000000e+00 
5.050000000000000e+00 -1.402857142857147e-02 1.014782739747631e-01 1.542857142857141e-01 -8.673617379884035e-19 0.000000000000000e+00 1.014782739747631e-01 -1.399999999999948e-03 -1.242758125754988e+00 -9.999999999999995e-03 0.000000000000000e+00 0.000000000000000e+00 
5.055000000000000e+00 -1.402857142857147e-02 9.514185834598833e-02 1.547857142857141e-01 -8.673617379884035e-19 0.000000000000000e+00 9.514185834598833e-02 -1.449999999999948e-03 -1.291808125754987e+00 -9.999999999999995e-03 0.000000000000000e+00 0.000000000000000e+00 
5.060000000000000e+00 -1.402857142857147e-02 8.856019271721235e-02 1.552857142857142e-01 -8.673617379884035e-19 0.000000000000000e+00 8.856019271721235e-02 -1.499999999999956e-03 -1.340858125754995e+00 -9.999999999999995e-03 0.000000000000000e+00 0.000000000000000e+00 
5.065000000000000e+00 -1.402857142857147e-02 8.173327708843753e-02 1.557857142857142e-01 -8.673617379884035e-19 0.000000000000000e+00 8.173327708843753e-02 -1.549999999999956e-03 -1.389908125754994e+00 -9.999999999999995e-03 0.000000000000000e+00 0.000000000000000e+00 
5.070000000000000e+00 -1.402857142857147e-02 7.466111145966271e-02 1.562857142857142e-01 -8.673617379884035e-19 0.000000000000000e+00 7.466111145966271e-02 -1.599999999999956e-03 -1.438958125754993e+00 -9.999999999999995e-03 0.000000000000000e+00 0.000000000000000e+00 
5.075000000000000e+00 -1.402857142857147e-02 6.734369583088791e-02 1.567857142857142e-01 -8.673617379884035e-19 0.000000000000000e+00 6.734369583088791e-02 -1.649999999999957e-03 -1.488008125754992e+00 -9.999999999999995e-03 0.000000000000000e+00 0.000000000000000e+00 
5.080000000000000e+00 -1.402857142857147e-02 5.978103020211312e-02 1.572857142857142e-01 -8.673617379884035e-19 0.000000000000000e+00 5.978103020211312e-02 -1.699999999999955e-03 -1.537058125754990e+00 -9.999999999999995e-03 0.000000000000000e+00 0.000000000000000e+00 
5.085000000000000e+00 -1.402857142857147e-02 5.197311457333834e-02 1.577857142857142e-01 -8.673617379884035e-19 0.000000000000000e+00 5.197311457333834e-02 -1.749999999999956e-03 -1.586108125754989e+00 -9.999999999999995e-03 0.000000000000000e+00 0.000000000000000e+00 
5.090000000000000e+00 -1.402857142857147e-02 4.391994894456357e-02 1.582857142857142e-01 -8.673617379884035e-19 0.000000000000000e+00 4.391994894456357e-02 -1.799999999999958e-03 -1.635158125754988e+00 -9.999999999999995e-03 0.000000000000000e+00 0.000000000000000e+00 
5.095000000000000e+00 -1.402857142857147e-02 3.562153331578881e-02 1.587857142857142e-01 -8.673617379884035e-19 0.000000000000000e+00 3.562153331578881e-02 -1.849999999999956e-03 -1.684208125754987e+00 -9.999999999999995e-03 0.000000000000000e+00 0.000000000000000e+00 
5.100000000000001e+00 -1.402857142857147e-02 2.707786768701252e-02 1.592857142857143e-01 -8.673617379884035e-19 0.000000000000000e+00 2.707786768701252e-02 -1.899999999999964e-03 -1.733258125754995e+00 -9.999999999999995e-03 0.000000000000000e+00 0.000000000000000e+00 
5.105000000000000e+00 -1.402857142857147e-02 1.828895205823773e-02 1.597857142857143e-01 -8.673617379884035e-19 0.000000000000000e+00 1.828895205823773e-02 -1.949999999999966e-03 -1.782308125754994e+00 -9.999999999999995e-03 0.000000000000000e+00 0.000000000000000e+00 
5.110000000000000e+00 -1.402857142857147e-02 9.254786429462961e-03 1.602857142857143e-01 -8.673617379884035e-19 0.000000000000000e+00 9.254786429462961e-03 -1.999999999999964e-03 -1.831358125754993e+00 -9.999999999999995e-03 0.000000000000000e+00 0.000000000000000e+00 
5.115000000000000e+00 -1.402857142857147e-02 -2.462919931180314e-05 1.607857142857143e-01 -8.673617379884035e-19 0.000000000000000e+00 -2.462919931180314e-05 -2.049999999999965e-03 -1.880408125754992e+00 -9.999999999999995e-03 0.000000000000000e+00 0.000000000000000e+00 
5.120000000000000e+00 -1.404285714285718e-02 -4.947312307505419e-04 1.609285714285714e-01 -5.714285714285713e-03 -5.714285714285712e-03 -4.947312307505419e-04 -2.049999999999965e-03 1.692367313179492e+00 9.999999999999995e-03 3.621825438934483e+00 5.714285714285712e-03 
5.125000000000000e+00 -1.407142857142861e-02 7.844480335146745e-03 1.607142857142857e-01 -5.714285714285713e-03 0.000000000000000e+00 7.844480335146745e-03 -1.999999999999965e-03 1.643317313179493e+00 9.999999999999995e-03 0.000000000000000e+00 0.000000000000000e+00 
5.130000000000000e+00 -1.410000000000004e-02 1.593844190104404e-02 1.605000000000000e-01 -5.714285714285713e-03 0.000000000000000e+00 1.593844190104404e-02 -1.949999999999966e-03 1.594267313179494e+00 9.999999999999995e-03 0.000000000000000e+00 0.000000000000000e+00 
5.135000000000000e+00 -1.412857142857146e-02 2.378715346694135e-02 1.602857142857143e-01 -5.714285714285713e-03 0.000000000000000e+00 2.378715346694135e-02 -1.899999999999966e-03 1.545217313179496e+00 9.999999999999995e-03 0.000000000000000e+00 0.000000000000000e+00 
5.140000000000000e+00 -1.415714285714289e-02 3.139061503283867e-02 1.600714285714286e-01 -5.714285714285713e-03 0.000000000000000e+00 3.139061503283867e-02 -1.849999999999963e-03 1.496167313179497e+00 9.999999999999995e-03 0.000000000000000e+00 0.000000000000000e+00 
5.145000000000000e+00 -1.418571428571433e-02 3.874882659873729e-02 1.598571428571428e-01 -5.714285714285713e-03 0.000000000000000e+00 3.874882659873729e-02 -1.799999999999954e-03 1.447117313179489e+00 9.999999999999995e-03 0.000000000000000e+00 0.000000000000000e+00 
5.150000000000000e+00 -1.421428571428575e-02 4.586178816463458e-02 1.596428571428571e-01 -5.714285714285713e-03 0.000000000000000e+00 4.586178816463458e-02 -1.749999999999955e-03 1.398067313179490e+00 9.999999999999995e-03 0.000000000000000e+00 0.000000000000000e+00 
5.155000000000000e+00 -1.424285714285718e-02 5.272949973053189e-02 1.594285714285714e-01 -5.714285714285713e-03 0.000000000000000e+00 5.272949973053189e-02 -1.699999999999955e-03 1.349017313179491e+00 9.999999999999995e-03 0.000000000000000e+00 0.000000000000000e+00 
5.160000000000000e+00 -1.427142857142861e-02 5.935196129642921e-02 1.592142857142856e-01 -5.714285714285713e-03 0.000000000000000e+00 5.935196129642921e-02 -1.649999999999955e-03 1.299967313179492e+00 9.999999999999995e-03 0.000000000000000e+00 0.000000000000000e+00 
5.165000000000000e+00 -1.430000000000004e-02 6.572917286232653e-02 1.589999999999999e-01 -5.714285714285713e-03 0.000000000000000e+00 6.572917286232653e-02 -1.599999999999956e-03 1.250917313179493e+00 9.999999999999995e-03 0.000000000000000e+00 0.000000000000000e+00 
5.170000000000000e+00 -1.432857142857147e-02 7.186113442822387e-02 1.587857142857142e-01 -5.714285714285713e-03 0.000000000000000e+00 7.186113442822387e-02 -1.549999999999952e-03 1.201867313179494e+00 9.999999999999995e-03 0.000000000000000e+00 0.000000000000000e+00 
5.175000000000000e+00 -1.435714285714289e-02 7.774784599412121e-02 1.585714285714285e-01 -5.714285714285713e-03 0.000000000000000e+00 7.774784599412121e-02 -1.499999999999953e-03 1.152817313179495e+00 9.999999999999995e-03 0.000000000000000e+00 0.000000000000000e+00 
5.180000000000000e+00 -1.438571428571432e-02 8.338930756001857e-02 1.583571428571428e-01 -5.714285714285713e-03 0.000000000000000e+00 8.338930756001857e-02 -1.449999999999953e-03 1.103767313179497e+00 9.999999999999995e-03 0.000000000000000e+00 0.000000000000000e+00 
5.185000000000000e+00 -1.441428571428576e-02 8.878551912591688e-02 1.581428571428570e-01 -5.714285714285713e-03 0.000000000000000e+00 8.878551912591688e-02 -1.399999999999945e-03 1.054717313179489e+00 9.999999999999995e-03 0.000000000000000e+00 0.000000000000000e+00 
5.190000000000000e+00 -1.444285714285718e-02 9.393648069181422e-02 1.579285714285713e-01 -5.714285714285713e-03 0.000000000000000e+00 9.393648069181422e-02 -1.349999999999945e-03 1.005667313179490e+00 9.999999999999995e-03 0.000000000000000e+00 0.000000000000000e+00 
5.195000000000000e+00 -1.447142857142861e-02 9.884219225771157e-02 1.577142857142856e-01 -5.714285714285713e-03 0.000000000000000e+00 9.884219225771157e-02 -1.299999999999945e-03 9.566173131794911e-01 9.999999999999995e-03 0.000000000000000e+00 0.000000000000000e+00 
5.200000000000000e+00 -1.450000000000004e-02 1.035026538236089e-01 1.574999999999998e-01 -5.714285714285713e-03 0.000000000000000e+00 1.035026538236089e-01 -1.249999999999942e-03 9.075673131794921e-01 9.999999999999995e-03 0.000000000000000e+00 0.000000000000000e+00 
5.205000000000000e+00 -1.452857142857147e-02 1.079178653895063e-01 1.572857142857141e-01 -5.714285714285713e-03 0.000000000000000e+00 1.079178653895063e-01 -1.199999999999942e-03 8.585173131794932e-01 9.999999999999995e-03 0.000000000000000e+00 0.000000000000000e+00 
5.210000000000000e+00 -1.455714285714290e-02 1.120878269554037e-01 1.570714285714284e-01 -5.714285714285713e-03 0.000000000000000e+00 1.120878269554037e-01 -1.149999999999943e-03 8.094673131794943e-01 9.999999999999995e-03 0.000000000000000e+00 0.000000000000000e+00 
5.215000000000000e+00 -1.458571428571433e-02 1.160125385213011e-01 1.568571428571427e-01 -5.714285714285713e-03 0.000000000000000e+00 1.160125385213011e-01 -1.099999999999943e-03 7.604173131794953e-01 9.999999999999995e-03 0.000000000000000e+00 0.000000000000000e+00 
5.220000000000000e+00 -1.461428571428575e-02 1.196920000871985e-01 1.566428571428569e-01 -5.714285714285713e-03 0.000000000000000e+00 1.196920000871985e-01 -1.049999999999943e-03 7.113673131794964e-01 9.999999999999995e-03 0.000000000000000e+00 0.000000000000000e+00 
5.225000000000001e+00 -1.464285714285719e-02 1.231262116530965e-01 1.564285714285712e-01 -5.714285714285713e-03 0.000000000000000e+00 1.231262116530965e-01 -9.999999999999350e-04 6.623173131794887e-01 9.999999999999995e-03 0.000000000000000e+00 0.000000000000000e+00 
5.230000000000000e+00 -1.467142857142861e-02 1.263151732189939e-01 1.562142857142855e-01 -5.714285714285713e-03 0.000000000000000e+00 1.263151732189939e-01 -9.499999999999335e-04 6.132673131794898e-01 9.999999999999995e-03 0.000000000000000e+00 0.000000000000000e+00 
5.235000000000000e+00 -1.470000000000004e-02 1.292588847848913e-01 1.559999999999997e-01 -5.714285714285713e-03 0.000000000000000e+00 1.292588847848913e-01 -8.999999999999321e-04 5.642173131794909e-01 9.999999999999995e-03 0.000000000000000e+00 0.000000000000000e+00 
5.240000000000000e+00 -1.472857142857147e-02 1.319573463507887e-01 1.557857142857140e-01 -5.714285714285713e-03 0.000000000000000e+00 1.319573463507887e-01 -8.499999999999324e-04 5.151673131794919e-01 9.999999999999995e-03 0.000000000000000e+00 0.000000000000000e+00 
5.245000000000000e+00 -1.475714285714290e-02 1.344105579166861e-01 1.555714285714283e-01 -5.714285714285713e-03 0.000000000000000e+00 1.344105579166861e-01 -7.999999999999327e-04 4.661173131794930e-01 9.999999999999995e-03 0.000000000000000e+00 0.000000000000000e+00 
5.250000000000000e+00 -1.478571428571433e-02 1.366185194825835e-01 1.553571428571426e-01 -5.714285714285713e-03 0.000000000000000e+00 1.366185194825835e-01 -7.499999999999313e-04 4.170673131794941e-01 9.999999999999995e-03 0.000000000000000e+00 0.000000000000000e+00 
5.255000000000000e+00 -1.481428571428576e-02 1.385812310484809e-01 1.551428571428569e-01 -5.714285714285713e-03 0.000000000000000e+00 1.385812310484809e-01 -6.999999999999316e-04 3.680173131794952e-01 9.999999999999995e-03 0.000000000000000e+00 0.000000000000000e+00 
5.260000000000000e+00 -1.484285714285718e-02 1.402986926143784e-01 1.549285714285711e-01 -5.714285714285713e-03 0.000000000000000e+00 1.402986926143784e-01 -6.499999999999301e-04 3.189673131794962e-01 9.999999999999995e-03 0.000000000000000e+00 0.000000000000000e+00 
5.265000000000000e+00 -1.487142857142861e-02 1.417709041802758e-01 1.547142857142854e-01 -5.714285714285713e-03 0.000000000000000e+00 1.417709041802758e-01 -5.999999999999305e-04 2.699173131794973e-01 9.999999999999995e-03 0.000000000000000e+00 0.000000000000000e+00 
5.270000000000000e+00 -1.490000000000005e-02 1.429978657461735e-01 1.544999999999997e-01 -5.714285714285713e-03 0.000000000000000e+00 1.429978657461735e-01 -5.499999999999221e-04 2.208673131794896e-01 9.999999999999995e-03 0.000000000000000e+00 0.000000000000000e+00 
5.275000000000000e+00 -1.492857142857147e-02 1.439795773120709e-01 1.542857142857139e-01 -5.714285714285713e-03 0.000000000000000e+00 1.439795773120709e-01 -4.999999999999224e-04 1.718173131794907e-01 9.999999999999995e-03 0.000000000000000e+00 0.000000000000000e+00 
5.280000000000000e+00 -1.495714285714290e-02 1.447160388779684e-01 1.540714285714282e-01 -5.714285714285713e-03 0.000000000000000e+00 1.447160388779684e-01 -4.499999999999209e-04 1.227673131794917e-01 9.999999999999995e-03 0.000000000000000e+00 0.000000000000000e+00 
5.285000000000000e+00 -1.498571428571433e-02 1.452072504438658e-01 1.538571428571425e-01 -5.714285714285713e-03 0.000000000000000e+00 1.452072504438658e-01 -3.999999999999213e-04 7.371731317949276e-02 9.999999999999995e-03 0.000000000000000e+00 0.000000000000000e+00 
5.290000000000000e+00 -1.501428571428576e-02 1.454532120097633e-01 1.536428571428568e-01 -5.714285714285713e-03 0.000000000000000e+00 1.454532120097633e-01 -3.499999999999198e-04 2.466731317949380e-02 9.999999999999995e-03 0.000000000000000e+00 0.000000000000000e+00 
5.295000000000000e+00 -1.504285714285719e-02 1.454539235756608e-01 1.534285714285711e-01 -5.714285714285713e-03 0.000000000000000e+00 1.454539235756608e-01 -2.999999999999201e-04 -2.438268682050515e-02 9.999999999999995e-03 0.000000000000000e+00 0.000000000000000e+00 
5.300000000000000e+00 -1.507142857142861e-02 1.452093851415582e-01 1.532142857142853e-01 -5.714285714285713e-03 0.000000000000000e+00 1.452093851415582e-01 -2.499999999999204e-04 -7.343268682050411e-02 9.999999999999995e-03 0.000000000000000e+00 0.000000000000000e+00 
5.305000000000000e+00 -1.510000000000004e-02 1.447195967074557e-01 1.529999999999996e-01 -5.714285714285713e-03 0.000000000000000e+00 1.447195967074557e-01 -1.999999999999190e-04 -1.224826868205031e-01 9.999999999999995e-03 0.000000000000000e+00 0.000000000000000e+00 
5.310000000000000e+00 -1.512857142857148e-02 1.439845582733531e-01 1.527857142857139e-01 -5.714285714285713e-03 0.000000000000000e+00 1.439845582733531e-01 -1.499999999999106e-04 -1.715326868205107e-01 9.999999999999995e-03 0.000000000000000e+00 0.000000000000000e+00 
5.315000000000000e+00 -1.515714285714290e-02 1.430042698392506e-01 1.525714285714281e-01 -5.714285714285713e-03 0.000000000000000e+00 1.430042698392506e-01 -9.999999999991092e-05 -2.205826868205097e-01 9.999999999999995e-03 0.000000000000000e+00 0.000000000000000e+00 
5.320000000000000e+00 -1.518571428571433e-02 1.417787314051480e-01 1.523571428571424e-01 -5.714285714285713e-03 0.000000000000000e+00 1.417787314051480e-01 -4.999999999990949e-05 -2.696326868205087e-01 9.999999999999995e-03 0.000000000000000e+00 0.000000000000000e+00 
5.325000000000000e+00 -1.521428571428576e-02 1.403079429710455e-01 1.521428571428567e-01 -5.714285714285713e-03 0.000000000000000e+00 1.403079429710455e-01 9.020562075079397e-17 -3.186826868205076e-01 9.999999999999995e-03 0.000000000000000e+00 0.000000000000000e+00 
5.330000000000000e+00 -1.524285714285719e-02 1.385919045369430e-01 1.519285714285710e-01 -5.714285714285713e-03 0.000000000000000e+00 1.385919045369430e-01 5.000000000008990e-05 -3.677326868205065e-01 9.999999999999995e-03 0.000000000000000e+00 0.000000000000000e+00 
5.335000000000000e+00 -1.527142857142862e-02 1.366306161028406e-01 1.517142857142852e-01 -5.714285714285713e-03 0.000000000000000e+00 1.366306161028406e-01 1.000000000000913e-04 -4.167826868205055e-01 9.999999999999995e-03 0.000000000000000e+00 0.000000000000000e+00 
5.340000000000000e+00 -1.530000000000004e-02 1.344240776687381e-01 1.514999999999995e-01 -5.714285714285713e-03 0.000000000000000e+00 1.344240776687381e-01 1.500000000000910e-04 -4.658326868205044e-01 9.999999999999995e-03 0.000000000000000e+00 0.000000000000000e+00 
5.345000000000000e+00 -1.532857142857147e-02 1.319722892346356e-01 1.512857142857138e-01 -5.714285714285713e-03 0.000000000000000e+00 1.319722892346356e-01 2.000000000000925e-04 -5.148826868205033e-01 9.999999999999995e-03 0.000000000000000e+00 0.000000000000000e+00 
5.350000000000001e+00 -1.535714285714291e-02 1.292752508005326e-01 1.510714285714281e-01 -5.714285714285713e-03 0.000000000000000e+00 1.292752508005326e-01 2.500000000001008e-04 -5.639326868205110e-01 9.999999999999995e-03 0.000000000000000e+00 0.000000000000000e+00 
5.355000000000000e+00 -1.538571428571433e-02 1.263329623664302e-01 1.508571428571423e-01 -5.714285714285713e-03 0.000000000000000e+00 1.263329623664302e-01 3.000000000001005e-04 -6.129826868205099e-01 9.999999999999995e-03 0.000000000000000e+00 0.000000000000000e+00 
5.360000000000000e+00 -1.541428571428576e-02 1.231454239323277e-01 1.506428571428566e-01 -5.714285714285713e-03 0.000000000000000e+00 1.231454239323277e-01 3.500000000001002e-04 -6.620326868205089e-01 9.999999999999995e-03 0.000000000000000e+00 0.000000000000000e+00 
5.365000000000000e+00 -1.544285714285719e-02 1.197126354982252e-01 1.504285714285709e-01 -5.714285714285713e-03 0.000000000000000e+00 1.197126354982252e-01 4.000000000001017e-04 -7.110826868205078e-01 9.999999999999995e-03 0.000000000000000e+00 0.000000000000000e+00 
5.370000000000000e+00 -1.547142857142862e-02 1.160345970641228e-01 1.502142857142852e-01 -5.714285714285713e-03 0.000000000000000e+00 1.160345970641228e-01 4.500000000001014e-04 -7.601326868205067e-01 9.999999999999995e-03 0.000000000000000e+00 0.000000000000000e+00 
5.375000000000000e+00 -1.550000000000005e-02 1.121113086300203e-01 1.499999999999994e-01 -5.714285714285713e-03 0.000000000000000e+00 1.121113086300203e-01 5.000000000001028e-04 -8.091826868205056e-01 9.999999999999995e-03 0.000000000000000e+00 0.000000000000000e+00 
5.380000000000000e+00 -1.552857142857147e-02 1.079427701959179e-01 1.497857142857137e-01 -5.714285714285713e-03 0.000000000000000e+00 1.079427701959179e-01 5.500000000001025e-04 -8.582326868205046e-01 9.999999999999995e-03 0.000000000000000e+00 0.000000000000000e+00 
5.385000000000000e+00 -1.555714285714290e-02 1.035289817618155e-01 1.495714285714280e-01 -5.714285714285713e-03 0.000000000000000e+00 1.035289817618155e-01 6.000000000001022e-04 -9.072826868205035e-01 9.999999999999995e-03 0.000000000000000e+00 0.000000000000000e+00 
5.390000000000000e+00 -1.558571428571433e-02 9.886994332771304e-02 1.493571428571423e-01 -5.714285714285713e-03 0.000000000000000e+00 9.886994332771304e-02 6.500000000001036e-04 -9.563326868205024e-01 9.999999999999995e-03 0.000000000000000e+00 0.000000000000000e+00 
5.395000000000000e+00 -1.561428571428576e-02 9.396565489360974e-02 1.491428571428565e-01 -5.714285714285713e-03 0.000000000000000e+00 9.396565489360974e-02 7.000000000001120e-04 -1.005382686820510e+00 9.999999999999995e-03 0.000000000000000e+00 0.000000000000000e+00 
5.400000000000000e+00 -1.564285714285719e-02 8.881611645950729e-02 1.489285714285708e-01 -5.714285714285713e-03 0.000000000000000e+00 8.881611645950729e-02 7.500000000001100e-04 -1.054432686820509e+00 9.999999999999995e-03 0.000000000000000e+00 0.000000000000000e+00 
5.405000000000000e+00 -1.567142857142862e-02 8.342132802540486e-02 1.487142857142851e-01 -5.714285714285713e-03 0.000000000000000e+00 8.342132802540486e-02 8.000000000001097e-04 -1.103482686820508e+00 9.999999999999995e-03 0.000000000000000e+00 0.000000000000000e+00 
5.410000000000000e+00 -1.570000000000004e-02 7.778128959130244e-02 1.484999999999994e-01 -5.714285714285713e-03 0.000000000000000e+00 7.778128959130244e-02 8.500000000001076e-04 -1.152532686820507e+00 9.999999999999995e-03 0.000000000000000e+00 0.000000000000000e+00 
5.415000000000000e+00 -1.572857142857147e-02 7.189600115720003e-02 1.482857142857136e-01 -5.714285714285713e-03 0.000000000000000e+00 7.189600115720003e-02 9.000000000001056e-04 -1.201582686820506e+00 9.999999999999995e-03 0.000000000000000e+00 0.000000000000000e+00 
5.420000000000000e+00 -1.575714285714290e-02 6.576546272309763e-02 1.480714285714279e-01 -5.714285714285713e-03 0.000000000000000e+00 6.576546272309763e-02 9.500000000001053e-04 -1.250632686820505e+00 9.999999999999995e-03 0.000000000000000e+00 0.000000000000000e+00 
5.425000000000000e+00 -1.578571428571432e-02 5.938967428899525e-02 1.478571428571422e-01 -5.714285714285713e-03 0.000000000000000e+00 5.938967428899525e-02 1.000000000000103e-03 -1.299682686820504e+00 9.999999999999995e-03 0.000000000000000e+00 0.000000000000000e+00 
5.430000000000000e+00 -1.581428571428575e-02 5.276863585489287e-02 1.476428571428565e-01 -5.714285714285713e-03 0.000000000000000e+00 5.276863585489287e-02 1.050000000000103e-03 -1.348732686820503e+00 9.999999999999995e-03 0.000000000000000e+00 0.000000000000000e+00 
5.435000000000000e+00 -1.584285714285718e-02 4.590234742078927e-02 1.474285714285707e-01 -5.714285714285713e-03 0.000000000000000e+00 4.590234742078927e-02 1.100000000000111e-03 -1.397782686820510e+00 9.999999999999995e-03 0.000000000000000e+00 0.000000000000000e+00 
5.440000000000000e+00 -1.587142857142861e-02 3.879080898668687e-02 1.472142857142850e-01 -5.714285714285713e-03 0.000000000000000e+00 3.879080898668687e-02 1.150000000000109e-03 -1.446832686820509e+00 9.999999999999995e-03 0.000000000000000e+00 0.000000000000000e+00 
5.445000000000000e+00 -1.590000000000004e-02 3.143402055258449e-02 1.469999999999993e-01 -5.714285714285713e-03 0.000000000000000e+00 3.143402055258449e-02 1.200000000000107e-03 -1.495882686820508e+00 9.999999999999995e-03 0.000000000000000e+00 0.000000000000000e+00 
5.450000000000000e+00 -1.592857142857146e-02 2.383198211848211e-02 1.467857142857135e-01 -5.714285714285713e-03 0.000000000000000e+00 2.383198211848211e-02 1.250000000000107e-03 -1.544932686820507e+00 9.999999999999995e-03 0.000000000000000e+00 0.000000000000000e+00 
5.455000000000000e+00 -1.595714285714289e-02 1.598469368437974e-02 1.465714285714278e-01 -5.714285714285713e-03 0.000000000000000e+00 1.598469368437974e-02 1.300000000000105e-03 -1.593982686820506e+00 9.999999999999995e-03 0.000000000000000e+00 0.000000000000000e+00 
5.460000000000000e+00 -1.598571428571431e-02 7.892155250277387e-03 1.463571428571421e-01 -5.714285714285713e-03 0.000000000000000e+00 7.892155250277387e-03 1.350000000000105e-03 -1.643032686820505e+00 9.999999999999995e-03 0.000000000000000e+00 0.000000000000000e+00 
5.465000000000000e+00 -1.601428571428574e-02 -4.456331838249561e-04 1.461428571428564e-01 -5.714285714285713e-03 0.000000000000000e+00 -4.456331838249561e-04 1.400000000000103e-03 -1.692082686820504e+00 9.999999999999995e-03 0.000000000000000e+00 0.000000000000000e+00 
5.470000000000000e+00 -1.602857142857145e-02 -8.686538555300735e-04 1.462857142857135e-01 -8.673617379884035e-19 5.714285714285712e-03 -8.686538555300735e-04 1.400000000000103e-03 1.522874418138453e+00 -9.999999999999995e-03 3.264007104958956e+00 -5.714285714285712e-03 
5.475000000000001e+00 -1.602857142857145e-02 6.623093235163345e-03 1.467857142857136e-01 -8.673617379884035e-19 0.000000000000000e+00 6.623093235163345e-03 1.350000000000094e-03 1.473824418138445e+00 -9.999999999999995e-03 0.000000000000000e+00 0.000000000000000e+00 
5.480000000000000e+00 -1.602857142857145e-02 1.386959032585542e-02 1.472857142857136e-01 -8.673617379884035e-19 0.000000000000000e+00 1.386959032585542e-02 1.300000000000093e-03 1.424774418138447e+00 -9.999999999999995e-03 0.000000000000000e+00 0.000000000000000e+00 
5.485000000000000e+00 -1.602857142857145e-02 2.087083741654751e-02 1.477857142857136e-01 -8.673617379884035e-19 0.000000000000000e+00 2.087083741654751e-02 1.250000000000093e-03 1.375724418138448e+00 -9.999999999999995e-03 0.000000000000000e+00 0.000000000000000e+00 
5.490000000000000e+00 -1.602857142857145e-02 2.762683450723960e-02 1.482857142857136e-01 -8.673617379884035e-19 0.000000000000000e+00 2.762683450723960e-02 1.200000000000093e-03 1.326674418138449e+00 -9.999999999999995e-03 0.000000000000000e+00 0.000000000000000e+00 
5.495000000000000e+00 -1.602857142857145e-02 3.413758159793171e-02 1.487857142857136e-01 -8.673617379884035e-19 0.000000000000000e+00 3.413758159793171e-02 1.150000000000094e-03 1.277624418138450e+00 -9.999999999999995e-03 0.000000000000000e+00 0.000000000000000e+00 
5.500000000000000e+00 -1.602857142857145e-02 4.040307868862383e-02 1.492857142857136e-01 -8.673617379884035e-19 0.000000000000000e+00 4.040307868862383e-02 1.100000000000094e-03 1.228574418138451e+00 -9.999999999999995e-03 0.000000000000000e+00 0.000000000000000e+00 
5.505000000000000e+00 -1.602857142857145e-02 4.642332577931595e-02 1.497857142857136e-01 -8.673617379884035e-19 0.000000000000000e+00 4.642332577931595e-02 1.050000000000093e-03 1.179524418138452e+00 -9.999999999999995e-03 0.000000000000000e+00 0.000000000000000e+00 
5.510000000000000e+00 -1.602857142857145e-02 5.219832287000809e-02 1.502857142857136e-01 -8.673617379884035e-19 0.000000000000000e+00 5.219832287000809e-02 1.000000000000093e-03 1.130474418138453e+00 -9.999999999999995e-03 0.000000000000000e+00 0.000000000000000e+00 
5.515000000000000e+00 -1.602857142857145e-02 5.772806996070024e-02 1.507857142857136e-01 -8.673617379884035e-19 0.000000000000000e+00 5.772806996070024e-02 9.500000000000931e-04 1.081424418138454e+00 -9.999999999999995e-03 0.000000000000000e+00 0.000000000000000e+00 
5.520000000000000e+00 -1.602857142857145e-02 6.301256705139333e-02 1.512857142857137e-01 -8.673617379884035e-19 0.000000000000000e+00 6.301256705139333e-02 9.000000000000848e-04 1.032374418138446e+00 -9.999999999999995e-03 0.000000000000000e+00 0.000000000000000e+00 
5.525000000000000e+00 -1.602857142857145e-02 6.805181414208546e-02 1.517857142857137e-01 -8.673617379884035e-19 0.000000000000000e+00 6.805181414208546e-02 8.500000000000851e-04 9.833244181384475e-01 -9.999999999999995e-03 0.000000000000000e+00 0.000000000000000e+00 
5.530000000000000e+00 -1.602857142857145e-02 7.284581123277760e-02 1.522857142857137e-01 -8.673617379884035e-19 0.000000000000000e+00 7.284581123277760e-02 8.000000000000854e-04 9.342744181384486e-01 -9.999999999999995e-03 0.000000000000000e+00 0.000000000000000e+00 
5.535000000000000e+00 -1.602857142857145e-02 7.739455832346975e-02 1.527857142857137e-01 -8.673617379884035e-19 0.000000000000000e+00 7.739455832346975e-02 7.500000000000839e-04 8.852244181384497e-01 -9.999999999999995e-03 0.000000000000000e+00 0.000000000000000e+00 
5.540000000000000e+00 -1.602857142857145e-02 8.169805541416192e-02 1.532857142857137e-01 -8.673617379884035e-19 0.000000000000000e+00 8.169805541416192e-02 7.000000000000842e-04 8.361744181384507e-01 -9.999999999999995e-03 0.000000000000000e+00 0.000000000000000e+00 
5.545000000000000e+00 -1.602857142857145e-02 8.575630250485408e-02 1.537857142857137e-01 -8.673617379884035e-19 0.000000000000000e+00 8.575630250485408e-02 6.500000000000845e-04 7.871244181384518e-01 -9.999999999999995e-03 0.000000000000000e+00 0.000000000000000e+00 
5.550000000000000e+00 -1.602857142857145e-02 8.956929959554626e-02 1.542857142857137e-01 -8.673617379884035e-19 0.000000000000000e+00 8.956929959554626e-02 6.000000000000848e-04 7.380744181384529e-01 -9.999999999999995e-03 0.000000000000000e+00 0.000000000000000e+00 
5.555000000000000e+00 -1.602857142857145e-02 9.313704668623844e-02 1.547857142857137e-01 -8.673617379884035e-19 0.000000000000000e+00 9.313704668623844e-02 5.500000000000851e-04 6.890244181384539e-01 -9.999999999999995e-03 0.000000000000000e+00 0.000000000000000e+00 
5.560000000000000e+00 -1.602857142857145e-02 9.645954377693121e-02 1.552857142857138e-01 -8.673617379884035e-19 0.000000000000000e+00 9.645954377693121e-02 5.000000000000768e-04 6.399744181384462e-01 -9.999999999999995e-03 0.000000000000000e+00 0.000000000000000e+00 
5.565000000000000e+00 -1.602857142857145e-02 9.953679086762338e-02 1.557857142857138e-01 -8.673617379884035e-19 0.000000000000000e+00 9.953679086762338e-02 4.500000000000753e-04 5.909244181384473e-01 -9.999999999999995e-03 0.000000000000000e+00 0.000000000000000e+00 
5.570000000000000e+00 -1.602857142857145e-02 1.023687879583156e-01 1.562857142857138e-01 -8.673617379884035e-19 0.000000000000000e+00 1.023687879583156e-01 4.000000000000774e-04 5.418744181384484e-01 -9.999999999999995e-03 0.000000000000000e+00 0.000000000000000e+00 
5.575000000000000e+00 -1.602857142857145e-02 1.049555350490077e-01 1.567857142857138e-01 -8.673617379884035e-19 0.000000000000000e+00 1.049555350490077e-01 3.500000000000759e-04 4.928244181384495e-01 -9.999999999999995e-03 0.000000000000000e+00 0.000000000000000e+00 
5.580000000000000e+00 -1.602857142857145e-02 1.072970321396999e-01 1.572857142857138e-01 -8.673617379884035e-19 0.000000000000000e+00 1.072970321396999e-01 3.000000000000745e-04 4.437744181384505e-01 -9.999999999999995e-03 0.000000000000000e+00 0.000000000000000e+00 
5.585000000000000e+00 -1.602857142857145e-02 1.093932792303922e-01 1.577857142857138e-01 -8.673617379884035e-19 0.000000000000000e+00 1.093932792303922e-01 2.500000000000765e-04 3.947244181384516e-01 -9.999999999999995e-03 0.000000000000000e+00 0.000000000000000e+00 
5.590000000000000e+00 -1.602857142857145e-02 1.112442763210844e-01 1.582857142857138e-01 -8.673617379884035e-19 0.000000000000000e+00 1.112442763210844e-01 2.000000000000751e-04 3.456744181384527e-01 -9.999999999999995e-03 0.000000000000000e+00 0.000000000000000e+00 
5.595000000000000e+00 -1.602857142857145e-02 1.128500234117766e-01 1.587857142857138e-01 -8.673617379884035e-19 0.000000000000000e+00 1.128500234117766e-01 1.500000000000772e-04 2.966244181384537e-01 -9.999999999999995e-03 0.000000000000000e+00 0.000000000000000e+00 
5.600000000000001e+00 -1.602857142857145e-02 1.142105205024691e-01 1.592857142857139e-01 -8.673617379884035e-19 0.000000000000000e+00 1.142105205024691e-01 1.000000000000688e-04 2.475744181384461e-01 -9.999999999999995e-03 0.000000000000000e+00 0.000000000000000e+00 
5.605000000000000e+00 -1.602857142857145e-02 1.153257675931613e-01 1.597857142857139e-01 -8.673617379884035e-19 0.000000000000000e+00 1.153257675931613e-01 5.000000000006735e-05 1.985244181384471e-01 -9.999999999999995e-03 0.000000000000000e+00 0.000000000000000e+00 
5.610000000000000e+00 -1.602857142857145e-02 1.161957646838535e-01 1.602857142857139e-01 -8.673617379884035e-19 0.000000000000000e+00 1.161957646838535e-01 6.591949208711867e-17 1.494744181384482e-01 -9.999999999999995e-03 0.000000000000000e+00 0.000000000000000e+00 
5.615000000000000e+00 -1.602857142857145e-02 1.168205117745457e-01 1.607857142857139e-01 -8.673617379884035e-19 0.000000000000000e+00 1.168205117745457e-01 -4.999999999993204e-05 1.004244181384492e-01 -9.999999999999995e-03 0.000000000000000e+00 0.000000000000000e+00 
5.620000000000000e+00 -1.602857142857145e-02 1.172000088652380e-01 1.612857142857139e-01 -8.673617379884035e-19 0.000000000000000e+00 1.172000088652380e-01 -9.999999999993348e-05 5.137441813845026e-02 -9.999999999999995e-03 0.000000000000000e+00 0.000000000000000e+00 
5.625000000000000e+00 -1.602857142857145e-02 1.173342559559302e-01 1.617857142857139e-01 -8.673617379884035e-19 0.000000000000000e+00 1.173342559559302e-01 -1.499999999999314e-04 2.324418138451301e-03 -9.999999999999995e-03 0.000000000000000e+00 0.000000000000000e+00 
5.630000000000000e+00 -1.602857142857145e-02 1.172232530466225e-01 1.622857142857139e-01 -8.673617379884035e-19 0.000000000000000e+00 1.172232530466225e-01 -1.999999999999329e-04 -4.672558186154765e-02 -9.999999999999995e-03 0.000000000000000e+00 0.000000000000000e+00 
5.635000000000000e+00 -1.602857142857145e-02 1.168670001373147e-01 1.627857142857139e-01 -8.673617379884035e-19 0.000000000000000e+00 1.168670001373147e-01 -2.499999999999343e-04 -9.577558186154661e-02 -9.999999999999995e-03 0.000000000000000e+00 0.000000000000000e+00 
5.640000000000000e+00 -1.602857142857145e-02 1.162654972280070e-01 1.632857142857139e-01 -8.673617379884035e-19 0.000000000000000e+00 1.162654972280070e-01 -2.999999999999323e-04 -1.448255818615456e-01 -9.999999999999995e-03 0.000000000000000e+00 0.000000000000000e+00 
5.645000000000000e+00 -1.602857142857145e-02 1.154187443186991e-01 1.637857142857140e-01 -8.673617379884035e-19 0.000000000000000e+00 1.154187443186991e-01 -3.499999999999406e-04 -1.938755818615532e-01 -9.999999999999995e-03 0.000000000000000e+00 0.000000000000000e+00 
5.650000000000000e+00 -1.602857142857145e-02 1.143267414093914e-01 1.642857142857140e-01 -8.673617379884035e-19 0.000000000000000e+00 1.143267414093914e-01 -3.999999999999421e-04 -2.429255818615522e-01 -9.999999999999995e-03 0.000000000000000e+00 0.000000000000000e+00 
5.655000000000000e+00 -1.602857142857145e-02 1.129894885000837e-01 1.647857142857140e-01 -8.673617379884035e-19 0.000000000000000e+00 1.129894885000837e-01 -4.499999999999400e-04 -2.919755818615511e-01 -9.999999999999995e-03 0.000000000000000e+00 0.000000000000000e+00 
5.660000000000000e+00 -1.602857142857145e-02 1.114069855907760e-01 1.652857142857140e-01 -8.673617379884035e-19 0.000000000000000e+00 1.114069855907760e-01 -4.999999999999415e-04 -3.410255818615501e-01 -9.999999999999995e-03 0.000000000000000e+00 0.000000000000000e+00 
5.665000000000000e+00 -1.602857142857145e-02 1.095792326814682e-01 1.657857142857140e-01 -8.673617379884035e-19 0.000000000000000e+00 1.095792326814682e-01 -5.499999999999429e-04 -3.900755818615490e-01 -9.999999999999995e-03 0.000000000000000e+00 0.000000000000000e+00 
5.670000000000000e+00 -1.602857142857145e-02 1.075062297721605e-01 1.662857142857140e-01 -8.673617379884035e-19 0.000000000000000e+00 1.075062297721605e-01 -5.999999999999409e-04 -4.391255818615479e-01 -9.999999999999995e-03 0.000000000000000e+00 0.000000000000000e+00 
5.675000000000000e+00 -1.602857142857145e-02 1.051879768628528e-01 1.667857142857140e-01 -8.673617379884035e-19 0.000000000000000e+00 1.051879768628528e-01 -6.499999999999423e-04 -4.881755818615469e-01 -9.999999999999995e-03 0.000000000000000e+00 0.000000000000000e+00 
5.680000000000000e+00 -1.602857142857145e-02 1.026244739535452e-01 1.672857142857140e-01 -8.673617379884035e-19 0.000000000000000e+00 1.026244739535452e-01 -6.999999999999403e-04 -5.372255818615458e-01 -9.999999999999995e-03 0.000000000000000e+00 0.000000000000000e+00 
5.685000000000000e+00 -1.602857142857145e-02 9.981572104423699e-02 1.677857142857140e-01 -8.673617379884035e-19 0.000000000000000e+00 9.981572104423699e-02 -7.499999999999486e-04 -5.862755818615535e-01 -9.999999999999995e-03 0.000000000000000e+00 0.000000000000000e+00 
5.690000000000000e+00 -1.602857142857145e-02 9.676171813492929e-02 1.682857142857140e-01 -8.673617379884035e-19 0.000000000000000e+00 9.676171813492929e-02 -7.999999999999501e-04 -6.353255818615524e-01 -9.999999999999995e-03 0.000000000000000e+00 0.000000000000000e+00 
5.695000000000000e+00 -1.602857142857145e-02 9.346246522562160e-02 1.687857142857140e-01 -8.673617379884035e-19 0.000000000000000e+00 9.346246522562160e-02 -8.499999999999515e-04 -6.843755818615513e-01 -9.999999999999995e-03 0.000000000000000e+00 0.000000000000000e+00 
5.700000000000000e+00 -1.602857142857145e-02 8.991796231631392e-02 1.692857142857140e-01 -8.673617379884035e-19 0.000000000000000e+00 8.991796231631392e-02 -8.999999999999495e-04 -7.334255818615503e-01 -9.999999999999995e-03 0.000000000000000e+00 0.000000000000000e+00 
5.705000000000000e+00 -1.602857142857145e-02 8.612820940700626e-02 1.697857142857140e-01 -8.673617379884035e-19 0.000000000000000e+00 8.612820940700626e-02 -9.499999999999509e-04 -7.824755818615492e-01 -9.999999999999995e-03 0.000000000000000e+00 0.000000000000000e+00 
5.710000000000000e+00 -1.602857142857145e-02 8.209320649769861e-02 1.702857142857140e-01 -8.673617379884035e-19 0.000000000000000e+00 8.209320649769861e-02 -9.999999999999488e-04 -8.315255818615481e-01 -9.999999999999995e-03 0.000000000000000e+00 0.000000000000000e+00 
5.715000000000000e+00 -1.602857142857145e-02 7.781295358839097e-02 1.707857142857140e-01 -8.673617379884035e-19 0.000000000000000e+00 7.781295358839097e-02 -1.049999999999950e-03 -8.805755818615471e-01 -9.999999999999995e-03 0.000000000000000e+00 0.000000000000000e+00 
5.720000000000000e+00 -1.602857142857145e-02 7.328745067908332e-02 1.712857142857140e-01 -8.673617379884035e-19 0.000000000000000e+00 7.328745067908332e-02 -1.099999999999952e-03 -9.296255818615460e-01 -9.999999999999995e-03 0.000000000000000e+00 0.000000000000000e+00 
5.725000000000001e+00 -1.602857142857145e-02 6.851669776977483e-02 1.717857142857141e-01 -8.673617379884035e-19 0.000000000000000e+00 6.851669776977483e-02 -1.149999999999960e-03 -9.786755818615537e-01 -9.999999999999995e-03 0.000000000000000e+00 0.000000000000000e+00 
5.730000000000000e+00 -1.602857142857145e-02 6.350069486046717e-02 1.722857142857141e-01 -8.673617379884035e-19 0.000000000000000e+00 6.350069486046717e-02 -1.199999999999958e-03 -1.027725581861553e+00 -9.999999999999995e-03 0.000000000000000e+00 0.000000000000000e+00 
5.735000000000000e+00 -1.602857142857145e-02 5.823944195115952e-02 1.727857142857141e-01 -8.673617379884035e-19 0.000000000000000e+00 5.823944195115952e-02 -1.249999999999959e-03 -1.076775581861552e+00 -9.999999999999995e-03 0.000000000000000e+00 0.000000000000000e+00 
5.740000000000000e+00 -1.602857142857145e-02 5.273293904185188e-02 1.732857142857141e-01 -8.673617379884035e-19 0.000000000000000e+00 5.273293904185188e-02 -1.299999999999957e-03 -1.125825581861551e+00 -9.999999999999995e-03 0.000000000000000e+00 0.000000000000000e+00 
5.745000000000000e+00 -1.602857142857145e-02 4.698118613254425e-02 1.737857142857141e-01 -8.673617379884035e-19 0.000000000000000e+00 4.698118613254425e-02 -1.349999999999959e-03 -1.174875581861550e+00 -9.999999999999995e-03 0.000000000000000e+00 0.000000000000000e+00 
5.750000000000000e+00 -1.602857142857145e-02 4.098418322323663e-02 1.742857142857141e-01 -8.673617379884035e-19 0.000000000000000e+00 4.098418322323663e-02 -1.399999999999960e-03 -1.223925581861548e+00 -9.999999999999995e-03 0.000000000000000e+00 0.000000000000000e+00 
5.755000000000000e+00 -1.602857142857145e-02 3.474193031392903e-02 1.747857142857141e-01 -8.673617379884035e-19 0.000000000000000e+00 3.474193031392903e-02 -1.449999999999958e-03 -1.272975581861547e+00 -9.999999999999995e-03 0.000000000000000e+00 0.000000000000000e+00 
5.760000000000000e+00 -1.602857142857145e-02 2.825442740462143e-02 1.752857142857141e-01 -8.673617379884035e-19 0.000000000000000e+00 2.825442740462143e-02 -1.499999999999960e-03 -1.322025581861546e+00 -9.999999999999995e-03 0.000000000000000e+00 0.000000000000000e+00 
5.765000000000000e+00 -1.602857142857145e-02 2.152167449531385e-02 1.757857142857141e-01 -8.673617379884035e-19 0.000000000000000e+00 2.152167449531385e-02 -1.549999999999958e-03 -1.371075581861545e+00 -9.999999999999995e-03 0.000000000000000e+00 0.000000000000000e+00 
5.770000000000000e+00 -1.602857142857145e-02 1.454367158600501e-02 1.762857142857142e-01 -8.673617379884035e-19 0.000000000000000e+00 1.454367158600501e-02 -1.599999999999966e-03 -1.420125581861553e+00 -9.999999999999995e-03 0.000000000000000e+00 0.000000000000000e+00 
5.775000000000000e+00 -1.602857142857145e-02 7.320418676697403e-03 1.767857142857142e-01 -8.673617379884035e-19 0.000000000000000e+00 7.320418676697403e-03 -1.649999999999967e-03 -1.469175581861552e+00 -9.999999999999995e-03 0.000000000000000e+00 0.000000000000000e+00 
5.780000000000000e+00 -1.602857142857145e-02 -1.480842326101930e-04 1.772857142857142e-01 -8.673617379884035e-19 0.000000000000000e+00 -1.480842326101930e-04 -1.699999999999969e-03 -1.518225581861551e+00 -9.999999999999995e-03 0.000000000000000e+00 0.000000000000000e+00 
5.785000000000000e+00 -1.604285714285717e-02 -5.276406280755731e-04 1.774285714285714e-01 -5.714285714285713e-03 -5.714285714285712e-03 -5.276406280755731e-04 -1.699999999999969e-03 1.366403023675395e+00 9.999999999999995e-03 2.933678605536945e+00 5.714285714285712e-03 
5.790000000000000e+00 -1.607142857142859e-02 6.181749490301263e-03 1.772142857142856e-01 -5.714285714285713e-03 0.000000000000000e+00 6.181749490301263e-03 -1.649999999999971e-03 1.317353023675397e+00 9.999999999999995e-03 0.000000000000000e+00 0.000000000000000e+00 
5.795000000000000e+00 -1.610000000000002e-02 1.264588960867811e-02 1.769999999999999e-01 -5.714285714285713e-03 0.000000000000000e+00 1.264588960867811e-02 -1.599999999999970e-03 1.268303023675398e+00 9.999999999999995e-03 0.000000000000000e+00 0.000000000000000e+00 
5.800000000000000e+00 -1.612857142857145e-02 1.886477972705497e-02 1.767857142857142e-01 -5.714285714285713e-03 0.000000000000000e+00 1.886477972705497e-02 -1.549999999999972e-03 1.219253023675399e+00 9.999999999999995e-03 0.000000000000000e+00 0.000000000000000e+00 
5.805000000000000e+00 -1.615714285714287e-02 2.483841984543184e-02 1.765714285714285e-01 -5.714285714285713e-03 0.000000000000000e+00 2.483841984543184e-02 -1.499999999999974e-03 1.170203023675400e+00 9.999999999999995e-03 0.000000000000000e+00 0.000000000000000e+00 
5.810000000000000e+00 -1.618571428571431e-02 3.056680996380971e-02 1.763571428571427e-01 -5.714285714285713e-03 0.000000000000000e+00 3.056680996380971e-02 -1.449999999999965e-03 1.121153023675392e+00 9.999999999999995e-03 0.000000000000000e+00 0.000000000000000e+00 
5.815000000000000e+00 -1.621428571428573e-02 3.604995008218656e-02 1.761428571428570e-01 -5.714285714285713e-03 0.000000000000000e+00 3.604995008218656e-02 -1.399999999999967e-03 1.072103023675393e+00 9.999999999999995e-03 0.000000000000000e+00 0.000000000000000e+00 
5.820000000000000e+00 -1.624285714285716e-02 4.128784020056342e-02 1.759285714285713e-01 -5.714285714285713e-03 0.000000000000000e+00 4.128784020056342e-02 -1.349999999999969e-03 1.023053023675394e+00 9.999999999999995e-03 0.000000000000000e+00 0.000000000000000e+00 
5.825000000000000e+00 -1.627142857142859e-02 4.628048031894029e-02 1.757142857142855e-01 -5.714285714285713e-03 0.000000000000000e+00 4.628048031894029e-02 -1.299999999999968e-03 9.740030236753954e-01 9.999999999999995e-03 0.000000000000000e+00 0.000000000000000e+00 
5.830000000000000e+00 -1.630000000000001e-02 5.102787043731717e-02 1.754999999999998e-01 -5.714285714285713e-03 0.000000000000000e+00 5.102787043731717e-02 -1.249999999999970e-03 9.249530236753964e-01 9.999999999999995e-03 0.000000000000000e+00 0.000000000000000e+00 
5.835000000000000e+00 -1.632857142857144e-02 5.553001055569406e-02 1.752857142857141e-01 -5.714285714285713e-03 0.000000000000000e+00 5.553001055569406e-02 -1.199999999999972e-03 8.759030236753975e-01 9.999999999999995e-03 0.000000000000000e+00 0.000000000000000e+00 
5.840000000000000e+00 -1.635714285714287e-02 5.978690067407096e-02 1.750714285714284e-01 -5.714285714285713e-03 0.000000000000000e+00 5.978690067407096e-02 -1.149999999999974e-03 8.268530236753986e-01 9.999999999999995e-03 0.000000000000000e+00 0.000000000000000e+00 
5.845000000000000e+00 -1.638571428571429e-02 6.379854079244787e-02 1.748571428571427e-01 -5.714285714285713e-03 0.000000000000000e+00 6.379854079244787e-02 -1.099999999999976e-03 7.778030236753997e-01 9.999999999999995e-03 0.000000000000000e+00 0.000000000000000e+00 
5.850000000000001e+00 -1.641428571428572e-02 6.756493091082544e-02 1.746428571428569e-01 -5.714285714285713e-03 0.000000000000000e+00 6.756493091082544e-02 -1.049999999999968e-03 7.287530236753920e-01 9.999999999999995e-03 0.000000000000000e+00 0.000000000000000e+00 
5.855000000000000e+00 -1.644285714285715e-02 7.108607102920232e-02 1.744285714285712e-01 -5.714285714285713e-03 0.000000000000000e+00 7.108607102920232e-02 -9.999999999999662e-04 6.797030236753930e-01 9.999999999999995e-03 0.000000000000000e+00 0.000000000000000e+00 
5.860000000000000e+00 -1.647142857142858e-02 7.436196114757922e-02 1.742142857142855e-01 -5.714285714285713e-03 0.000000000000000e+00 7.436196114757922e-02 -9.499999999999682e-04 6.306530236753941e-01 9.999999999999995e-03 0.000000000000000e+00 0.000000000000000e+00 
5.865000000000000e+00 -1.650000000000000e-02 7.739260126595612e-02 1.739999999999997e-01 -5.714285714285713e-03 0.000000000000000e+00 7.739260126595612e-02 -8.999999999999703e-04 5.816030236753952e-01 9.999999999999995e-03 0.000000000000000e+00 0.000000000000000e+00 
5.870000000000000e+00 -1.652857142857143e-02 8.017799138433304e-02 1.737857142857140e-01 -5.714285714285713e-03 0.000000000000000e+00 8.017799138433304e-02 -8.499999999999723e-04 5.325530236753963e-01 9.999999999999995e-03 0.000000000000000e+00 0.000000000000000e+00 
5.875000000000000e+00 -1.655714285714286e-02 8.271813150270997e-02 1.735714285714283e-01 -5.714285714285713e-03 0.000000000000000e+00 8.271813150270997e-02 -7.999999999999743e-04 4.835030236753973e-01 9.999999999999995e-03 0.000000000000000e+00 0.000000000000000e+00 
5.880000000000000e+00 -1.658571428571428e-02 8.501302162108691e-02 1.733571428571426e-01 -5.714285714285713e-03 0.000000000000000e+00 8.501302162108691e-02 -7.499999999999729e-04 4.344530236753984e-01 9.999999999999995e-03 0.000000000000000e+00 0.000000000000000e+00 
5.885000000000000e+00 -1.661428571428571e-02 8.706266173946386e-02 1.731428571428568e-01 -5.714285714285713e-03 0.000000000000000e+00 8.706266173946386e-02 -6.999999999999749e-04 3.854030236753995e-01 9.999999999999995e-03 0.000000000000000e+00 0.000000000000000e+00 
5.890000000000000e+00 -1.664285714285714e-02 8.886705185784083e-02 1.729285714285711e-01 -5.714285714285713e-03 0.000000000000000e+00 8.886705185784083e-02 -6.499999999999770e-04 3.363530236754005e-01 9.999999999999995e-03 0.000000000000000e+00 0.000000000000000e+00 
5.895000000000000e+00 -1.667142857142857e-02 9.042619197621805e-02 1.727142857142854e-01 -5.714285714285713e-03 0.000000000000000e+00 9.042619197621805e-02 -5.999999999999686e-04 2.873030236753928e-01 9.999999999999995e-03 0.000000000000000e+00 0.000000000000000e+00 
5.900000000000000e+00 -1.670000000000000e-02 9.174008209459500e-02 1.724999999999997e-01 -5.714285714285713e-03 0.000000000000000e+00 9.174008209459500e-02 -5.499999999999707e-04 2.382530236753939e-01 9.999999999999995e-03 0.000000000000000e+00 0.000000000000000e+00 
5.905000000000000e+00 -1.672857142857142e-02 9.280872221297194e-02 1.722857142857139e-01 -5.714285714285713e-03 0.000000000000000e+00 9.280872221297194e-02 -4.999999999999727e-04 1.892030236753949e-01 9.999999999999995e-03 0.000000000000000e+00 0.000000000000000e+00 
5.910000000000000e+00 -1.675714285714285e-02 9.363211233134890e-02 1.720714285714282e-01 -5.714285714285713e-03 0.000000000000000e+00 9.363211233134890e-02 -4.499999999999713e-04 1.401530236753960e-01 9.999999999999995e-03 0.000000000000000e+00 0.000000000000000e+00 
5.915000000000000e+00 -1.678571428571428e-02 9.421025244972586e-02 1.718571428571425e-01 -5.714285714285713e-03 0.000000000000000e+00 9.421025244972586e-02 -3.999999999999733e-04 9.110302367539702e-02 9.999999999999995e-03 0.000000000000000e+00 0.000000000000000e+00 
5.920000000000000e+00 -1.681428571428570e-02 9.454314256810284e-02 1.716428571428568e-01 -5.714285714285713e-03 0.000000000000000e+00 9.454314256810284e-02 -3.499999999999753e-04 4.205302367539807e-02 9.999999999999995e-03 0.000000000000000e+00 0.000000000000000e+00 
5.925000000000000e+00 -1.684285714285713e-02 9.463078268647983e-02 1.714285714285710e-01 -5.714285714285713e-03 0.000000000000000e+00 9.463078268647983e-02 -2.999999999999774e-04 -6.996976324600890e-03 9.999999999999995e-03 0.000000000000000e+00 0.000000000000000e+00 
5.930000000000000e+00 -1.687142857142855e-02 9.447317280485683e-02 1.712142857142853e-01 -5.714285714285713e-03 0.000000000000000e+00 9.447317280485683e-02 -2.499999999999794e-04 -5.604697632459985e-02 9.999999999999995e-03 0.000000000000000e+00 0.000000000000000e+00 
5.935000000000000e+00 -1.689999999999999e-02 9.407031292323374e-02 1.709999999999996e-01 -5.714285714285713e-03 0.000000000000000e+00 9.407031292323374e-02 -1.999999999999710e-04 -1.050969763246075e-01 9.999999999999995e-03 0.000000000000000e+00 0.000000000000000e+00 
5.940000000000000e+00 -1.692857142857141e-02 9.342220304161072e-02 1.707857142857138e-01 -5.714285714285713e-03 0.000000000000000e+00 9.342220304161072e-02 -1.499999999999696e-04 -1.541469763246065e-01 9.999999999999995e-03 0.000000000000000e+00 0.000000000000000e+00 
5.945000000000000e+00 -1.695714285714284e-02 9.252884315998772e-02 1.705714285714281e-01 -5.714285714285713e-03 0.000000000000000e+00 9.252884315998772e-02 -9.999999999997164e-05 -2.031969763246054e-01 9.999999999999995e-03 0.000000000000000e+00 0.000000000000000e+00 
5.950000000000000e+00 -1.698571428571427e-02 9.139023327836472e-02 1.703571428571424e-01 -5.714285714285713e-03 0.000000000000000e+00 9.139023327836472e-02 -4.999999999997368e-05 -2.522469763246044e-01 9.999999999999995e-03 0.000000000000000e+00 0.000000000000000e+00 
5.955000000000000e+00 -1.701428571428569e-02 9.000637339674174e-02 1.701428571428567e-01 -5.714285714285713e-03 0.000000000000000e+00 9.000637339674174e-02 2.428612866367530e-17 -3.012969763246033e-01 9.999999999999995e-03 0.000000000000000e+00 0.000000000000000e+00 
5.960000000000000e+00 -1.704285714285712e-02 8.837726351511876e-02 1.699285714285710e-01 -5.714285714285713e-03 0.000000000000000e+00 8.837726351511876e-02 5.000000000002225e-05 -3.503469763246022e-01 9.999999999999995e-03 0.000000000000000e+00 0.000000000000000e+00 
5.965000000000000e+00 -1.707142857142855e-02 8.650290363349579e-02 1.697142857142852e-01 -5.714285714285713e-03 0.000000000000000e+00 8.650290363349579e-02 1.000000000000237e-04 -3.993969763246011e-01 9.999999999999995e-03 0.000000000000000e+00 0.000000000000000e+00 
5.970000000000000e+00 -1.709999999999997e-02 8.438329375187283e-02 1.694999999999995e-01 -5.714285714285713e-03 0.000000000000000e+00 8.438329375187283e-02 1.500000000000216e-04 -4.484469763246001e-01 9.999999999999995e-03 0.000000000000000e+00 0.000000000000000e+00 
5.975000000000001e+00 -1.712857142857141e-02 8.201843387024943e-02 1.692857142857138e-01 -5.714285714285713e-03 0.000000000000000e+00 8.201843387024943e-02 2.000000000000300e-04 -4.974969763246078e-01 9.999999999999995e-03 0.000000000000000e+00 0.000000000000000e+00 
5.980000000000000e+00 -1.715714285714283e-02 7.940832398862645e-02 1.690714285714280e-01 -5.714285714285713e-03 0.000000000000000e+00 7.940832398862645e-02 2.500000000000280e-04 -5.465469763246067e-01 9.999999999999995e-03 0.000000000000000e+00 0.000000000000000e+00 
5.985000000000000e+00 -1.718571428571426e-02 7.655296410700348e-02 1.688571428571423e-01 -5.714285714285713e-03 0.000000000000000e+00 7.655296410700348e-02 3.000000000000259e-04 -5.955969763246056e-01 9.999999999999995e-03 0.000000000000000e+00 0.000000000000000e+00 
5.990000000000000e+00 -1.721428571428569e-02 7.345235422538052e-02 1.686428571428566e-01 -5.714285714285713e-03 0.000000000000000e+00 7.345235422538052e-02 3.500000000000239e-04 -6.446469763246045e-01 9.999999999999995e-03 0.000000000000000e+00 0.000000000000000e+00 
5.995000000000000e+00 -1.724285714285711e-02 7.010649434375757e-02 1.684285714285709e-01 -5.714285714285713e-03 0.000000000000000e+00 7.010649434375757e-02 4.000000000000253e-04 -6.936969763246035e-01 9.999999999999995e-03 0.000000000000000e+00 0.000000000000000e+00 
6.000000000000000e+00 -1.727142857142854e-02 6.651538446213463e-02 1.682142857142851e-01 -5.714285714285713e-03 0.000000000000000e+00 6.651538446213463e-02 4.500000000000233e-04 -7.427469763246024e-01 9.999999999999995e-03 0.000000000000000e+00 0.000000000000000e+00 
6.005000000000000e+00 -1.729999999999996e-02 6.267902458051171e-02 1.679999999999994e-01 -5.714285714285713e-03 0.000000000000000e+00 6.267902458051171e-02 5.000000000000213e-04 -7.917969763246013e-01 9.999999999999995e-03 0.000000000000000e+00 0.000000000000000e+00 
6.010000000000000e+00 -1.732857142857139e-02 5.859741469888879e-02 1.677857142857137e-01 -5.714285714285713e-03 0.000000000000000e+00 5.859741469888879e-02 5.500000000000192e-04 -8.408469763246003e-01 9.999999999999995e-03 0.000000000000000e+00 0.000000000000000e+00 
6.015000000000001e+00 -1.735714285714282e-02 5.427055481726510e-02 1.675714285714280e-01 -5.714285714285713e-03 0.000000000000000e+00 5.427055481726510e-02 6.000000000000276e-04 -8.898969763246080e-01 9.999999999999995e-03 0.000000000000000e+00 0.000000000000000e+00 
6.020000000000000e+00 -1.738571428571425e-02 4.969844493564216e-02 1.673571428571422e-01 -5.714285714285713e-03 0.000000000000000e+00 4.969844493564216e-02 6.500000000000256e-04 -9.389469763246069e-01 9.999999999999995e-03 0.000000000000000e+00 0.000000000000000e+00 
6.025000000000000e+00 -1.741428571428568e-02 4.488108505401923e-02 1.671428571428565e-01 -5.714285714285713e-03 0.000000000000000e+00 4.488108505401923e-02 7.000000000000270e-04 -9.879969763246058e-01 9.999999999999995e-03 0.000000000000000e+00 0.000000000000000e+00 
6.030000000000000e+00 -1.744285714285710e-02 3.981847517239632e-02 1.669285714285708e-01 -5.714285714285713e-03 0.000000000000000e+00 3.981847517239632e-02 7.500000000000250e-04 -1.037046976324605e+00 9.999999999999995e-03 0.000000000000000e+00 0.000000000000000e+00 
6.035000000000000e+00 -1.747142857142853e-02 3.451061529077341e-02 1.667142857142851e-01 -5.714285714285713e-03 0.000000000000000e+00 3.451061529077341e-02 8.000000000000229e-04 -1.086096976324604e+00 9.999999999999995e-03 0.000000000000000e+00 0.000000000000000e+00 
6.040000000000000e+00 -1.749999999999996e-02 2.895750540915051e-02 1.664999999999993e-01 -5.714285714285713e-03 0.000000000000000e+00 2.895750540915051e-02 8.500000000000209e-04 -1.135146976324603e+00 9.999999999999995e-03 0.000000000000000e+00 0.000000000000000e+00 
6.045000000000000e+00 -1.752857142857138e-02 2.315914552752762e-02 1.662857142857136e-01 -5.714285714285713e-03 0.000000000000000e+00 2.315914552752762e-02 9.000000000000188e-04 -1.184196976324602e+00 9.999999999999995e-03 0.000000000000000e+00 0.000000000000000e+00 
6.050000000000000e+00 -1.755714285714281e-02 1.711553564590475e-02 1.660714285714279e-01 -5.714285714285713e-03 0.000000000000000e+00 1.711553564590475e-02 9.500000000000203e-04 -1.233246976324601e+00 9.999999999999995e-03 0.000000000000000e+00 0.000000000000000e+00 
6.055000000000000e+00 -1.758571428571424e-02 1.082667576428188e-02 1.658571428571422e-01 -5.714285714285713e-03 0.000000000000000e+00 1.082667576428188e-02 1.000000000000018e-03 -1.282296976324599e+00 9.999999999999995e-03 0.000000000000000e+00 0.000000000000000e+00 
6.060000000000000e+00 -1.761428571428567e-02 4.292565882657844e-03 1.656428571428564e-01 -5.714285714285713e-03 0.000000000000000e+00 4.292565882657844e-03 1.050000000000027e-03 -1.331346976324607e+00 9.999999999999995e-03 0.000000000000000e+00 0.000000000000000e+00 
6.065000000000000e+00 -1.764285714285710e-02 -2.486793998965044e-03 1.654285714285707e-01 -5.714285714285713e-03 0.000000000000000e+00 -2.486793998965044e-03 1.100000000000025e-03 -1.380396976324606e+00 9.999999999999995e-03 0.000000000000000e+00 0.000000000000000e+00 
6.070000000000000e+00 -1.765714285714281e-02 -2.831893243046188e-03 1.655714285714278e-01 -8.673617379884035e-19 5.714285714285712e-03 -2.831893243046188e-03 1.100000000000025e-03 1.242357278692145e+00 -9.999999999999995e-03 2.671804255016750e+00 -5.714285714285712e-03 
6.075000000000000e+00 -1.765714285714281e-02 3.257268150414412e-03 1.660714285714278e-01 -8.673617379884035e-19 0.000000000000000e+00 3.257268150414412e-03 1.050000000000023e-03 1.193307278692146e+00 -9.999999999999995e-03 0.000000000000000e+00 0.000000000000000e+00 
6.080000000000000e+00 -1.765714285714281e-02 9.101179543875022e-03 1.665714285714278e-01 -8.673617379884035e-19 0.000000000000000e+00 9.101179543875022e-03 1.000000000000025e-03 1.144257278692147e+00 -9.999999999999995e-03 0.000000000000000e+00 0.000000000000000e+00 
6.085000000000000e+00 -1.765714285714281e-02 1.469984093733564e-02 1.670714285714278e-01 -8.673617379884035e-19 0.000000000000000e+00 1.469984093733564e-02 9.500000000000237e-04 1.095207278692149e+00 -9.999999999999995e-03 0.000000000000000e+00 0.000000000000000e+00 
6.090000000000000e+00 -1.765714285714281e-02 2.005325233079627e-02 1.675714285714278e-01 -8.673617379884035e-19 0.000000000000000e+00 2.005325233079627e-02 9.000000000000223e-04 1.046157278692150e+00 -9.999999999999995e-03 0.000000000000000e+00 0.000000000000000e+00 
6.095000000000000e+00 -1.765714285714281e-02 2.516141372425692e-02 1.680714285714278e-01 -8.673617379884035e-19 0.000000000000000e+00 2.516141372425692e-02 8.500000000000243e-04 9.971072786921507e-01 -9.999999999999995e-03 0.000000000000000e+00 0.000000000000000e+00 
6.100000000000001e+00 -1.765714285714281e-02 3.002432511771841e-02 1.685714285714279e-01 -8.673617379884035e-19 0.000000000000000e+00 3.002432511771841e-02 8.000000000000160e-04 9.480572786921430e-01 -9.999999999999995e-03 0.000000000000000e+00 0.000000000000000e+00 
6.105000000000000e+00 -1.765714285714281e-02 3.464198651117903e-02 1.690714285714279e-01 -8.673617379884035e-19 0.000000000000000e+00 3.464198651117903e-02 7.500000000000145e-04 8.990072786921440e-01 -9.999999999999995e-03 0.000000000000000e+00 0.000000000000000e+00 
6.110000000000000e+00 -1.765714285714281e-02 3.901439790463966e-02 1.695714285714279e-01 -8.673617379884035e-19 0.000000000000000e+00 3.901439790463966e-02 7.000000000000166e-04 8.499572786921451e-01 -9.999999999999995e-03 0.000000000000000e+00 0.000000000000000e+00 
6.115000000000000e+00 -1.765714285714281e-02 4.314155929810030e-02 1.700714285714279e-01 -8.673617379884035e-19 0.000000000000000e+00 4.314155929810030e-02 6.500000000000151e-04 8.009072786921462e-01 -9.999999999999995e-03 0.000000000000000e+00 0.000000000000000e+00 
6.120000000000000e+00 -1.765714285714281e-02 4.702347069156095e-02 1.705714285714279e-01 -8.673617379884035e-19 0.000000000000000e+00 4.702347069156095e-02 6.000000000000137e-04 7.518572786921472e-01 -9.999999999999995e-03 0.000000000000000e+00 0.000000000000000e+00 
6.125000000000000e+00 -1.765714285714281e-02 5.066013208502161e-02 1.710714285714279e-01 -8.673617379884035e-19 0.000000000000000e+00 5.066013208502161e-02 5.500000000000158e-04 7.028072786921483e-01 -9.999999999999995e-03 0.000000000000000e+00 0.000000000000000e+00 
6.130000000000000e+00 -1.765714285714281e-02 5.405154347848228e-02 1.715714285714279e-01 -8.673617379884035e-19 0.000000000000000e+00 5.405154347848228e-02 5.000000000000143e-04 6.537572786921494e-01 -9.999999999999995e-03 0.000000000000000e+00 0.000000000000000e+00 
6.135000000000000e+00 -1.765714285714281e-02 5.719770487194296e-02 1.720714285714279e-01 -8.673617379884035e-19 0.000000000000000e+00 5.719770487194296e-02 4.500000000000164e-04 6.047072786921505e-01 -9.999999999999995e-03 0.000000000000000e+00 0.000000000000000e+00 
6.140000000000001e+00 -1.765714285714281e-02 6.009861626540415e-02 1.725714285714280e-01 -8.673617379884035e-19 0.000000000000000e+00 6.009861626540415e-02 4.000000000000080e-04 5.556572786921428e-01 -9.999999999999995e-03 0.000000000000000e+00 0.000000000000000e+00 
6.145000000000000e+00 -1.765714285714281e-02 6.275427765886481e-02 1.730714285714280e-01 -8.673617379884035e-19 0.000000000000000e+00 6.275427765886481e-02 3.500000000000066e-04 5.066072786921438e-01 -9.999999999999995e-03 0.000000000000000e+00 0.000000000000000e+00 
6.150000000000000e+00 -1.765714285714281e-02 6.516468905232548e-02 1.735714285714280e-01 -8.673617379884035e-19 0.000000000000000e+00 6.516468905232548e-02 3.000000000000051e-04 4.575572786921449e-01 -9.999999999999995e-03 0.000000000000000e+00 0.000000000000000e+00 
6.155000000000000e+00 -1.765714285714281e-02 6.732985044578615e-02 1.740714285714280e-01 -8.673617379884035e-19 0.000000000000000e+00 6.732985044578615e-02 2.500000000000072e-04 4.085072786921460e-01 -9.999999999999995e-03 0.000000000000000e+00 0.000000000000000e+00 
6.160000000000000e+00 -1.765714285714281e-02 6.924976183924685e-02 1.745714285714280e-01 -8.673617379884035e-19 0.000000000000000e+00 6.924976183924685e-02 2.000000000000057e-04 3.594572786921471e-01 -9.999999999999995e-03 0.000000000000000e+00 0.000000000000000e+00 
6.165000000000000e+00 -1.765714285714281e-02 7.092442323270755e-02 1.750714285714280e-01 -8.673617379884035e-19 0.000000000000000e+00 7.092442323270755e-02 1.500000000000078e-04 3.104072786921481e-01 -9.999999999999995e-03 0.000000000000000e+00 0.000000000000000e+00 
6.170000000000000e+00 -1.765714285714281e-02 7.235383462616826e-02 1.755714285714280e-01 -8.673617379884035e-19 0.000000000000000e+00 7.235383462616826e-02 1.000000000000063e-04 2.613572786921492e-01 -9.999999999999995e-03 0.000000000000000e+00 0.000000000000000e+00 
6.175000000000000e+00 -1.765714285714281e-02 7.353799601962899e-02 1.760714285714280e-01 -8.673617379884035e-19 0.000000000000000e+00 7.353799601962899e-02 5.000000000000490e-05 2.123072786921502e-01 -9.999999999999995e-03 0.000000000000000e+00 0.000000000000000e+00 
6.180000000000000e+00 -1.765714285714281e-02 7.447690741308972e-02 1.765714285714280e-01 -8.673617379884035e-19 0.000000000000000e+00 7.447690741308972e-02 6.938893903907228e-18 1.632572786921513e-01 -9.999999999999995e-03 0.000000000000000e+00 0.000000000000000e+00 
6.185000000000000e+00 -1.765714285714281e-02 7.517056880655057e-02 1.770714285714281e-01 -8.673617379884035e-19 0.000000000000000e+00 7.517056880655057e-02 -5.000000000000143e-05 1.142072786921436e-01 -9.999999999999995e-03 0.000000000000000e+00 0.000000000000000e+00 
6.190000000000000e+00 -1.765714285714281e-02 7.561898020001127e-02 1.775714285714281e-01 -8.673617379884035e-19 0.000000000000000e+00 7.561898020001127e-02 -1.000000000000029e-04 6.515727869214466e-02 -9.999999999999995e-03 0.000000000000000e+00 0.000000000000000e+00 
6.195000000000000e+00 -1.765714285714281e-02 7.582214159347199e-02 1.780714285714281e-01 -8.673617379884035e-19 0.000000000000000e+00 7.582214159347199e-02 -1.500000000000008e-04 1.610727869214570e-02 -9.999999999999995e-03 0.000000000000000e+00 0.000000000000000e+00 
6.200000000000000e+00 -1.765714285714281e-02 7.578005298693272e-02 1.785714285714281e-01 -8.673617379884035e-19 0.000000000000000e+00 7.578005298693272e-02 -2.000000000000023e-04 -3.294272130785325e-02 -9.999999999999995e-03 0.000000000000000e+00 0.000000000000000e+00 
6.205000000000000e+00 -1.765714285714281e-02 7.549271438039346e-02 1.790714285714281e-01 -8.673617379884035e-19 0.000000000000000e+00 7.549271438039346e-02 -2.500000000000037e-04 -8.199272130785221e-02 -9.999999999999995e-03 0.000000000000000e+00 0.000000000000000e+00 
6.210000000000000e+00 -1.765714285714281e-02 7.496012577385421e-02 1.795714285714281e-01 -8.673617379884035e-19 0.000000000000000e+00 7.496012577385421e-02 -3.000000000000017e-04 -1.310427213078512e-01 -9.999999999999995e-03 0.000000000000000e+00 0.000000000000000e+00 
6.215000000000000e+00 -1.765714285714281e-02 7.418228716731497e-02 1.800714285714281e-01 -8.673617379884035e-19 0.000000000000000e+00 7.418228716731497e-02 -3.500000000000031e-04 -1.800927213078501e-01 -9.999999999999995e-03 0.000000000000000e+00 0.000000000000000e+00 
6.220000000000000e+00 -1.765714285714281e-02 7.315919856077574e-02 1.805714285714281e-01 -8.673617379884035e-19 0.000000000000000e+00 7.315919856077574e-02 -4.000000000000010e-04 -2.291427213078491e-01 -9.999999999999995e-03 0.000000000000000e+00 0.000000000000000e+00 
6.225000000000001e+00 -1.765714285714281e-02 7.189085995423627e-02 1.810714285714282e-01 -8.673617379884035e-19 0.000000000000000e+00 7.189085995423627e-02 -4.500000000000094e-04 -2.781927213078568e-01 -9.999999999999995e-03 0.000000000000000e+00 0.000000000000000e+00 
6.230000000000000e+00 -1.765714285714281e-02 7.037727134769703e-02 1.815714285714282e-01 -8.673617379884035e-19 0.000000000000000e+00 7.037727134769703e-02 -5.000000000000109e-04 -3.272427213078557e-01 -9.999999999999995e-03 0.000000000000000e+00 0.000000000000000e+00 
6.235000000000000e+00 -1.765714285714281e-02 6.861843274115779e-02 1.820714285714282e-01 -8.673617379884035e-19 0.000000000000000e+00 6.861843274115779e-02 -5.500000000000123e-04 -3.762927213078546e-01 -9.999999999999995e-03 0.000000000000000e+00 0.000000000000000e+00 
6.240000000000000e+00 -1.765714285714281e-02 6.661434413461857e-02 1.825714285714282e-01 -8.673617379884035e-19 0.000000000000000e+00 6.661434413461857e-02 -6.000000000000102e-04 -4.253427213078536e-01 -9.999999999999995e-03 0.000000000000000e+00 0.000000000000000e+00 
6.245000000000000e+00 -1.765714285714281e-02 6.436500552807936e-02 1.830714285714282e-01 -8.673617379884035e-19 0.000000000000000e+00 6.436500552807936e-02 -6.500000000000117e-04 -4.743927213078525e-01 -9.999999999999995e-03 0.000000000000000e+00 0.000000000000000e+00 
6.250000000000000e+00 -1.765714285714281e-02 6.187041692154015e-02 1.835714285714282e-01 -8.673617379884035e-19 0.000000000000000e+00 6.187041692154015e-02 -7.000000000000096e-04 -5.234427213078514e-01 -9.999999999999995e-03 0.000000000000000e+00 0.000000000000000e+00 
6.255000000000000e+00 -1.765714285714281e-02 5.913057831500096e-02 1.840714285714282e-01 -8.673617379884035e-19 0.000000000000000e+00 5.913057831500096e-02 -7.500000000000111e-04 -5.724927213078503e-01 -9.999999999999995e-03 0.000000000000000e+00 0.000000000000000e+00 
6.260000000000000e+00 -1.765714285714281e-02 5.614548970846178e-02 1.845714285714282e-01 -8.673617379884035e-19 0.000000000000000e+00 5.614548970846178e-02 -8.000000000000125e-04 -6.215427213078493e-01 -9.999999999999995e-03 0.000000000000000e+00 0.000000000000000e+00 
6.265000000000001e+00 -1.765714285714281e-02 5.291515110192201e-02 1.850714285714283e-01 -8.673617379884035e-19 0.000000000000000e+00 5.291515110192201e-02 -8.500000000000209e-04 -6.705927213078570e-01 -9.999999999999995e-03 0.000000000000000e+00 0.000000000000000e+00 
6.270000000000000e+00 -1.765714285714281e-02 4.943956249538280e-02 1.855714285714283e-01 -8.673617379884035e-19 0.000000000000000e+00 4.943956249538280e-02 -9.000000000000188e-04 -7.196427213078559e-01 -9.999999999999995e-03 0.000000000000000e+00 0.000000000000000e+00 
6.275000000000000e+00 -1.765714285714281e-02 4.571872388884360e-02 1.860714285714283e-01 -8.673617379884035e-19 0.000000000000000e+00 4.571872388884360e-02 -9.500000000000203e-04 -7.686927213078548e-01 -9.999999999999995e-03 0.000000000000000e+00 0.000000000000000e+00 
6.280000000000000e+00 -1.765714285714281e-02 4.175263528230441e-02 1.865714285714283e-01 -8.673617379884035e-19 0.000000000000000e+00 4.175263528230441e-02 -1.000000000000018e-03 -8.177427213078537e-01 -9.999999999999995e-03 0.000000000000000e+00 0.000000000000000e+00 
6.285000000000000e+00 -1.765714285714281e-02 3.754129667576524e-02 1.870714285714283e-01 -8.673617379884035e-19 0.000000000000000e+00 3.754129667576524e-02 -1.050000000000020e-03 -8.667927213078527e-01 -9.999999999999995e-03 0.000000000000000e+00 0.000000000000000e+00 
6.290000000000000e+00 -1.765714285714281e-02 3.308470806922607e-02 1.875714285714283e-01 -8.673617379884035e-19 0.000000000000000e+00 3.308470806922607e-02 -1.100000000000021e-03 -9.158427213078516e-01 -9.999999999999995e-03 0.000000000000000e+00 0.000000000000000e+00 
6.295000000000000e+00 -1.765714285714281e-02 2.838286946268692e-02 1.880714285714283e-01 -8.673617379884035e-19 0.000000000000000e+00 2.838286946268692e-02 -1.150000000000019e-03 -9.648927213078505e-01 -9.999999999999995e-03 0.000000000000000e+00 0.000000000000000e+00 
6.300000000000000e+00 -1.765714285714281e-02 2.343578085614777e-02 1.885714285714283e-01 -8.673617379884035e-19 0.000000000000000e+00 2.343578085614777e-02 -1.200000000000020e-03 -1.013942721307850e+00 -9.999999999999995e-03 0.000000000000000e+00 0.000000000000000e+00 
6.305000000000000e+00 -1.765714285714281e-02 1.824344224960864e-02 1.890714285714283e-01 -8.673617379884035e-19 0.000000000000000e+00 1.824344224960864e-02 -1.250000000000022e-03 -1.062992721307848e+00 -9.999999999999995e-03 0.000000000000000e+00 0.000000000000000e+00 
6.310000000000000e+00 -1.765714285714281e-02 1.280585364306853e-02 1.895714285714284e-01 -8.673617379884035e-19 0.000000000000000e+00 1.280585364306853e-02 -1.300000000000030e-03 -1.112042721307856e+00 -9.999999999999995e-03 0.000000000000000e+00 0.000000000000000e+00 
6.315000000000000e+00 -1.765714285714281e-02 7.123015036529370e-03 1.900714285714284e-01 -8.673617379884035e-19 0.000000000000000e+00 7.123015036529370e-03 -1.350000000000028e-03 -1.161092721307855e+00 -9.999999999999995e-03 0.000000000000000e+00 0.000000000000000e+00 
6.320000000000000e+00 -1.765714285714281e-02 1.194926429990223e-03 1.905714285714284e-01 -8.673617379884035e-19 0.000000000000000e+00 1.194926429990223e-03 -1.400000000000030e-03 -1.210142721307854e+00 -9.999999999999995e-03 0.000000000000000e+00 0.000000000000000e+00 
6.325000000000000e+00 -1.767142857142852e-02 8.923907496632649e-04 1.907142857142855e-01 -5.714285714285713e-03 -5.714285714285712e-03 8.923907496632649e-04 -1.400000000000030e-03 1.089128449177068e+00 9.999999999999995e-03 2.348321170484921e+00 5.714285714285712e-03 
6.330000000000000e+00 -1.769999999999995e-02 6.215407995548495e-03 1.904999999999998e-01 -5.714285714285713e-03 0.000000000000000e+00 6.215407995548495e-03 -1.350000000000032e-03 1.040078449177069e+00 9.999999999999995e-03 0.000000000000000e+00 0.000000000000000e+00 
6.335000000000000e+00 -1.772857142857137e-02 1.129317524143374e-02 1.902857142857141e-01 -5.714285714285713e-03 0.000000000000000e+00 1.129317524143374e-02 -1.300000000000034e-03 9.910284491770704e-01 9.999999999999995e-03 0.000000000000000e+00 0.000000000000000e+00 
6.340000000000000e+00 -1.775714285714280e-02 1.612569248731899e-02 1.900714285714283e-01 -5.714285714285713e-03 0.000000000000000e+00 1.612569248731899e-02 -1.250000000000032e-03 9.419784491770715e-01 9.999999999999995e-03 0.000000000000000e+00 0.000000000000000e+00 
6.345000000000000e+00 -1.778571428571423e-02 2.071295973320425e-02 1.898571428571426e-01 -5.714285714285713e-03 0.000000000000000e+00 2.071295973320425e-02 -1.200000000000034e-03 8.929284491770726e-01 9.999999999999995e-03 0.000000000000000e+00 0.000000000000000e+00 
6.350000000000001e+00 -1.781428571428566e-02 2.505497697909027e-02 1.896428571428569e-01 -5.714285714285713e-03 0.000000000000000e+00 2.505497697909027e-02 -1.150000000000026e-03 8.438784491770649e-01 9.999999999999995e-03 0.000000000000000e+00 0.000000000000000e+00 
6.355000000000000e+00 -1.784285714285709e-02 2.915174422497551e-02 1.894285714285711e-01 -5.714285714285713e-03 0.000000000000000e+00 2.915174422497551e-02 -1.100000000000028e-03 7.948284491770660e-01 9.999999999999995e-03 0.000000000000000e+00 0.000000000000000e+00 
6.360000000000000e+00 -1.787142857142851e-02 3.300326147086077e-02 1.892142857142854e-01 -5.714285714285713e-03 0.000000000000000e+00 3.300326147086077e-02 -1.050000000000030e-03 7.457784491770670e-01 9.999999999999995e-03 0.000000000000000e+00 0.000000000000000e+00 
6.365000000000000e+00 -1.789999999999994e-02 3.660952871674603e-02 1.889999999999997e-01 -5.714285714285713e-03 0.000000000000000e+00 3.660952871674603e-02 -1.000000000000032e-03 6.967284491770681e-01 9.999999999999995e-03 0.000000000000000e+00 0.000000000000000e+00 
6.370000000000000e+00 -1.792857142857137e-02 3.997054596263130e-02 1.887857142857140e-01 -5.714285714285713e-03 0.000000000000000e+00 3.997054596263130e-02 -9.500000000000307e-04 6.476784491770692e-01 9.999999999999995e-03 0.000000000000000e+00 0.000000000000000e+00 
6.375000000000000e+00 -1.795714285714279e-02 4.308631320851658e-02 1.885714285714283e-01 -5.714285714285713e-03 0.000000000000000e+00 4.308631320851658e-02 -9.000000000000327e-04 5.986284491770703e-01 9.999999999999995e-03 0.000000000000000e+00 0.000000000000000e+00 
6.380000000000000e+00 -1.798571428571422e-02 4.595683045440187e-02 1.883571428571425e-01 -5.714285714285713e-03 0.000000000000000e+00 4.595683045440187e-02 -8.500000000000348e-04 5.495784491770713e-01 9.999999999999995e-03 0.000000000000000e+00 0.000000000000000e+00 
6.385000000000000e+00 -1.801428571428565e-02 4.858209770028718e-02 1.881428571428568e-01 -5.714285714285713e-03 0.000000000000000e+00 4.858209770028718e-02 -8.000000000000368e-04 5.005284491770724e-01 9.999999999999995e-03 0.000000000000000e+00 0.000000000000000e+00 
6.390000000000001e+00 -1.804285714285708e-02 5.096211494617289e-02 1.879285714285711e-01 -5.714285714285713e-03 0.000000000000000e+00 5.096211494617289e-02 -7.500000000000284e-04 4.514784491770647e-01 9.999999999999995e-03 0.000000000000000e+00 0.000000000000000e+00 
6.395000000000000e+00 -1.807142857142851e-02 5.309688219205817e-02 1.877142857142853e-01 -5.714285714285713e-03 0.000000000000000e+00 5.309688219205817e-02 -7.000000000000305e-04 4.024284491770658e-01 9.999999999999995e-03 0.000000000000000e+00 0.000000000000000e+00 
6.400000000000000e+00 -1.809999999999993e-02 5.498639943794346e-02 1.874999999999996e-01 -5.714285714285713e-03 0.000000000000000e+00 5.498639943794346e-02 -6.500000000000290e-04 3.533784491770668e-01 9.999999999999995e-03 0.000000000000000e+00 0.000000000000000e+00 
6.405000000000000e+00 -1.812857142857136e-02 5.663066668382877e-02 1.872857142857139e-01 -5.714285714285713e-03 0.000000000000000e+00 5.663066668382877e-02 -6.000000000000311e-04 3.043284491770679e-01 9.999999999999995e-03 0.000000000000000e+00 0.000000000000000e+00 
6.410000000000000e+00 -1.815714285714278e-02 5.802968392971408e-02 1.870714285714282e-01 -5.714285714285713e-03 0.000000000000000e+00 5.802968392971408e-02 -5.500000000000331e-04 2.552784491770690e-01 9.999999999999995e-03 0.000000000000000e+00 0.000000000000000e+00 
6.415000000000000e+00 -1.818571428571421e-02 5.918345117559941e-02 1.868571428571424e-01 -5.714285714285713e-03 0.000000000000000e+00 5.918345117559941e-02 -5.000000000000351e-04 2.062284491770700e-01 9.999999999999995e-03 0.000000000000000e+00 0.000000000000000e+00 
6.420000000000000e+00 -1.821428571428564e-02 6.009196842148474e-02 1.866428571428567e-01 -5.714285714285713e-03 0.000000000000000e+00 6.009196842148474e-02 -4.500000000000337e-04 1.571784491770711e-01 9.999999999999995e-03 0.000000000000000e+00 0.000000000000000e+00 
6.425000000000000e+00 -1.824285714285706e-02 6.075523566737008e-02 1.864285714285710e-01 -5.714285714285713e-03 0.000000000000000e+00 6.075523566737008e-02 -4.000000000000357e-04 1.081284491770721e-01 9.999999999999995e-03 0.000000000000000e+00 0.000000000000000e+00 
6.430000000000000e+00 -1.827142857142849e-02 6.117325291325543e-02 1.862142857142853e-01 -5.714285714285713e-03 0.000000000000000e+00 6.117325291325543e-02 -3.500000000000378e-04 5.907844917707317e-02 9.999999999999995e-03 0.000000000000000e+00 0.000000000000000e+00 
6.435000000000000e+00 -1.829999999999992e-02 6.134602015914081e-02 1.859999999999995e-01 -5.714285714285713e-03 0.000000000000000e+00 6.134602015914081e-02 -3.000000000000294e-04 1.002844917706550e-02 9.999999999999995e-03 0.000000000000000e+00 0.000000000000000e+00 
6.440000000000000e+00 -1.832857142857135e-02 6.127353740502614e-02 1.857857142857138e-01 -5.714285714285713e-03 0.000000000000000e+00 6.127353740502614e-02 -2.500000000000314e-04 -3.902155082293346e-02 9.999999999999995e-03 0.000000000000000e+00 0.000000000000000e+00 
6.445000000000000e+00 -1.835714285714278e-02 6.095580465091148e-02 1.855714285714281e-01 -5.714285714285713e-03 0.000000000000000e+00 6.095580465091148e-02 -2.000000000000335e-04 -8.807155082293242e-02 9.999999999999995e-03 0.000000000000000e+00 0.000000000000000e+00 
6.450000000000000e+00 -1.838571428571420e-02 6.039282189679683e-02 1.853571428571424e-01 -5.714285714285713e-03 0.000000000000000e+00 6.039282189679683e-02 -1.500000000000321e-04 -1.371215508229314e-01 9.999999999999995e-03 0.000000000000000e+00 0.000000000000000e+00 
6.455000000000000e+00 -1.841428571428563e-02 5.958458914268219e-02 1.851428571428566e-01 -5.714285714285713e-03 0.000000000000000e+00 5.958458914268219e-02 -1.000000000000341e-04 -1.861715508229303e-01 9.999999999999995e-03 0.000000000000000e+00 0.000000000000000e+00 
6.460000000000000e+00 -1.844285714285706e-02 5.853110638856757e-02 1.849285714285709e-01 -5.714285714285713e-03 0.000000000000000e+00 5.853110638856757e-02 -5.000000000003613e-05 -2.352215508229293e-01 9.999999999999995e-03 0.000000000000000e+00 0.000000000000000e+00 
6.465000000000000e+00 -1.847142857142848e-02 5.723237363445295e-02 1.847142857142852e-01 -5.714285714285713e-03 0.000000000000000e+00 5.723237363445295e-02 -3.816391647148976e-17 -2.842715508229282e-01 9.999999999999995e-03 0.000000000000000e+00 0.000000000000000e+00 
6.470000000000000e+00 -1.849999999999991e-02 5.568839088033835e-02 1.844999999999995e-01 -5.714285714285713e-03 0.000000000000000e+00 5.568839088033835e-02 4.999999999995980e-05 -3.333215508229271e-01 9.999999999999995e-03 0.000000000000000e+00 0.000000000000000e+00 
6.475000000000001e+00 -1.852857142857134e-02 5.389915812622342e-02 1.842857142857137e-01 -5.714285714285713e-03 0.000000000000000e+00 5.389915812622342e-02 9.999999999996817e-05 -3.823715508229348e-01 9.999999999999995e-03 0.000000000000000e+00 0.000000000000000e+00 
6.480000000000000e+00 -1.855714285714277e-02 5.186467537210879e-02 1.840714285714280e-01 -5.714285714285713e-03 0.000000000000000e+00 5.186467537210879e-02 1.499999999999696e-04 -4.314215508229338e-01 9.999999999999995e-03 0.000000000000000e+00 0.000000000000000e+00 
6.485000000000000e+00 -1.858571428571420e-02 4.958494261799417e-02 1.838571428571423e-01 -5.714285714285713e-03 0.000000000000000e+00 4.958494261799417e-02 1.999999999999676e-04 -4.804715508229327e-01 9.999999999999995e-03 0.000000000000000e+00 0.000000000000000e+00 
6.490000000000000e+00 -1.861428571428562e-02 4.705995986387956e-02 1.836428571428566e-01 -5.714285714285713e-03 0.000000000000000e+00 4.705995986387956e-02 2.499999999999655e-04 -5.295215508229316e-01 9.999999999999995e-03 0.000000000000000e+00 0.000000000000000e+00 
6.495000000000000e+00 -1.864285714285705e-02 4.428972710976497e-02 1.834285714285708e-01 -5.714285714285713e-03 0.000000000000000e+00 4.428972710976497e-02 2.999999999999635e-04 -5.785715508229305e-01 9.999999999999995e-03 0.000000000000000e+00 0.000000000000000e+00 
6.500000000000000e+00 -1.867142857142847e-02 4.127424435565039e-02 1.832142857142851e-01 -5.714285714285713e-03 0.000000000000000e+00 4.127424435565039e-02 3.499999999999615e-04 -6.276215508229295e-01 9.999999999999995e-03 0.000000000000000e+00 0.000000000000000e+00 
6.505000000000000e+00 -1.869999999999990e-02 3.801351160153581e-02 1.829999999999994e-01 -5.714285714285713e-03 0.000000000000000e+00 3.801351160153581e-02 3.999999999999629e-04 -6.766715508229284e-01 9.999999999999995e-03 0.000000000000000e+00 0.000000000000000e+00 
6.510000000000000e+00 -1.872857142857133e-02 3.450752884742124e-02 1.827857142857137e-01 -5.714285714285713e-03 0.000000000000000e+00 3.450752884742124e-02 4.499999999999608e-04 -7.257215508229273e-01 9.999999999999995e-03 0.000000000000000e+00 0.000000000000000e+00 
6.515000000000001e+00 -1.875714285714276e-02 3.075629609330600e-02 1.825714285714279e-01 -5.714285714285713e-03 0.000000000000000e+00 3.075629609330600e-02 4.999999999999692e-04 -7.747715508229350e-01 9.999999999999995e-03 0.000000000000000e+00 0.000000000000000e+00 
6.520000000000000e+00 -1.878571428571419e-02 2.675981333919141e-02 1.823571428571422e-01 -5.714285714285713e-03 0.000000000000000e+00 2.675981333919141e-02 5.499999999999672e-04 -8.238215508229340e-01 9.999999999999995e-03 0.000000000000000e+00 0.000000000000000e+00 
6.525000000000000e+00 -1.881428571428561e-02 2.251808058507684e-02 1.821428571428565e-01 -5.714285714285713e-03 0.000000000000000e+00 2.251808058507684e-02 5.999999999999651e-04 -8.728715508229329e-01 9.999999999999995e-03 0.000000000000000e+00 0.000000000000000e+00 
6.530000000000000e+00 -1.884285714285704e-02 1.803109783096227e-02 1.819285714285707e-01 -5.714285714285713e-03 0.000000000000000e+00 1.803109783096227e-02 6.499999999999631e-04 -9.219215508229318e-01 9.999999999999995e-03 0.000000000000000e+00 0.000000000000000e+00 
6.535000000000000e+00 -1.887142857142847e-02 1.329886507684772e-02 1.817142857142850e-01 -5.714285714285713e-03 0.000000000000000e+00 1.329886507684772e-02 6.999999999999645e-04 -9.709715508229307e-01 9.999999999999995e-03 0.000000000000000e+00 0.000000000000000e+00 
6.540000000000000e+00 -1.889999999999989e-02 8.321382322733170e-03 1.814999999999993e-01 -5.714285714285713e-03 0.000000000000000e+00 8.321382322733170e-03 7.499999999999625e-04 -1.020021550822930e+00 9.999999999999995e-03 0.000000000000000e+00 0.000000000000000e+00 
6.545000000000000e+00 -1.892857142857132e-02 3.098649568618635e-03 1.812857142857136e-01 -5.714285714285713e-03 0.000000000000000e+00 3.098649568618635e-03 7.999999999999605e-04 -1.069071550822929e+00 9.999999999999995e-03 0.000000000000000e+00 0.000000000000000e+00 
6.550000000000000e+00 -1.895714285714275e-02 -2.369333185495889e-03 1.810714285714279e-01 -5.714285714285713e-03 0.000000000000000e+00 -2.369333185495889e-03 8.499999999999584e-04 -1.118121550822928e+00 9.999999999999995e-03 0.000000000000000e+00 0.000000000000000e+00 
6.555000000000000e+00 -1.897142857142846e-02 -2.648863573201615e-03 1.812142857142850e-01 -8.673617379884035e-19 5.714285714285712e-03 -2.648863573201615e-03 8.499999999999584e-04 1.006309395740635e+00 -9.999999999999995e-03 2.173480946563561e+00 -5.714285714285712e-03 
6.560000000000000e+00 -1.897142857142846e-02 2.260058405502307e-03 1.817142857142851e-01 -8.673617379884035e-19 0.000000000000000e+00 2.260058405502307e-03 7.999999999999501e-04 9.572593957406271e-01 -9.999999999999995e-03 0.000000000000000e+00 0.000000000000000e+00 
6.565000000000000e+00 -1.897142857142846e-02 6.923730384205345e-03 1.822142857142851e-01 -8.673617379884035e-19 0.000000000000000e+00 6.923730384205345e-03 7.499999999999486e-04 9.082093957406282e-01 -9.999999999999995e-03 0.000000000000000e+00 0.000000000000000e+00 
6.570000000000000e+00 -1.897142857142846e-02 1.134215236290840e-02 1.827142857142851e-01 -8.673617379884035e-19 0.000000000000000e+00 1.134215236290840e-02 6.999999999999507e-04 8.591593957406293e-01 -9.999999999999995e-03 0.000000000000000e+00 0.000000000000000e+00 
6.575000000000000e+00 -1.897142857142846e-02 1.551532434161145e-02 1.832142857142851e-01 -8.673617379884035e-19 0.000000000000000e+00 1.551532434161145e-02 6.499999999999492e-04 8.101093957406303e-01 -9.999999999999995e-03 0.000000000000000e+00 0.000000000000000e+00 
6.580000000000000e+00 -1.897142857142846e-02 1.944324632031453e-02 1.837142857142851e-01 -8.673617379884035e-19 0.000000000000000e+00 1.944324632031453e-02 5.999999999999513e-04 7.610593957406314e-01 -9.999999999999995e-03 0.000000000000000e+00 0.000000000000000e+00 
6.585000000000000e+00 -1.897142857142846e-02 2.312591829901761e-02 1.842142857142851e-01 -8.673617379884035e-19 0.000000000000000e+00 2.312591829901761e-02 5.499999999999498e-04 7.120093957406325e-01 -9.999999999999995e-03 0.000000000000000e+00 0.000000000000000e+00 
6.590000000000000e+00 -1.897142857142846e-02 2.656334027772070e-02 1.847142857142851e-01 -8.673617379884035e-19 0.000000000000000e+00 2.656334027772070e-02 4.999999999999484e-04 6.629593957406336e-01 -9.999999999999995e-03 0.000000000000000e+00 0.000000000000000e+00 
6.595000000000000e+00 -1.897142857142846e-02 2.975551225642380e-02 1.852142857142851e-01 -8.673617379884035e-19 0.000000000000000e+00 2.975551225642380e-02 4.499999999999504e-04 6.139093957406346e-01 -9.999999999999995e-03 0.000000000000000e+00 0.000000000000000e+00 
6.600000000000001e+00 -1.897142857142846e-02 3.270243423512741e-02 1.857142857142852e-01 -8.673617379884035e-19 0.000000000000000e+00 3.270243423512741e-02 3.999999999999421e-04 5.648593957406269e-01 -9.999999999999995e-03 0.000000000000000e+00 0.000000000000000e+00 
6.605000000000000e+00 -1.897142857142846e-02 3.540410621383049e-02 1.862142857142852e-01 -8.673617379884035e-19 0.000000000000000e+00 3.540410621383049e-02 3.499999999999406e-04 5.158093957406280e-01 -9.999999999999995e-03 0.000000000000000e+00 0.000000000000000e+00 
6.610000000000000e+00 -1.897142857142846e-02 3.786052819253358e-02 1.867142857142852e-01 -8.673617379884035e-19 0.000000000000000e+00 3.786052819253358e-02 2.999999999999427e-04 4.667593957406291e-01 -9.999999999999995e-03 0.000000000000000e+00 0.000000000000000e+00 
6.615000000000000e+00 -1.897142857142846e-02 4.007170017123669e-02 1.872142857142852e-01 -8.673617379884035e-19 0.000000000000000e+00 4.007170017123669e-02 2.499999999999412e-04 4.177093957406302e-01 -9.999999999999995e-03 0.000000000000000e+00 0.000000000000000e+00 
6.620000000000000e+00 -1.897142857142846e-02 4.203762214993980e-02 1.877142857142852e-01 -8.673617379884035e-19 0.000000000000000e+00 4.203762214993980e-02 1.999999999999398e-04 3.686593957406312e-01 -9.999999999999995e-03 0.000000000000000e+00 0.000000000000000e+00 
6.625000000000000e+00 -1.897142857142846e-02 4.375829412864292e-02 1.882142857142852e-01 -8.673617379884035e-19 0.000000000000000e+00 4.375829412864292e-02 1.499999999999418e-04 3.196093957406323e-01 -9.999999999999995e-03 0.000000000000000e+00 0.000000000000000e+00 
6.630000000000000e+00 -1.897142857142846e-02 4.523371610734605e-02 1.887142857142852e-01 -8.673617379884035e-19 0.000000000000000e+00 4.523371610734605e-02 9.999999999994041e-05 2.705593957406334e-01 -9.999999999999995e-03 0.000000000000000e+00 0.000000000000000e+00 
6.635000000000000e+00 -1.897142857142846e-02 4.646388808604919e-02 1.892142857142852e-01 -8.673617379884035e-19 0.000000000000000e+00 4.646388808604919e-02 4.999999999993898e-05 2.215093957406344e-01 -9.999999999999995e-03 0.000000000000000e+00 0.000000000000000e+00 
6.640000000000001e+00 -1.897142857142846e-02 4.744881006475250e-02 1.897142857142853e-01 -8.673617379884035e-19 0.000000000000000e+00 4.744881006475250e-02 -6.938893903907228e-17 1.724593957406267e-01 -9.999999999999995e-03 0.000000000000000e+00 0.000000000000000e+00 
6.645000000000000e+00 -1.897142857142846e-02 4.818848204345562e-02 1.902142857142853e-01 -8.673617379884035e-19 0.000000000000000e+00 4.818848204345562e-02 -5.000000000006735e-05 1.234093957406278e-01 -9.999999999999995e-03 0.000000000000000e+00 0.000000000000000e+00 
6.650000000000000e+00 -1.897142857142846e-02 4.868290402215875e-02 1.907142857142853e-01 -8.673617379884035e-19 0.000000000000000e+00 4.868290402215875e-02 -1.000000000000688e-04 7.435939574062883e-02 -9.999999999999995e-03 0.000000000000000e+00 0.000000000000000e+00 
6.655000000000000e+00 -1.897142857142846e-02 4.893207600086189e-02 1.912142857142853e-01 -8.673617379884035e-19 0.000000000000000e+00 4.893207600086189e-02 -1.500000000000667e-04 2.530939574062988e-02 -9.999999999999995e-03 0.000000000000000e+00 0.000000000000000e+00 
6.660000000000000e+00 -1.897142857142846e-02 4.893599797956504e-02 1.917142857142853e-01 -8.673617379884035e-19 0.000000000000000e+00 4.893599797956504e-02 -2.000000000000682e-04 -2.374060425936908e-02 -9.999999999999995e-03 0.000000000000000e+00 0.000000000000000e+00 
6.665000000000000e+00 -1.897142857142846e-02 4.869466995826820e-02 1.922142857142853e-01 -8.673617379884035e-19 0.000000000000000e+00 4.869466995826820e-02 -2.500000000000696e-04 -7.279060425936804e-02 -9.999999999999995e-03 0.000000000000000e+00 0.000000000000000e+00 
6.670000000000000e+00 -1.897142857142846e-02 4.820809193697138e-02 1.927142857142853e-01 -8.673617379884035e-19 0.000000000000000e+00 4.820809193697138e-02 -3.000000000000676e-04 -1.218406042593670e-01 -9.999999999999995e-03 0.000000000000000e+00 0.000000000000000e+00 
6.675000000000000e+00 -1.897142857142846e-02 4.747626391567456e-02 1.932142857142853e-01 -8.673617379884035e-19 0.000000000000000e+00 4.747626391567456e-02 -3.500000000000690e-04 -1.708906042593659e-01 -9.999999999999995e-03 0.000000000000000e+00 0.000000000000000e+00 
6.680000000000000e+00 -1.897142857142846e-02 4.649918589437776e-02 1.937142857142853e-01 -8.673617379884035e-19 0.000000000000000e+00 4.649918589437776e-02 -4.000000000000670e-04 -2.199406042593649e-01 -9.999999999999995e-03 0.000000000000000e+00 0.000000000000000e+00 
6.685000000000000e+00 -1.897142857142846e-02 4.527685787308072e-02 1.942142857142853e-01 -8.673617379884035e-19 0.000000000000000e+00 4.527685787308072e-02 -4.500000000000753e-04 -2.689906042593726e-01 -9.999999999999995e-03 0.000000000000000e+00 0.000000000000000e+00 
6.690000000000000e+00 -1.897142857142846e-02 4.380927985178389e-02 1.947142857142853e-01 -8.673617379884035e-19 0.000000000000000e+00 4.380927985178389e-02 -5.000000000000768e-04 -3.180406042593715e-01 -9.999999999999995e-03 0.000000000000000e+00 0.000000000000000e+00 
6.695000000000000e+00 -1.897142857142846e-02 4.209645183048707e-02 1.952142857142853e-01 -8.673617379884035e-19 0.000000000000000e+00 4.209645183048707e-02 -5.500000000000782e-04 -3.670906042593705e-01 -9.999999999999995e-03 0.000000000000000e+00 0.000000000000000e+00 
6.700000000000000e+00 -1.897142857142846e-02 4.013837380919027e-02 1.957142857142853e-01 -8.673617379884035e-19 0.000000000000000e+00 4.013837380919027e-02 -6.000000000000762e-04 -4.161406042593694e-01 -9.999999999999995e-03 0.000000000000000e+00 0.000000000000000e+00 
6.705000000000000e+00 -1.897142857142846e-02 3.793504578789347e-02 1.962142857142853e-01 -8.673617379884035e-19 0.000000000000000e+00 3.793504578789347e-02 -6.500000000000776e-04 -4.651906042593683e-01 -9.999999999999995e-03 0.000000000000000e+00 0.000000000000000e+00 
6.710000000000000e+00 -1.897142857142846e-02 3.548646776659669e-02 1.967142857142853e-01 -8.673617379884035e-19 0.000000000000000e+00 3.548646776659669e-02 -7.000000000000756e-04 -5.142406042593672e-01 -9.999999999999995e-03 0.000000000000000e+00 0.000000000000000e+00 
6.715000000000000e+00 -1.897142857142846e-02 3.279263974529991e-02 1.972142857142853e-01 -8.673617379884035e-19 0.000000000000000e+00 3.279263974529991e-02 -7.500000000000770e-04 -5.632906042593662e-01 -9.999999999999995e-03 0.000000000000000e+00 0.000000000000000e+00 
6.720000000000000e+00 -1.897142857142846e-02 2.985356172400315e-02 1.977142857142853e-01 -8.673617379884035e-19 0.000000000000000e+00 2.985356172400315e-02 -8.000000000000784e-04 -6.123406042593651e-01 -9.999999999999995e-03 0.000000000000000e+00 0.000000000000000e+00 
6.725000000000001e+00 -1.897142857142846e-02 2.666923370270580e-02 1.982142857142854e-01 -8.673617379884035e-19 0.000000000000000e+00 2.666923370270580e-02 -8.500000000000868e-04 -6.613906042593728e-01 -9.999999999999995e-03 0.000000000000000e+00 0.000000000000000e+00 
6.730000000000000e+00 -1.897142857142846e-02 2.323965568140902e-02 1.987142857142854e-01 -8.673617379884035e-19 0.000000000000000e+00 2.323965568140902e-02 -9.000000000000848e-04 -7.104406042593717e-01 -9.999999999999995e-03 0.000000000000000e+00 0.000000000000000e+00 
6.735000000000000e+00 -1.897142857142846e-02 1.956482766011224e-02 1.992142857142854e-01 -8.673617379884035e-19 0.000000000000000e+00 1.956482766011224e-02 -9.500000000000862e-04 -7.594906042593706e-01 -9.999999999999995e-03 0.000000000000000e+00 0.000000000000000e+00 
6.740000000000000e+00 -1.897142857142846e-02 1.564474963881547e-02 1.997142857142854e-01 -8.673617379884035e-19 0.000000000000000e+00 1.564474963881547e-02 -1.000000000000084e-03 -8.085406042593696e-01 -9.999999999999995e-03 0.000000000000000e+00 0.000000000000000e+00 
6.745000000000000e+00 -1.897142857142846e-02 1.147942161751872e-02 2.002142857142854e-01 -8.673617379884035e-19 0.000000000000000e+00 1.147942161751872e-02 -1.050000000000086e-03 -8.575906042593685e-01 -9.999999999999995e-03 0.000000000000000e+00 0.000000000000000e+00 
6.750000000000000e+00 -1.897142857142846e-02 7.068843596221969e-03 2.007142857142854e-01 -8.673617379884035e-19 0.000000000000000e+00 7.068843596221969e-03 -1.100000000000087e-03 -9.066406042593674e-01 -9.999999999999995e-03 0.000000000000000e+00 0.000000000000000e+00 
6.755000000000000e+00 -1.897142857142846e-02 2.413015574925233e-03 2.012142857142854e-01 -8.673617379884035e-19 0.000000000000000e+00 2.413015574925233e-03 -1.150000000000085e-03 -9.556906042593664e-01 -9.999999999999995e-03 0.000000000000000e+00 0.000000000000000e+00 
6.760000000000000e+00 -1.897142857142846e-02 -2.488062446371491e-03 2.017142857142854e-01 -8.673617379884035e-19 0.000000000000000e+00 -2.488062446371491e-03 -1.200000000000086e-03 -1.004740604259365e+00 -9.999999999999995e-03 0.000000000000000e+00 0.000000000000000e+00 
6.765000000000001e+00 -1.898571428571418e-02 -2.739247597436371e-03 2.018571428571426e-01 -5.714285714285713e-03 -5.714285714285712e-03 -2.739247597436371e-03 -1.200000000000086e-03 9.042665438334290e-01 9.999999999999995e-03 1.958057148092802e+00 5.714285714285712e-03 
6.770000000000000e+00 -1.901428571428560e-02 1.659460121730683e-03 2.016428571428569e-01 -5.714285714285713e-03 0.000000000000000e+00 1.659460121730683e-03 -1.150000000000088e-03 8.552165438334300e-01 9.999999999999995e-03 0.000000000000000e+00 0.000000000000000e+00 
6.775000000000000e+00 -1.904285714285703e-02 5.812917840897746e-03 2.014285714285712e-01 -5.714285714285713e-03 0.000000000000000e+00 5.812917840897746e-03 -1.100000000000087e-03 8.061665438334311e-01 9.999999999999995e-03 0.000000000000000e+00 0.000000000000000e+00 
6.780000000000000e+00 -1.907142857142845e-02 9.721125560064822e-03 2.012142857142854e-01 -5.714285714285713e-03 0.000000000000000e+00 9.721125560064822e-03 -1.050000000000089e-03 7.571165438334322e-01 9.999999999999995e-03 0.000000000000000e+00 0.000000000000000e+00 
6.785000000000000e+00 -1.909999999999988e-02 1.338408327923191e-02 2.009999999999997e-01 -5.714285714285713e-03 0.000000000000000e+00 1.338408327923191e-02 -1.000000000000091e-03 7.080665438334333e-01 9.999999999999995e-03 0.000000000000000e+00 0.000000000000000e+00 
6.790000000000000e+00 -1.912857142857131e-02 1.680179099839900e-02 2.007857142857140e-01 -5.714285714285713e-03 0.000000000000000e+00 1.680179099839900e-02 -9.500000000000931e-04 6.590165438334343e-01 9.999999999999995e-03 0.000000000000000e+00 0.000000000000000e+00 
6.795000000000000e+00 -1.915714285714273e-02 1.997424871756611e-02 2.005714285714283e-01 -5.714285714285713e-03 0.000000000000000e+00 1.997424871756611e-02 -9.000000000000952e-04 6.099665438334354e-01 9.999999999999995e-03 0.000000000000000e+00 0.000000000000000e+00 
6.800000000000000e+00 -1.918571428571416e-02 2.290145643673323e-02 2.003571428571425e-01 -5.714285714285713e-03 0.000000000000000e+00 2.290145643673323e-02 -8.500000000000937e-04 5.609165438334365e-01 9.999999999999995e-03 0.000000000000000e+00 0.000000000000000e+00 
6.805000000000000e+00 -1.921428571428559e-02 2.558341415590035e-02 2.001428571428568e-01 -5.714285714285713e-03 0.000000000000000e+00 2.558341415590035e-02 -8.000000000000958e-04 5.118665438334375e-01 9.999999999999995e-03 0.000000000000000e+00 0.000000000000000e+00 
6.810000000000000e+00 -1.924285714285702e-02 2.802012187506790e-02 1.999285714285711e-01 -5.714285714285713e-03 0.000000000000000e+00 2.802012187506790e-02 -7.500000000000874e-04 4.628165438334298e-01 9.999999999999995e-03 0.000000000000000e+00 0.000000000000000e+00 
6.815000000000000e+00 -1.927142857142845e-02 3.021157959423501e-02 1.997142857142853e-01 -5.714285714285713e-03 0.000000000000000e+00 3.021157959423501e-02 -7.000000000000894e-04 4.137665438334309e-01 9.999999999999995e-03 0.000000000000000e+00 0.000000000000000e+00 
6.820000000000000e+00 -1.929999999999987e-02 3.215778731340212e-02 1.994999999999996e-01 -5.714285714285713e-03 0.000000000000000e+00 3.215778731340212e-02 -6.500000000000915e-04 3.647165438334320e-01 9.999999999999995e-03 0.000000000000000e+00 0.000000000000000e+00 
6.825000000000000e+00 -1.932857142857130e-02 3.385874503256925e-02 1.992857142857139e-01 -5.714285714285713e-03 0.000000000000000e+00 3.385874503256925e-02 -6.000000000000935e-04 3.156665438334331e-01 9.999999999999995e-03 0.000000000000000e+00 0.000000000000000e+00 
6.830000000000000e+00 -1.935714285714273e-02 3.531445275173638e-02 1.990714285714282e-01 -5.714285714285713e-03 0.000000000000000e+00 3.531445275173638e-02 -5.500000000000921e-04 2.666165438334341e-01 9.999999999999995e-03 0.000000000000000e+00 0.000000000000000e+00 
6.835000000000000e+00 -1.938571428571415e-02 3.652491047090353e-02 1.988571428571425e-01 -5.714285714285713e-03 0.000000000000000e+00 3.652491047090353e-02 -5.000000000000941e-04 2.175665438334352e-01 9.999999999999995e-03 0.000000000000000e+00 0.000000000000000e+00 
6.840000000000000e+00 -1.941428571428558e-02 3.749011819007069e-02 1.986428571428567e-01 -5.714285714285713e-03 0.000000000000000e+00 3.749011819007069e-02 -4.500000000000962e-04 1.685165438334362e-01 9.999999999999995e-03 0.000000000000000e+00 0.000000000000000e+00 
6.845000000000000e+00 -1.944285714285700e-02 3.821007590923786e-02 1.984285714285710e-01 -5.714285714285713e-03 0.000000000000000e+00 3.821007590923786e-02 -4.000000000000982e-04 1.194665438334373e-01 9.999999999999995e-03 0.000000000000000e+00 0.000000000000000e+00 
6.850000000000001e+00 -1.947142857142844e-02 3.868478362840511e-02 1.982142857142853e-01 -5.714285714285713e-03 0.000000000000000e+00 3.868478362840511e-02 -3.500000000000898e-04 7.041654383342960e-02 9.999999999999995e-03 0.000000000000000e+00 0.000000000000000e+00 
6.855000000000000e+00 -1.949999999999986e-02 3.891424134757225e-02 1.979999999999995e-01 -5.714285714285713e-03 0.000000000000000e+00 3.891424134757225e-02 -3.000000000000919e-04 2.136654383343065e-02 9.999999999999995e-03 0.000000000000000e+00 0.000000000000000e+00 
6.860000000000000e+00 -1.952857142857129e-02 3.889844906673941e-02 1.977857142857138e-01 -5.714285714285713e-03 0.000000000000000e+00 3.889844906673941e-02 -2.500000000000904e-04 -2.768345616656831e-02 9.999999999999995e-03 0.000000000000000e+00 0.000000000000000e+00 
6.865000000000000e+00 -1.955714285714272e-02 3.863740678590658e-02 1.975714285714281e-01 -5.714285714285713e-03 0.000000000000000e+00 3.863740678590658e-02 -2.000000000000925e-04 -7.673345616656727e-02 9.999999999999995e-03 0.000000000000000e+00 0.000000000000000e+00 
6.870000000000000e+00 -1.958571428571414e-02 3.813111450507375e-02 1.973571428571424e-01 -5.714285714285713e-03 0.000000000000000e+00 3.813111450507375e-02 -1.500000000000945e-04 -1.257834561665662e-01 9.999999999999995e-03 0.000000000000000e+00 0.000000000000000e+00 
6.875000000000000e+00 -1.961428571428557e-02 3.737957222424095e-02 1.971428571428566e-01 -5.714285714285713e-03 0.000000000000000e+00 3.737957222424095e-02 -1.000000000000965e-04 -1.748334561665652e-01 9.999999999999995e-03 0.000000000000000e+00 0.000000000000000e+00 
6.880000000000000e+00 -1.964285714285700e-02 3.638277994340814e-02 1.969285714285709e-01 -5.714285714285713e-03 0.000000000000000e+00 3.638277994340814e-02 -5.000000000009858e-05 -2.238834561665641e-01 9.999999999999995e-03 0.000000000000000e+00 0.000000000000000e+00 
6.885000000000000e+00 -1.967142857142842e-02 3.514073766257535e-02 1.967142857142852e-01 -5.714285714285713e-03 0.000000000000000e+00 3.514073766257535e-02 -9.714451465470120e-17 -2.729334561665631e-01 9.999999999999995e-03 0.000000000000000e+00 0.000000000000000e+00 
6.890000000000001e+00 -1.969999999999986e-02 3.365344538174228e-02 1.964999999999995e-01 -5.714285714285713e-03 0.000000000000000e+00 3.365344538174228e-02 4.999999999991123e-05 -3.219834561665708e-01 9.999999999999995e-03 0.000000000000000e+00 0.000000000000000e+00 
6.895000000000000e+00 -1.972857142857128e-02 3.192090310090947e-02 1.962857142857137e-01 -5.714285714285713e-03 0.000000000000000e+00 3.192090310090947e-02 9.999999999990919e-05 -3.710334561665697e-01 9.999999999999995e-03 0.000000000000000e+00 0.000000000000000e+00 
6.900000000000000e+00 -1.975714285714271e-02 2.994311082007666e-02 1.960714285714280e-01 -5.714285714285713e-03 0.000000000000000e+00 2.994311082007666e-02 1.499999999999072e-04 -4.200834561665686e-01 9.999999999999995e-03 0.000000000000000e+00 0.000000000000000e+00 
6.905000000000000e+00 -1.978571428571414e-02 2.772006853924387e-02 1.958571428571423e-01 -5.714285714285713e-03 0.000000000000000e+00 2.772006853924387e-02 1.999999999999051e-04 -4.691334561665675e-01 9.999999999999995e-03 0.000000000000000e+00 0.000000000000000e+00 
6.910000000000000e+00 -1.981428571428556e-02 2.525177625841109e-02 1.956428571428566e-01 -5.714285714285713e-03 0.000000000000000e+00 2.525177625841109e-02 2.499999999999031e-04 -5.181834561665665e-01 9.999999999999995e-03 0.000000000000000e+00 0.000000000000000e+00 
6.915000000000000e+00 -1.984285714285699e-02 2.253823397757832e-02 1.954285714285708e-01 -5.714285714285713e-03 0.000000000000000e+00 2.253823397757832e-02 2.999999999999045e-04 -5.672334561665654e-01 9.999999999999995e-03 0.000000000000000e+00 0.000000000000000e+00 
6.920000000000000e+00 -1.987142857142842e-02 1.957944169674556e-02 1.952142857142851e-01 -5.714285714285713e-03 0.000000000000000e+00 1.957944169674556e-02 3.499999999999025e-04 -6.162834561665643e-01 9.999999999999995e-03 0.000000000000000e+00 0.000000000000000e+00 
6.925000000000000e+00 -1.989999999999984e-02 1.637539941591281e-02 1.949999999999994e-01 -5.714285714285713e-03 0.000000000000000e+00 1.637539941591281e-02 3.999999999999004e-04 -6.653334561665633e-01 9.999999999999995e-03 0.000000000000000e+00 0.000000000000000e+00 
6.930000000000000e+00 -1.992857142857127e-02 1.292610713508007e-02 1.947857142857137e-01 -5.714285714285713e-03 0.000000000000000e+00 1.292610713508007e-02 4.499999999998984e-04 -7.143834561665622e-01 9.999999999999995e-03 0.000000000000000e+00 0.000000000000000e+00 
6.935000000000000e+00 -1.995714285714270e-02 9.231564854246659e-03 1.945714285714279e-01 -5.714285714285713e-03 0.000000000000000e+00 9.231564854246659e-03 4.999999999999068e-04 -7.634334561665699e-01 9.999999999999995e-03 0.000000000000000e+00 0.000000000000000e+00 
6.940000000000000e+00 -1.998571428571413e-02 5.291772573413896e-03 1.943571428571422e-01 -5.714285714285713e-03 0.000000000000000e+00 5.291772573413896e-03 5.499999999999047e-04 -8.124834561665688e-01 9.999999999999995e-03 0.000000000000000e+00 0.000000000000000e+00 
6.945000000000000e+00 -2.001428571428555e-02 1.106730292581144e-03 1.941428571428565e-01 -5.714285714285713e-03 0.000000000000000e+00 1.106730292581144e-03 5.999999999999062e-04 -8.615334561665677e-01 9.999999999999995e-03 0.000000000000000e+00 0.000000000000000e+00 
6.950000000000000e+00 -2.002857142857127e-02 8.913469285395060e-04 1.942857142857136e-01 -8.673617379884035e-19 5.714285714285712e-03 8.913469285395060e-04 5.999999999999027e-04 7.753801105499110e-01 -9.999999999999995e-03 1.685963566716478e+00 -5.714285714285712e-03 
6.955000000000000e+00 -2.002857142857127e-02 4.645622481288983e-03 1.947857142857136e-01 -8.673617379884035e-19 0.000000000000000e+00 4.645622481288983e-03 5.499999999999047e-04 7.263301105499120e-01 -9.999999999999995e-03 0.000000000000000e+00 0.000000000000000e+00 
6.960000000000000e+00 -2.002857142857127e-02 8.154648034038470e-03 1.952857142857136e-01 -8.673617379884035e-19 0.000000000000000e+00 8.154648034038470e-03 4.999999999999033e-04 6.772801105499131e-01 -9.999999999999995e-03 0.000000000000000e+00 0.000000000000000e+00 
6.965000000000000e+00 -2.002857142857127e-02 1.141842358678797e-02 1.957857142857136e-01 -8.673617379884035e-19 0.000000000000000e+00 1.141842358678797e-02 4.499999999999053e-04 6.282301105499142e-01 -9.999999999999995e-03 0.000000000000000e+00 0.000000000000000e+00 
6.970000000000000e+00 -2.002857142857127e-02 1.443694913953748e-02 1.962857142857136e-01 -8.673617379884035e-19 0.000000000000000e+00 1.443694913953748e-02 3.999999999999039e-04 5.791801105499153e-01 -9.999999999999995e-03 0.000000000000000e+00 0.000000000000000e+00 
6.975000000000001e+00 -2.002857142857127e-02 1.721022469228747e-02 1.967857142857137e-01 -8.673617379884035e-19 0.000000000000000e+00 1.721022469228747e-02 3.499999999998955e-04 5.301301105499076e-01 -9.999999999999995e-03 0.000000000000000e+00 0.000000000000000e+00 
6.980000000000000e+00 -2.002857142857127e-02 1.973825024503695e-02 1.972857142857137e-01 -8.673617379884035e-19 0.000000000000000e+00 1.973825024503695e-02 2.999999999998941e-04 4.810801105499086e-01 -9.999999999999995e-03 0.000000000000000e+00 0.000000000000000e+00 
6.985000000000000e+00 -2.002857142857127e-02 2.202102579778645e-02 1.977857142857137e-01 -8.673617379884035e-19 0.000000000000000e+00 2.202102579778645e-02 2.499999999998961e-04 4.320301105499097e-01 -9.999999999999995e-03 0.000000000000000e+00 0.000000000000000e+00 
6.990000000000000e+00 -2.002857142857127e-02 2.405855135053596e-02 1.982857142857137e-01 -8.673617379884035e-19 0.000000000000000e+00 2.405855135053596e-02 1.999999999998947e-04 3.829801105499108e-01 -9.999999999999995e-03 0.000000000000000e+00 0.000000000000000e+00 
6.995000000000000e+00 -2.002857142857127e-02 2.585082690328548e-02 1.987857142857137e-01 -8.673617379884035e-19 0.000000000000000e+00 2.585082690328548e-02 1.499999999998967e-04 3.339301105499118e-01 -9.999999999999995e-03 0.000000000000000e+00 0.000000000000000e+00 
7.000000000000000e+00 -2.002857142857127e-02 2.739785245603501e-02 1.992857142857137e-01 -8.673617379884035e-19 0.000000000000000e+00 2.739785245603501e-02 9.999999999989531e-05 2.848801105499129e-01 -9.999999999999995e-03 0.000000000000000e+00 0.000000000000000e+00 
7.005000000000000e+00 -2.002857142857127e-02 2.869962800878455e-02 1.997857142857137e-01 -8.673617379884035e-19 0.000000000000000e+00 2.869962800878455e-02 4.999999999989388e-05 2.358301105499140e-01 -9.999999999999995e-03 0.000000000000000e+00 0.000000000000000e+00 
7.010000000000000e+00 -2.002857142857127e-02 2.975615356153410e-02 2.002857142857137e-01 -8.673617379884035e-19 0.000000000000000e+00 2.975615356153410e-02 -1.040834085586084e-16 1.867801105499150e-01 -9.999999999999995e-03 0.000000000000000e+00 0.000000000000000e+00 
7.015000000000001e+00 -2.002857142857127e-02 3.056742911428378e-02 2.007857142857138e-01 -8.673617379884035e-19 0.000000000000000e+00 3.056742911428378e-02 -5.000000000011245e-05 1.377301105499073e-01 -9.999999999999995e-03 0.000000000000000e+00 0.000000000000000e+00 
7.020000000000000e+00 -2.002857142857127e-02 3.113345466703331e-02 2.012857142857138e-01 -8.673617379884035e-19 0.000000000000000e+00 3.113345466703331e-02 -1.000000000001139e-04 8.868011054990838e-02 -9.999999999999995e-03 0.000000000000000e+00 0.000000000000000e+00 
7.025000000000000e+00 -2.002857142857127e-02 3.145423021978284e-02 2.017857142857138e-01 -8.673617379884035e-19 0.000000000000000e+00 3.145423021978284e-02 -1.500000000001118e-04 3.963011054990942e-02 -9.999999999999995e-03 0.000000000000000e+00 0.000000000000000e+00 
7.030000000000000e+00 -2.002857142857127e-02 3.152975577253239e-02 2.022857142857138e-01 -8.673617379884035e-19 0.000000000000000e+00 3.152975577253239e-02 -2.000000000001133e-04 -9.419889450089536e-03 -9.999999999999995e-03 0.000000000000000e+00 0.000000000000000e+00 
7.035000000000000e+00 -2.002857142857127e-02 3.136003132528195e-02 2.027857142857138e-01 -8.673617379884035e-19 0.000000000000000e+00 3.136003132528195e-02 -2.500000000001147e-04 -5.846988945008849e-02 -9.999999999999995e-03 0.000000000000000e+00 0.000000000000000e+00 
7.040000000000000e+00 -2.002857142857127e-02 3.094505687803152e-02 2.032857142857138e-01 -8.673617379884035e-19 0.000000000000000e+00 3.094505687803152e-02 -3.000000000001127e-04 -1.075198894500874e-01 -9.999999999999995e-03 0.000000000000000e+00 0.000000000000000e+00 
7.045000000000000e+00 -2.002857142857127e-02 3.028483243078110e-02 2.037857142857138e-01 -8.673617379884035e-19 0.000000000000000e+00 3.028483243078110e-02 -3.500000000001141e-04 -1.565698894500864e-01 -9.999999999999995e-03 0.000000000000000e+00 0.000000000000000e+00 
7.050000000000000e+00 -2.002857142857127e-02 2.937935798353069e-02 2.042857142857138e-01 -8.673617379884035e-19 0.000000000000000e+00 2.937935798353069e-02 -4.000000000001121e-04 -2.056198894500854e-01 -9.999999999999995e-03 0.000000000000000e+00 0.000000000000000e+00 
7.055000000000000e+00 -2.002857142857127e-02 2.822863353628029e-02 2.047857142857138e-01 -8.673617379884035e-19 0.000000000000000e+00 2.822863353628029e-02 -4.500000000001135e-04 -2.546698894500843e-01 -9.999999999999995e-03 0.000000000000000e+00 0.000000000000000e+00 
7.060000000000000e+00 -2.002857142857127e-02 2.683265908902963e-02 2.052857142857139e-01 -8.673617379884035e-19 0.000000000000000e+00 2.683265908902963e-02 -5.000000000001219e-04 -3.037198894500920e-01 -9.999999999999995e-03 0.000000000000000e+00 0.000000000000000e+00 
7.065000000000000e+00 -2.002857142857127e-02 2.519143464177921e-02 2.057857142857139e-01 -8.673617379884035e-19 0.000000000000000e+00 2.519143464177921e-02 -5.500000000001233e-04 -3.527698894500909e-01 -9.999999999999995e-03 0.000000000000000e+00 0.000000000000000e+00 
7.070000000000000e+00 -2.002857142857127e-02 2.330496019452880e-02 2.062857142857139e-01 -8.673617379884035e-19 0.000000000000000e+00 2.330496019452880e-02 -6.000000000001213e-04 -4.018198894500898e-01 -9.999999999999995e-03 0.000000000000000e+00 0.000000000000000e+00 
7.075000000000000e+00 -2.002857142857127e-02 2.117323574727840e-02 2.067857142857139e-01 -8.673617379884035e-19 0.000000000000000e+00 2.117323574727840e-02 -6.500000000001227e-04 -4.508698894500888e-01 -9.999999999999995e-03 0.000000000000000e+00 0.000000000000000e+00 
7.080000000000000e+00 -2.002857142857127e-02 1.879626130002801e-02 2.072857142857139e-01 -8.673617379884035e-19 0.000000000000000e+00 1.879626130002801e-02 -7.000000000001207e-04 -4.999198894500877e-01 -9.999999999999995e-03 0.000000000000000e+00 0.000000000000000e+00 
7.085000000000000e+00 -2.002857142857127e-02 1.617403685277763e-02 2.077857142857139e-01 -8.673617379884035e-19 0.000000000000000e+00 1.617403685277763e-02 -7.500000000001221e-04 -5.489698894500866e-01 -9.999999999999995e-03 0.000000000000000e+00 0.000000000000000e+00 
7.090000000000000e+00 -2.002857142857127e-02 1.330656240552726e-02 2.082857142857139e-01 -8.673617379884035e-19 0.000000000000000e+00 1.330656240552726e-02 -8.000000000001235e-04 -5.980198894500856e-01 -9.999999999999995e-03 0.000000000000000e+00 0.000000000000000e+00 
7.095000000000000e+00 -2.002857142857127e-02 1.019383795827690e-02 2.087857142857139e-01 -8.673617379884035e-19 0.000000000000000e+00 1.019383795827690e-02 -8.500000000001215e-04 -6.470698894500845e-01 -9.999999999999995e-03 0.000000000000000e+00 0.000000000000000e+00 
7.100000000000001e+00 -2.002857142857127e-02 6.835863511025934e-03 2.092857142857140e-01 -8.673617379884035e-19 0.000000000000000e+00 6.835863511025934e-03 -9.000000000001299e-04 -6.961198894500922e-01 -9.999999999999995e-03 0.000000000000000e+00 0.000000000000000e+00 
7.105000000000000e+00 -2.002857142857127e-02 3.232639063775553e-03 2.097857142857140e-01 -8.673617379884035e-19 0.000000000000000e+00 3.232639063775553e-03 -9.500000000001313e-04 -7.451698894500911e-01 -9.999999999999995e-03 0.000000000000000e+00 0.000000000000000e+00 
7.110000000000000e+00 -2.002857142857127e-02 -6.158353834748178e-04 2.102857142857140e-01 -8.673617379884035e-19 0.000000000000000e+00 -6.158353834748178e-04 -1.000000000000129e-03 -7.942198894500900e-01 -9.999999999999995e-03 0.000000000000000e+00 0.000000000000000e+00 
7.115000000000000e+00 -2.004285714285698e-02 -8.143903558373365e-04 2.104285714285711e-01 -5.714285714285713e-03 -5.714285714285712e-03 -8.143903558373365e-04 -1.000000000000133e-03 7.147979005050809e-01 9.999999999999995e-03 1.558067789955170e+00 5.714285714285712e-03 
7.120000000000000e+00 -2.007142857142841e-02 2.636974146687997e-03 2.102142857142854e-01 -5.714285714285713e-03 0.000000000000000e+00 2.636974146687997e-03 -9.500000000001313e-04 6.657479005050819e-01 9.999999999999995e-03 0.000000000000000e+00 0.000000000000000e+00 
7.125000000000000e+00 -2.009999999999983e-02 5.843088649213341e-03 2.099999999999997e-01 -5.714285714285713e-03 0.000000000000000e+00 5.843088649213341e-03 -9.000000000001333e-04 6.166979005050830e-01 9.999999999999995e-03 0.000000000000000e+00 0.000000000000000e+00 
7.130000000000000e+00 -2.012857142857126e-02 8.803953151738694e-03 2.097857142857139e-01 -5.714285714285713e-03 0.000000000000000e+00 8.803953151738694e-03 -8.500000000001354e-04 5.676479005050841e-01 9.999999999999995e-03 0.000000000000000e+00 0.000000000000000e+00 
7.135000000000000e+00 -2.015714285714269e-02 1.151956765426406e-02 2.095714285714282e-01 -5.714285714285713e-03 0.000000000000000e+00 1.151956765426406e-02 -8.000000000001374e-04 5.185979005050851e-01 9.999999999999995e-03 0.000000000000000e+00 0.000000000000000e+00 
7.140000000000001e+00 -2.018571428571412e-02 1.398993215678985e-02 2.093571428571425e-01 -5.714285714285713e-03 0.000000000000000e+00 1.398993215678985e-02 -7.500000000001290e-04 4.695479005050774e-01 9.999999999999995e-03 0.000000000000000e+00 0.000000000000000e+00 
7.145000000000000e+00 -2.021428571428555e-02 1.621504665931519e-02 2.091428571428567e-01 -5.714285714285713e-03 0.000000000000000e+00 1.621504665931519e-02 -7.000000000001311e-04 4.204979005050785e-01 9.999999999999995e-03 0.000000000000000e+00 0.000000000000000e+00 
7.150000000000000e+00 -2.024285714285697e-02 1.819491116184055e-02 2.089285714285710e-01 -5.714285714285713e-03 0.000000000000000e+00 1.819491116184055e-02 -6.500000000001296e-04 3.714479005050796e-01 9.999999999999995e-03 0.000000000000000e+00 0.000000000000000e+00 
7.155000000000000e+00 -2.027142857142840e-02 1.992952566436591e-02 2.087142857142853e-01 -5.714285714285713e-03 0.000000000000000e+00 1.992952566436591e-02 -6.000000000001317e-04 3.223979005050807e-01 9.999999999999995e-03 0.000000000000000e+00 0.000000000000000e+00 
7.160000000000000e+00 -2.029999999999983e-02 2.141889016689128e-02 2.084999999999996e-01 -5.714285714285713e-03 0.000000000000000e+00 2.141889016689128e-02 -5.500000000001337e-04 2.733479005050817e-01 9.999999999999995e-03 0.000000000000000e+00 0.000000000000000e+00 
7.165000000000000e+00 -2.032857142857125e-02 2.266300466941667e-02 2.082857142857139e-01 -5.714285714285713e-03 0.000000000000000e+00 2.266300466941667e-02 -5.000000000001358e-04 2.242979005050828e-01 9.999999999999995e-03 0.000000000000000e+00 0.000000000000000e+00 
7.170000000000000e+00 -2.035714285714268e-02 2.366186917194206e-02 2.080714285714281e-01 -5.714285714285713e-03 0.000000000000000e+00 2.366186917194206e-02 -4.500000000001378e-04 1.752479005050838e-01 9.999999999999995e-03 0.000000000000000e+00 0.000000000000000e+00 
7.175000000000000e+00 -2.038571428571410e-02 2.441548367446747e-02 2.078571428571424e-01 -5.714285714285713e-03 0.000000000000000e+00 2.441548367446747e-02 -4.000000000001364e-04 1.261979005050849e-01 9.999999999999995e-03 0.000000000000000e+00 0.000000000000000e+00 
7.180000000000000e+00 -2.041428571428553e-02 2.492384817699288e-02 2.076428571428567e-01 -5.714285714285713e-03 0.000000000000000e+00 2.492384817699288e-02 -3.500000000001384e-04 7.714790050508591e-02 9.999999999999995e-03 0.000000000000000e+00 0.000000000000000e+00 
7.185000000000000e+00 -2.044285714285696e-02 2.518696267951833e-02 2.074285714285709e-01 -5.714285714285713e-03 0.000000000000000e+00 2.518696267951833e-02 -3.000000000001300e-04 2.809790050507824e-02 9.999999999999995e-03 0.000000000000000e+00 0.000000000000000e+00 
7.190000000000000e+00 -2.047142857142839e-02 2.520482718204373e-02 2.072142857142852e-01 -5.714285714285713e-03 0.000000000000000e+00 2.520482718204373e-02 -2.500000000001321e-04 -2.095209949492072e-02 9.999999999999995e-03 0.000000000000000e+00 0.000000000000000e+00 
7.195000000000000e+00 -2.049999999999982e-02 2.497744168456913e-02 2.069999999999995e-01 -5.714285714285713e-03 0.000000000000000e+00 2.497744168456913e-02 -2.000000000001341e-04 -7.000209949491967e-02 9.999999999999995e-03 0.000000000000000e+00 0.000000000000000e+00 
7.200000000000000e+00 -2.052857142857124e-02 2.450480618709455e-02 2.067857142857138e-01 -5.714285714285713e-03 0.000000000000000e+00 2.450480618709455e-02 -1.500000000001361e-04 -1.190520994949186e-01 9.999999999999995e-03 0.000000000000000e+00 0.000000000000000e+00 
7.205000000000000e+00 -2.055714285714267e-02 2.378692068961997e-02 2.065714285714280e-01 -5.714285714285713e-03 0.000000000000000e+00 2.378692068961997e-02 -1.000000000001347e-04 -1.681020994949176e-01 9.999999999999995e-03 0.000000000000000e+00 0.000000000000000e+00 
7.210000000000000e+00 -2.058571428571410e-02 2.282378519214540e-02 2.063571428571423e-01 -5.714285714285713e-03 0.000000000000000e+00 2.282378519214540e-02 -5.000000000013674e-05 -2.171520994949165e-01 9.999999999999995e-03 0.000000000000000e+00 0.000000000000000e+00 
7.215000000000000e+00 -2.061428571428552e-02 2.161539969467085e-02 2.061428571428566e-01 -5.714285714285713e-03 0.000000000000000e+00 2.161539969467085e-02 -1.387778780781446e-16 -2.662020994949155e-01 9.999999999999995e-03 0.000000000000000e+00 0.000000000000000e+00 
7.220000000000000e+00 -2.064285714285695e-02 2.016176419719631e-02 2.059285714285709e-01 -5.714285714285713e-03 0.000000000000000e+00 2.016176419719631e-02 4.999999999985918e-05 -3.152520994949144e-01 9.999999999999995e-03 0.000000000000000e+00 0.000000000000000e+00 
7.225000000000001e+00 -2.067142857142838e-02 1.846287869972145e-02 2.057142857142851e-01 -5.714285714285713e-03 0.000000000000000e+00 1.846287869972145e-02 9.999999999986756e-05 -3.643020994949221e-01 9.999999999999995e-03 0.000000000000000e+00 0.000000000000000e+00 
7.230000000000000e+00 -2.069999999999981e-02 1.651874320224688e-02 2.054999999999994e-01 -5.714285714285713e-03 0.000000000000000e+00 1.651874320224688e-02 1.499999999998655e-04 -4.133520994949210e-01 9.999999999999995e-03 0.000000000000000e+00 0.000000000000000e+00 
7.235000000000000e+00 -2.072857142857124e-02 1.432935770477232e-02 2.052857142857137e-01 -5.714285714285713e-03 0.000000000000000e+00 1.432935770477232e-02 1.999999999998670e-04 -4.624020994949199e-01 9.999999999999995e-03 0.000000000000000e+00 0.000000000000000e+00 
7.240000000000000e+00 -2.075714285714266e-02 1.189472220729778e-02 2.050714285714280e-01 -5.714285714285713e-03 0.000000000000000e+00 1.189472220729778e-02 2.499999999998649e-04 -5.114520994949189e-01 9.999999999999995e-03 0.000000000000000e+00 0.000000000000000e+00 
7.245000000000000e+00 -2.078571428571409e-02 9.214836709823246e-03 2.048571428571422e-01 -5.714285714285713e-03 0.000000000000000e+00 9.214836709823246e-03 2.999999999998629e-04 -5.605020994949178e-01 9.999999999999995e-03 0.000000000000000e+00 0.000000000000000e+00 
7.250000000000000e+00 -2.081428571428551e-02 6.289701212348722e-03 2.046428571428565e-01 -5.714285714285713e-03 0.000000000000000e+00 6.289701212348722e-03 3.499999999998608e-04 -6.095520994949167e-01 9.999999999999995e-03 0.000000000000000e+00 0.000000000000000e+00 
7.255000000000000e+00 -2.084285714285694e-02 3.119315714874209e-03 2.044285714285708e-01 -5.714285714285713e-03 0.000000000000000e+00 3.119315714874209e-03 3.999999999998588e-04 -6.586020994949157e-01 9.999999999999995e-03 0.000000000000000e+00 0.000000000000000e+00 
7.260000000000000e+00 -2.087142857142837e-02 -2.963197826002942e-04 2.042142857142851e-01 -5.714285714285713e-03 0.000000000000000e+00 -2.963197826002942e-04 4.499999999998602e-04 -7.076520994949146e-01 9.999999999999995e-03 0.000000000000000e+00 0.000000000000000e+00 
7.265000000000001e+00 -2.088571428571408e-02 -4.732328074740508e-04 2.043571428571422e-01 -8.673617379884035e-19 5.714285714285712e-03 -4.732328074740508e-04 4.499999999998602e-04 6.368868895454229e-01 -9.999999999999995e-03 1.393588989040345e+00 -5.714285714285712e-03 
7.270000000000000e+00 -2.088571428571408e-02 2.588576640253001e-03 2.048571428571422e-01 -8.673617379884035e-19 0.000000000000000e+00 2.588576640253001e-03 3.999999999998588e-04 5.878368895454240e-01 -9.999999999999995e-03 0.000000000000000e+00 0.000000000000000e+00 
7.275000000000000e+00 -2.088571428571408e-02 5.405136087980064e-03 2.053571428571422e-01 -8.673617379884035e-19 0.000000000000000e+00 5.405136087980064e-03 3.499999999998574e-04 5.387868895454251e-01 -9.999999999999995e-03 0.000000000000000e+00 0.000000000000000e+00 
7.280000000000000e+00 -2.088571428571408e-02 7.976445535707137e-03 2.058571428571422e-01 -8.673617379884035e-19 0.000000000000000e+00 7.976445535707137e-03 2.999999999998594e-04 4.897368895454262e-01 -9.999999999999995e-03 0.000000000000000e+00 0.000000000000000e+00 
7.285000000000000e+00 -2.088571428571408e-02 1.030250498343422e-02 2.063571428571422e-01 -8.673617379884035e-19 0.000000000000000e+00 1.030250498343422e-02 2.499999999998580e-04 4.406868895454272e-01 -9.999999999999995e-03 0.000000000000000e+00 0.000000000000000e+00 
7.290000000000000e+00 -2.088571428571408e-02 1.238331443116131e-02 2.068571428571422e-01 -8.673617379884035e-19 0.000000000000000e+00 1.238331443116131e-02 1.999999999998600e-04 3.916368895454283e-01 -9.999999999999995e-03 0.000000000000000e+00 0.000000000000000e+00 
7.295000000000000e+00 -2.088571428571408e-02 1.421887387888842e-02 2.073571428571422e-01 -8.673617379884035e-19 0.000000000000000e+00 1.421887387888842e-02 1.499999999998586e-04 3.425868895454294e-01 -9.999999999999995e-03 0.000000000000000e+00 0.000000000000000e+00 
7.300000000000000e+00 -2.088571428571408e-02 1.580918332661554e-02 2.078571428571422e-01 -8.673617379884035e-19 0.000000000000000e+00 1.580918332661554e-02 9.999999999985715e-05 2.935368895454304e-01 -9.999999999999995e-03 0.000000000000000e+00 0.000000000000000e+00 
7.305000000000000e+00 -2.088571428571408e-02 1.715424277434266e-02 2.083571428571422e-01 -8.673617379884035e-19 0.000000000000000e+00 1.715424277434266e-02 4.999999999985918e-05 2.444868895454315e-01 -9.999999999999995e-03 0.000000000000000e+00 0.000000000000000e+00 
7.310000000000000e+00 -2.088571428571408e-02 1.825405222206997e-02 2.088571428571423e-01 -8.673617379884035e-19 0.000000000000000e+00 1.825405222206997e-02 -1.491862189340054e-16 1.954368895454238e-01 -9.999999999999995e-03 0.000000000000000e+00 0.000000000000000e+00 
7.315000000000000e+00 -2.088571428571408e-02 1.910861166979708e-02 2.093571428571423e-01 -8.673617379884035e-19 0.000000000000000e+00 1.910861166979708e-02 -5.000000000015062e-05 1.463868895454249e-01 -9.999999999999995e-03 0.000000000000000e+00 0.000000000000000e+00 
7.320000000000000e+00 -2.088571428571408e-02 1.971792111752419e-02 2.098571428571423e-01 -8.673617379884035e-19 0.000000000000000e+00 1.971792111752419e-02 -1.000000000001486e-04 9.733688954542591e-02 -9.999999999999995e-03 0.000000000000000e+00 0.000000000000000e+00 
7.325000000000000e+00 -2.088571428571408e-02 2.008198056525132e-02 2.103571428571423e-01 -8.673617379884035e-19 0.000000000000000e+00 2.008198056525132e-02 -1.500000000001500e-04 4.828688954542695e-02 -9.999999999999995e-03 0.000000000000000e+00 0.000000000000000e+00 
7.330000000000000e+00 -2.088571428571408e-02 2.020079001297845e-02 2.108571428571423e-01 -8.673617379884035e-19 0.000000000000000e+00 2.020079001297845e-02 -2.000000000001514e-04 -7.631104545720024e-04 -9.999999999999995e-03 0.000000000000000e+00 0.000000000000000e+00 
7.335000000000000e+00 -2.088571428571408e-02 2.007434946070560e-02 2.113571428571423e-01 -8.673617379884035e-19 0.000000000000000e+00 2.007434946070560e-02 -2.500000000001494e-04 -4.981311045457096e-02 -9.999999999999995e-03 0.000000000000000e+00 0.000000000000000e+00 
7.340000000000000e+00 -2.088571428571408e-02 1.970265890843275e-02 2.118571428571423e-01 -8.673617379884035e-19 0.000000000000000e+00 1.970265890843275e-02 -3.000000000001508e-04 -9.886311045456991e-02 -9.999999999999995e-03 0.000000000000000e+00 0.000000000000000e+00 
7.345000000000000e+00 -2.088571428571408e-02 1.908571835615992e-02 2.123571428571423e-01 -8.673617379884035e-19 0.000000000000000e+00 1.908571835615992e-02 -3.500000000001488e-04 -1.479131104545689e-01 -9.999999999999995e-03 0.000000000000000e+00 0.000000000000000e+00 
7.350000000000001e+00 -2.088571428571408e-02 1.822352780388692e-02 2.128571428571424e-01 -8.673617379884035e-19 0.000000000000000e+00 1.822352780388692e-02 -4.000000000001572e-04 -1.969631104545765e-01 -9.999999999999995e-03 0.000000000000000e+00 0.000000000000000e+00 
7.355000000000000e+00 -2.088571428571408e-02 1.711608725161406e-02 2.133571428571424e-01 -8.673617379884035e-19 0.000000000000000e+00 1.711608725161406e-02 -4.500000000001586e-04 -2.460131104545755e-01 -9.999999999999995e-03 0.000000000000000e+00 0.000000000000000e+00 
7.360000000000000e+00 -2.088571428571408e-02 1.576339669934122e-02 2.138571428571424e-01 -8.673617379884035e-19 0.000000000000000e+00 1.576339669934122e-02 -5.000000000001600e-04 -2.950631104545745e-01 -9.999999999999995e-03 0.000000000000000e+00 0.000000000000000e+00 
7.365000000000000e+00 -2.088571428571408e-02 1.416545614706838e-02 2.143571428571424e-01 -8.673617379884035e-19 0.000000000000000e+00 1.416545614706838e-02 -5.500000000001580e-04 -3.441131104545734e-01 -9.999999999999995e-03 0.000000000000000e+00 0.000000000000000e+00 
7.370000000000000e+00 -2.088571428571408e-02 1.232226559479556e-02 2.148571428571424e-01 -8.673617379884035e-19 0.000000000000000e+00 1.232226559479556e-02 -6.000000000001594e-04 -3.931631104545723e-01 -9.999999999999995e-03 0.000000000000000e+00 0.000000000000000e+00 
7.375000000000000e+00 -2.088571428571408e-02 1.023382504252274e-02 2.153571428571424e-01 -8.673617379884035e-19 0.000000000000000e+00 1.023382504252274e-02 -6.500000000001574e-04 -4.422131104545712e-01 -9.999999999999995e-03 0.000000000000000e+00 0.000000000000000e+00 
7.380000000000000e+00 -2.088571428571408e-02 7.900134490249941e-03 2.158571428571424e-01 -8.673617379884035e-19 0.000000000000000e+00 7.900134490249941e-03 -7.000000000001588e-04 -4.912631104545702e-01 -9.999999999999995e-03 0.000000000000000e+00 0.000000000000000e+00 
7.385000000000000e+00 -2.088571428571408e-02 5.321193937977147e-03 2.163571428571424e-01 -8.673617379884035e-19 0.000000000000000e+00 5.321193937977147e-03 -7.500000000001603e-04 -5.403131104545691e-01 -9.999999999999995e-03 0.000000000000000e+00 0.000000000000000e+00 
7.390000000000001e+00 -2.088571428571408e-02 2.497003385703842e-03 2.168571428571425e-01 -8.673617379884035e-19 0.000000000000000e+00 2.497003385703842e-03 -8.000000000001686e-04 -5.893631104545768e-01 -9.999999999999995e-03 0.000000000000000e+00 0.000000000000000e+00 
7.395000000000000e+00 -2.088571428571408e-02 -5.724371665689742e-04 2.173571428571425e-01 -8.673617379884035e-19 0.000000000000000e+00 -5.724371665689742e-04 -8.500000000001666e-04 -6.384131104545757e-01 -9.999999999999995e-03 0.000000000000000e+00 0.000000000000000e+00 
7.400000000000000e+00 -2.089999999999980e-02 -7.320404441826154e-04 2.174999999999996e-01 -5.714285714285713e-03 -5.714285714285712e-03 -7.320404441826154e-04 -8.500000000001666e-04 5.745717994091178e-01 9.999999999999995e-03 1.262034909863692e+00 5.714285714285712e-03 
7.405000000000000e+00 -2.092857142857122e-02 2.018193552862918e-03 2.172857142857139e-01 -5.714285714285713e-03 0.000000000000000e+00 2.018193552862918e-03 -8.000000000001686e-04 5.255217994091189e-01 9.999999999999995e-03 0.000000000000000e+00 0.000000000000000e+00 
7.410000000000000e+00 -2.095714285714265e-02 4.523177549908462e-03 2.170714285714282e-01 -5.714285714285713e-03 0.000000000000000e+00 4.523177549908462e-03 -7.500000000001707e-04 4.764717994091200e-01 9.999999999999995e-03 0.000000000000000e+00 0.000000000000000e+00 
7.415000000000000e+00 -2.098571428571408e-02 6.782911546954017e-03 2.168571428571425e-01 -5.714285714285713e-03 0.000000000000000e+00 6.782911546954017e-03 -7.000000000001727e-04 4.274217994091211e-01 9.999999999999995e-03 0.000000000000000e+00 0.000000000000000e+00 
7.420000000000000e+00 -2.101428571428550e-02 8.797395543999581e-03 2.166428571428567e-01 -5.714285714285713e-03 0.000000000000000e+00 8.797395543999581e-03 -6.500000000001747e-04 3.783717994091221e-01 9.999999999999995e-03 0.000000000000000e+00 0.000000000000000e+00 
7.425000000000000e+00 -2.104285714285693e-02 1.056662954104516e-02 2.164285714285710e-01 -5.714285714285713e-03 0.000000000000000e+00 1.056662954104516e-02 -6.000000000001733e-04 3.293217994091232e-01 9.999999999999995e-03 0.000000000000000e+00 0.000000000000000e+00 
7.430000000000000e+00 -2.107142857142836e-02 1.209061353809074e-02 2.162142857142853e-01 -5.714285714285713e-03 0.000000000000000e+00 1.209061353809074e-02 -5.500000000001753e-04 2.802717994091243e-01 9.999999999999995e-03 0.000000000000000e+00 0.000000000000000e+00 
7.435000000000000e+00 -2.109999999999979e-02 1.336934753513655e-02 2.159999999999996e-01 -5.714285714285713e-03 0.000000000000000e+00 1.336934753513655e-02 -5.000000000001670e-04 2.312217994091166e-01 9.999999999999995e-03 0.000000000000000e+00 0.000000000000000e+00 
7.440000000000000e+00 -2.112857142857122e-02 1.440283153218211e-02 2.157857142857138e-01 -5.714285714285713e-03 0.000000000000000e+00 1.440283153218211e-02 -4.500000000001690e-04 1.821717994091177e-01 9.999999999999995e-03 0.000000000000000e+00 0.000000000000000e+00 
7.445000000000000e+00 -2.115714285714264e-02 1.519106552922768e-02 2.155714285714281e-01 -5.714285714285713e-03 0.000000000000000e+00 1.519106552922768e-02 -4.000000000001711e-04 1.331217994091187e-01 9.999999999999995e-03 0.000000000000000e+00 0.000000000000000e+00 
7.450000000000000e+00 -2.118571428571407e-02 1.573404952627327e-02 2.153571428571424e-01 -5.714285714285713e-03 0.000000000000000e+00 1.573404952627327e-02 -3.500000000001731e-04 8.407179940911974e-02 9.999999999999995e-03 0.000000000000000e+00 0.000000000000000e+00 
7.455000000000000e+00 -2.121428571428549e-02 1.603178352331886e-02 2.151428571428567e-01 -5.714285714285713e-03 0.000000000000000e+00 1.603178352331886e-02 -3.000000000001717e-04 3.502179940912079e-02 9.999999999999995e-03 0.000000000000000e+00 0.000000000000000e+00 
7.460000000000000e+00 -2.124285714285692e-02 1.608426752036447e-02 2.149285714285709e-01 -5.714285714285713e-03 0.000000000000000e+00 1.608426752036447e-02 -2.500000000001737e-04 -1.402820059087817e-02 9.999999999999995e-03 0.000000000000000e+00 0.000000000000000e+00 
7.465000000000000e+00 -2.127142857142835e-02 1.589150151741008e-02 2.147142857142852e-01 -5.714285714285713e-03 0.000000000000000e+00 1.589150151741008e-02 -2.000000000001757e-04 -6.307820059087713e-02 9.999999999999995e-03 0.000000000000000e+00 0.000000000000000e+00 
7.470000000000000e+00 -2.129999999999977e-02 1.545348551445571e-02 2.144999999999995e-01 -5.714285714285713e-03 0.000000000000000e+00 1.545348551445571e-02 -1.500000000001778e-04 -1.121282005908761e-01 9.999999999999995e-03 0.000000000000000e+00 0.000000000000000e+00 
7.475000000000001e+00 -2.132857142857121e-02 1.477021951150120e-02 2.142857142857137e-01 -5.714285714285713e-03 0.000000000000000e+00 1.477021951150120e-02 -1.000000000001694e-04 -1.611782005908838e-01 9.999999999999995e-03 0.000000000000000e+00 0.000000000000000e+00 
7.480000000000000e+00 -2.135714285714263e-02 1.384170350854681e-02 2.140714285714280e-01 -5.714285714285713e-03 0.000000000000000e+00 1.384170350854681e-02 -5.000000000017144e-05 -2.102282005908827e-01 9.999999999999995e-03 0.000000000000000e+00 0.000000000000000e+00 
7.485000000000000e+00 -2.138571428571406e-02 1.266793750559242e-02 2.138571428571423e-01 -5.714285714285713e-03 0.000000000000000e+00 1.266793750559242e-02 -1.700029006457271e-16 -2.592782005908817e-01 9.999999999999995e-03 0.000000000000000e+00 0.000000000000000e+00 
7.490000000000000e+00 -2.141428571428549e-02 1.124892150263804e-02 2.136428571428566e-01 -5.714285714285713e-03 0.000000000000000e+00 1.124892150263804e-02 4.999999999982796e-05 -3.083282005908806e-01 9.999999999999995e-03 0.000000000000000e+00 0.000000000000000e+00 
7.495000000000000e+00 -2.144285714285691e-02 9.584655499683679e-03 2.134285714285709e-01 -5.714285714285713e-03 0.000000000000000e+00 9.584655499683679e-03 9.999999999982592e-05 -3.573782005908795e-01 9.999999999999995e-03 0.000000000000000e+00 0.000000000000000e+00 
7.500000000000000e+00 -2.147142857142834e-02 7.675139496729325e-03 2.132142857142851e-01 -5.714285714285713e-03 0.000000000000000e+00 7.675139496729325e-03 1.499999999998239e-04 -4.064282005908785e-01 9.999999999999995e-03 0.000000000000000e+00 0.000000000000000e+00 
7.505000000000000e+00 -2.149999999999977e-02 5.520373493774981e-03 2.129999999999994e-01 -5.714285714285713e-03 0.000000000000000e+00 5.520373493774981e-03 1.999999999998218e-04 -4.554782005908774e-01 9.999999999999995e-03 0.000000000000000e+00 0.000000000000000e+00 
7.510000000000000e+00 -2.152857142857119e-02 3.120357490820648e-03 2.127857142857137e-01 -5.714285714285713e-03 0.000000000000000e+00 3.120357490820648e-03 2.499999999998233e-04 -5.045282005908763e-01 9.999999999999995e-03 0.000000000000000e+00 0.000000000000000e+00 
7.515000000000001e+00 -2.155714285714263e-02 4.750914878658336e-04 2.125714285714279e-01 -5.714285714285713e-03 0.000000000000000e+00 4.750914878658336e-04 2.999999999998317e-04 -5.535782005908840e-01 9.999999999999995e-03 0.000000000000000e+00 0.000000000000000e+00 
7.520000000000000e+00 -2.157142857142834e-02 3.366969377181152e-04 2.127142857142851e-01 -8.673617379884035e-19 5.714285714285712e-03 3.366969377181152e-04 2.999999999998282e-04 4.982203805317955e-01 -9.999999999999995e-03 1.100848581122678e+00 -5.714285714285712e-03 
7.525000000000000e+00 -2.157142857142834e-02 2.705173840377045e-03 2.132142857142851e-01 -8.673617379884035e-19 0.000000000000000e+00 2.705173840377045e-03 2.499999999998302e-04 4.491703805317966e-01 -9.999999999999995e-03 0.000000000000000e+00 0.000000000000000e+00 
7.530000000000000e+00 -2.157142857142834e-02 4.828400743035985e-03 2.137142857142851e-01 -8.673617379884035e-19 0.000000000000000e+00 4.828400743035985e-03 1.999999999998288e-04 4.001203805317977e-01 -9.999999999999995e-03 0.000000000000000e+00 0.000000000000000e+00 
7.535000000000000e+00 -2.157142857142834e-02 6.706377645694936e-03 2.142142857142851e-01 -8.673617379884035e-19 0.000000000000000e+00 6.706377645694936e-03 1.499999999998308e-04 3.510703805317987e-01 -9.999999999999995e-03 0.000000000000000e+00 0.000000000000000e+00 
7.540000000000000e+00 -2.157142857142834e-02 8.339104548353897e-03 2.147142857142851e-01 -8.673617379884035e-19 0.000000000000000e+00 8.339104548353897e-03 9.999999999982939e-05 3.020203805317998e-01 -9.999999999999995e-03 0.000000000000000e+00 0.000000000000000e+00 
7.545000000000000e+00 -2.157142857142834e-02 9.726581451012869e-03 2.152142857142851e-01 -8.673617379884035e-19 0.000000000000000e+00 9.726581451012869e-03 4.999999999982796e-05 2.529703805318009e-01 -9.999999999999995e-03 0.000000000000000e+00 0.000000000000000e+00 
7.550000000000000e+00 -2.157142857142834e-02 1.086880835367185e-02 2.157142857142851e-01 -8.673617379884035e-19 0.000000000000000e+00 1.086880835367185e-02 -1.700029006457271e-16 2.039203805318019e-01 -9.999999999999995e-03 0.000000000000000e+00 0.000000000000000e+00 
7.555000000000000e+00 -2.157142857142834e-02 1.176578525633085e-02 2.162142857142851e-01 -8.673617379884035e-19 0.000000000000000e+00 1.176578525633085e-02 -5.000000000017144e-05 1.548703805318030e-01 -9.999999999999995e-03 0.000000000000000e+00 0.000000000000000e+00 
7.560000000000000e+00 -2.157142857142834e-02 1.241751215898994e-02 2.167142857142852e-01 -8.673617379884035e-19 0.000000000000000e+00 1.241751215898994e-02 -1.000000000001798e-04 1.058203805317953e-01 -9.999999999999995e-03 0.000000000000000e+00 0.000000000000000e+00 
7.565000000000000e+00 -2.157142857142834e-02 1.282398906164891e-02 2.172142857142852e-01 -8.673617379884035e-19 0.000000000000000e+00 1.282398906164891e-02 -1.500000000001778e-04 5.677038053179634e-02 -9.999999999999995e-03 0.000000000000000e+00 0.000000000000000e+00 
7.570000000000000e+00 -2.157142857142834e-02 1.298521596430789e-02 2.177142857142852e-01 -8.673617379884035e-19 0.000000000000000e+00 1.298521596430789e-02 -2.000000000001792e-04 7.720380531797383e-03 -9.999999999999995e-03 0.000000000000000e+00 0.000000000000000e+00 
7.575000000000000e+00 -2.157142857142834e-02 1.290119286696688e-02 2.182142857142852e-01 -8.673617379884035e-19 0.000000000000000e+00 1.290119286696688e-02 -2.500000000001806e-04 -4.132961946820157e-02 -9.999999999999995e-03 0.000000000000000e+00 0.000000000000000e+00 
7.580000000000000e+00 -2.157142857142834e-02 1.257191976962589e-02 2.187142857142852e-01 -8.673617379884035e-19 0.000000000000000e+00 1.257191976962589e-02 -3.000000000001786e-04 -9.037961946820053e-02 -9.999999999999995e-03 0.000000000000000e+00 0.000000000000000e+00 
7.585000000000000e+00 -2.157142857142834e-02 1.199739667228490e-02 2.192142857142852e-01 -8.673617379884035e-19 0.000000000000000e+00 1.199739667228490e-02 -3.500000000001800e-04 -1.394296194681995e-01 -9.999999999999995e-03 0.000000000000000e+00 0.000000000000000e+00 
7.590000000000000e+00 -2.157142857142834e-02 1.117762357494392e-02 2.197142857142852e-01 -8.673617379884035e-19 0.000000000000000e+00 1.117762357494392e-02 -4.000000000001780e-04 -1.884796194681984e-01 -9.999999999999995e-03 0.000000000000000e+00 0.000000000000000e+00 
7.595000000000000e+00 -2.157142857142834e-02 1.011260047760295e-02 2.202142857142852e-01 -8.673617379884035e-19 0.000000000000000e+00 1.011260047760295e-02 -4.500000000001794e-04 -2.375296194681974e-01 -9.999999999999995e-03 0.000000000000000e+00 0.000000000000000e+00 
7.600000000000001e+00 -2.157142857142834e-02 8.802327380261744e-03 2.207142857142853e-01 -8.673617379884035e-19 0.000000000000000e+00 8.802327380261744e-03 -5.000000000001878e-04 -2.865796194682051e-01 -9.999999999999995e-03 0.000000000000000e+00 0.000000000000000e+00 
7.605000000000000e+00 -2.157142857142834e-02 7.246804282920754e-03 2.212142857142853e-01 -8.673617379884035e-19 0.000000000000000e+00 7.246804282920754e-03 -5.500000000001892e-04 -3.356296194682040e-01 -9.999999999999995e-03 0.000000000000000e+00 0.000000000000000e+00 
7.610000000000000e+00 -2.157142857142834e-02 5.446031185579775e-03 2.217142857142853e-01 -8.673617379884035e-19 0.000000000000000e+00 5.446031185579775e-03 -6.000000000001872e-04 -3.846796194682029e-01 -9.999999999999995e-03 0.000000000000000e+00 0.000000000000000e+00 
7.615000000000000e+00 -2.157142857142834e-02 3.400008088238807e-03 2.222142857142853e-01 -8.673617379884035e-19 0.000000000000000e+00 3.400008088238807e-03 -6.500000000001886e-04 -4.337296194682019e-01 -9.999999999999995e-03 0.000000000000000e+00 0.000000000000000e+00 
7.620000000000000e+00 -2.157142857142834e-02 1.108734990897849e-03 2.227142857142853e-01 -8.673617379884035e-19 0.000000000000000e+00 1.108734990897849e-03 -7.000000000001866e-04 -4.827796194682008e-01 -9.999999999999995e-03 0.000000000000000e+00 0.000000000000000e+00 
7.625000000000000e+00 -2.158571428571405e-02 9.880400860308018e-04 2.228571428571424e-01 -5.714285714285713e-03 -5.714285714285712e-03 9.880400860308018e-04 -7.000000000001901e-04 4.345016575213808e-01 9.999999999999995e-03 9.663312769895805e-01 5.714285714285712e-03 
7.630000000000000e+00 -2.161428571428548e-02 3.037923373637665e-03 2.226428571428567e-01 -5.714285714285713e-03 0.000000000000000e+00 3.037923373637665e-03 -6.500000000001886e-04 3.854516575213819e-01 9.999999999999995e-03 0.000000000000000e+00 0.000000000000000e+00 
7.635000000000000e+00 -2.164285714285690e-02 4.842556661244538e-03 2.224285714285709e-01 -5.714285714285713e-03 0.000000000000000e+00 4.842556661244538e-03 -6.000000000001907e-04 3.364016575213830e-01 9.999999999999995e-03 0.000000000000000e+00 0.000000000000000e+00 
7.640000000000001e+00 -2.167142857142834e-02 6.401939948851677e-03 2.222142857142852e-01 -5.714285714285713e-03 0.000000000000000e+00 6.401939948851677e-03 -5.500000000001823e-04 2.873516575213753e-01 9.999999999999995e-03 0.000000000000000e+00 0.000000000000000e+00 
7.645000000000000e+00 -2.169999999999976e-02 7.716073236458528e-03 2.219999999999995e-01 -5.714285714285713e-03 0.000000000000000e+00 7.716073236458528e-03 -5.000000000001843e-04 2.383016575213763e-01 9.999999999999995e-03 0.000000000000000e+00 0.000000000000000e+00 
7.650000000000000e+00 -2.172857142857119e-02 8.784956524065388e-03 2.217857142857138e-01 -5.714285714285713e-03 0.000000000000000e+00 8.784956524065388e-03 -4.500000000001864e-04 1.892516575213773e-01 9.999999999999995e-03 0.000000000000000e+00 0.000000000000000e+00 
7.655000000000000e+00 -2.175714285714262e-02 9.608589811672260e-03 2.215714285714280e-01 -5.714285714285713e-03 0.000000000000000e+00 9.608589811672260e-03 -4.000000000001884e-04 1.402016575213784e-01 9.999999999999995e-03 0.000000000000000e+00 0.000000000000000e+00 
7.660000000000000e+00 -2.178571428571404e-02 1.018697309927914e-02 2.213571428571423e-01 -5.714285714285713e-03 0.000000000000000e+00 1.018697309927914e-02 -3.500000000001870e-04 9.115165752137944e-02 9.999999999999995e-03 0.000000000000000e+00 0.000000000000000e+00 
7.665000000000000e+00 -2.181428571428547e-02 1.052010638688603e-02 2.211428571428566e-01 -5.714285714285713e-03 0.000000000000000e+00 1.052010638688603e-02 -3.000000000001890e-04 4.210165752138048e-02 9.999999999999995e-03 0.000000000000000e+00 0.000000000000000e+00 
7.670000000000000e+00 -2.184285714285690e-02 1.060798967449294e-02 2.209285714285709e-01 -5.714285714285713e-03 0.000000000000000e+00 1.060798967449294e-02 -2.500000000001910e-04 -6.948342478618474e-03 9.999999999999995e-03 0.000000000000000e+00 0.000000000000000e+00 
7.675000000000000e+00 -2.187142857142832e-02 1.045062296209985e-02 2.207142857142851e-01 -5.714285714285713e-03 0.000000000000000e+00 1.045062296209985e-02 -2.000000000001931e-04 -5.599834247861743e-02 9.999999999999995e-03 0.000000000000000e+00 0.000000000000000e+00 
7.680000000000000e+00 -2.189999999999975e-02 1.004800624970678e-02 2.204999999999994e-01 -5.714285714285713e-03 0.000000000000000e+00 1.004800624970678e-02 -1.500000000001951e-04 -1.050483424786164e-01 9.999999999999995e-03 0.000000000000000e+00 0.000000000000000e+00 
7.685000000000000e+00 -2.192857142857118e-02 9.400139537313574e-03 2.202857142857137e-01 -5.714285714285713e-03 0.000000000000000e+00 9.400139537313574e-03 -1.000000000001867e-04 -1.540983424786241e-01 9.999999999999995e-03 0.000000000000000e+00 0.000000000000000e+00 
7.690000000000000e+00 -2.195714285714261e-02 8.507022824920475e-03 2.200714285714279e-01 -5.714285714285713e-03 0.000000000000000e+00 8.507022824920475e-03 -5.000000000018531e-05 -2.031483424786230e-01 9.999999999999995e-03 0.000000000000000e+00 0.000000000000000e+00 
7.695000000000000e+00 -2.198571428571404e-02 7.368656112527387e-03 2.198571428571422e-01 -5.714285714285713e-03 0.000000000000000e+00 7.368656112527387e-03 -1.873501354054952e-16 -2.521983424786219e-01 9.999999999999995e-03 0.000000000000000e+00 0.000000000000000e+00 
7.700000000000000e+00 -2.201428571428546e-02 5.985039400134310e-03 2.196428571428565e-01 -5.714285714285713e-03 0.000000000000000e+00 5.985039400134310e-03 4.999999999981061e-05 -3.012483424786209e-01 9.999999999999995e-03 0.000000000000000e+00 0.000000000000000e+00 
7.705000000000000e+00 -2.204285714285689e-02 4.356172687741243e-03 2.194285714285708e-01 -5.714285714285713e-03 0.000000000000000e+00 4.356172687741243e-03 9.999999999980858e-05 -3.502983424786198e-01 9.999999999999995e-03 0.000000000000000e+00 0.000000000000000e+00 
7.710000000000000e+00 -2.207142857142831e-02 2.482055975348186e-03 2.192142857142851e-01 -5.714285714285713e-03 0.000000000000000e+00 2.482055975348186e-03 1.499999999998065e-04 -3.993483424786187e-01 9.999999999999995e-03 0.000000000000000e+00 0.000000000000000e+00 
7.715000000000000e+00 -2.209999999999974e-02 3.626892629551405e-04 2.189999999999993e-01 -5.714285714285713e-03 0.000000000000000e+00 3.626892629551405e-04 1.999999999998080e-04 -4.483983424786177e-01 9.999999999999995e-03 0.000000000000000e+00 0.000000000000000e+00 
7.720000000000000e+00 -2.211428571428545e-02 2.505896773354888e-04 2.191428571428565e-01 -8.673617379884035e-19 5.714285714285712e-03 2.505896773354888e-04 1.999999999998045e-04 4.035585082307560e-01 -9.999999999999995e-03 9.010068507093726e-01 -5.714285714285712e-03 
7.725000000000001e+00 -2.211428571428545e-02 2.145757218489546e-03 2.196428571428566e-01 -8.673617379884035e-19 0.000000000000000e+00 2.145757218489546e-03 1.499999999997961e-04 3.545085082307483e-01 -9.999999999999995e-03 0.000000000000000e+00 0.000000000000000e+00 
7.730000000000000e+00 -2.211428571428545e-02 3.795674759643255e-03 2.201428571428566e-01 -8.673617379884035e-19 0.000000000000000e+00 3.795674759643255e-03 9.999999999979817e-05 3.054585082307494e-01 -9.999999999999995e-03 0.000000000000000e+00 0.000000000000000e+00 
7.735000000000000e+00 -2.211428571428545e-02 5.200342300796974e-03 2.206428571428566e-01 -8.673617379884035e-19 0.000000000000000e+00 5.200342300796974e-03 4.999999999979673e-05 2.564085082307505e-01 -9.999999999999995e-03 0.000000000000000e+00 0.000000000000000e+00 
7.740000000000000e+00 -2.211428571428545e-02 6.359759841950705e-03 2.211428571428566e-01 -8.673617379884035e-19 0.000000000000000e+00 6.359759841950705e-03 -2.012279232133096e-16 2.073585082307515e-01 -9.999999999999995e-03 0.000000000000000e+00 0.000000000000000e+00 
7.745000000000000e+00 -2.211428571428545e-02 7.273927383104445e-03 2.216428571428566e-01 -8.673617379884035e-19 0.000000000000000e+00 7.273927383104445e-03 -5.000000000020266e-05 1.583085082307525e-01 -9.999999999999995e-03 0.000000000000000e+00 0.000000000000000e+00 
7.750000000000000e+00 -2.211428571428545e-02 7.942844924258197e-03 2.221428571428566e-01 -8.673617379884035e-19 0.000000000000000e+00 7.942844924258197e-03 -1.000000000002041e-04 1.092585082307536e-01 -9.999999999999995e-03 0.000000000000000e+00 0.000000000000000e+00 
7.755000000000000e+00 -2.211428571428545e-02 8.366512465411959e-03 2.226428571428566e-01 -8.673617379884035e-19 0.000000000000000e+00 8.366512465411959e-03 -1.500000000002021e-04 6.020850823075463e-02 -9.999999999999995e-03 0.000000000000000e+00 0.000000000000000e+00 
7.760000000000000e+00 -2.211428571428545e-02 8.544930006565730e-03 2.231428571428566e-01 -8.673617379884035e-19 0.000000000000000e+00 8.544930006565730e-03 -2.000000000002035e-04 1.115850823075568e-02 -9.999999999999995e-03 0.000000000000000e+00 0.000000000000000e+00 
7.765000000000001e+00 -2.211428571428545e-02 8.478097547719478e-03 2.236428571428566e-01 -8.673617379884035e-19 0.000000000000000e+00 8.478097547719478e-03 -2.500000000002119e-04 -3.789149176925199e-02 -9.999999999999995e-03 0.000000000000000e+00 0.000000000000000e+00 
7.770000000000000e+00 -2.211428571428545e-02 8.166015088873227e-03 2.241428571428566e-01 -8.673617379884035e-19 0.000000000000000e+00 8.166015088873227e-03 -3.000000000002098e-04 -8.694149176925095e-02 -9.999999999999995e-03 0.000000000000000e+00 0.000000000000000e+00 
7.775000000000000e+00 -2.211428571428545e-02 7.608682630026987e-03 2.246428571428566e-01 -8.673617379884035e-19 0.000000000000000e+00 7.608682630026987e-03 -3.500000000002113e-04 -1.359914917692499e-01 -9.999999999999995e-03 0.000000000000000e+00 0.000000000000000e+00 
7.780000000000000e+00 -2.211428571428545e-02 6.806100171180757e-03 2.251428571428566e-01 -8.673617379884035e-19 0.000000000000000e+00 6.806100171180757e-03 -4.000000000002127e-04 -1.850414917692489e-01 -9.999999999999995e-03 0.000000000000000e+00 0.000000000000000e+00 
7.785000000000000e+00 -2.211428571428545e-02 5.758267712334538e-03 2.256428571428566e-01 -8.673617379884035e-19 0.000000000000000e+00 5.758267712334538e-03 -4.500000000002106e-04 -2.340914917692478e-01 -9.999999999999995e-03 0.000000000000000e+00 0.000000000000000e+00 
7.790000000000000e+00 -2.211428571428545e-02 4.465185253488329e-03 2.261428571428566e-01 -8.673617379884035e-19 0.000000000000000e+00 4.465185253488329e-03 -5.000000000002121e-04 -2.831414917692467e-01 -9.999999999999995e-03 0.000000000000000e+00 0.000000000000000e+00 
7.795000000000000e+00 -2.211428571428545e-02 2.926852794642131e-03 2.266428571428566e-01 -8.673617379884035e-19 0.000000000000000e+00 2.926852794642131e-03 -5.500000000002100e-04 -3.321914917692457e-01 -9.999999999999995e-03 0.000000000000000e+00 0.000000000000000e+00 
7.800000000000000e+00 -2.211428571428545e-02 1.143270335795943e-03 2.271428571428566e-01 -8.673617379884035e-19 0.000000000000000e+00 1.143270335795943e-03 -6.000000000002115e-04 -3.812414917692446e-01 -9.999999999999995e-03 0.000000000000000e+00 0.000000000000000e+00 
7.805000000000001e+00 -2.211428571428545e-02 -8.855621230506160e-04 2.276428571428567e-01 -8.673617379884035e-19 0.000000000000000e+00 -8.855621230506160e-04 -6.500000000002198e-04 -4.302914917692523e-01 -9.999999999999995e-03 0.000000000000000e+00 0.000000000000000e+00 
7.810000000000000e+00 -2.212857142857117e-02 -9.931349959929267e-04 2.277857142857139e-01 -5.714285714285713e-03 -5.714285714285712e-03 -9.931349959929267e-04 -6.500000000002198e-04 3.872623425923271e-01 9.999999999999995e-03 8.666038343615783e-01 5.714285714285712e-03 
7.815000000000000e+00 -2.215714285714259e-02 8.205517169686727e-04 2.275714285714281e-01 -5.714285714285713e-03 0.000000000000000e+00 8.205517169686727e-04 -6.000000000002219e-04 3.382123425923281e-01 9.999999999999995e-03 0.000000000000000e+00 0.000000000000000e+00 
7.820000000000000e+00 -2.218571428571402e-02 2.388988429930283e-03 2.273571428571424e-01 -5.714285714285713e-03 0.000000000000000e+00 2.388988429930283e-03 -5.500000000002239e-04 2.891623425923292e-01 9.999999999999995e-03 0.000000000000000e+00 0.000000000000000e+00 
7.825000000000000e+00 -2.221428571428545e-02 3.712175142891903e-03 2.271428571428567e-01 -5.714285714285713e-03 0.000000000000000e+00 3.712175142891903e-03 -5.000000000002260e-04 2.401123425923302e-01 9.999999999999995e-03 0.000000000000000e+00 0.000000000000000e+00 
7.830000000000000e+00 -2.224285714285687e-02 4.790111855853534e-03 2.269285714285710e-01 -5.714285714285713e-03 0.000000000000000e+00 4.790111855853534e-03 -4.500000000002245e-04 1.910623425923313e-01 9.999999999999995e-03 0.000000000000000e+00 0.000000000000000e+00 
7.835000000000000e+00 -2.227142857142830e-02 5.622798568815175e-03 2.267142857142853e-01 -5.714285714285713e-03 0.000000000000000e+00 5.622798568815175e-03 -4.000000000002266e-04 1.420123425923323e-01 9.999999999999995e-03 0.000000000000000e+00 0.000000000000000e+00 
7.840000000000000e+00 -2.229999999999973e-02 6.210235281776826e-03 2.264999999999995e-01 -5.714285714285713e-03 0.000000000000000e+00 6.210235281776826e-03 -3.500000000002286e-04 9.296234259233338e-02 9.999999999999995e-03 0.000000000000000e+00 0.000000000000000e+00 
7.845000000000000e+00 -2.232857142857115e-02 6.552421994738489e-03 2.262857142857138e-01 -5.714285714285713e-03 0.000000000000000e+00 6.552421994738489e-03 -3.000000000002306e-04 4.391234259233442e-02 9.999999999999995e-03 0.000000000000000e+00 0.000000000000000e+00 
7.850000000000001e+00 -2.235714285714259e-02 6.649358707700156e-03 2.260714285714281e-01 -5.714285714285713e-03 0.000000000000000e+00 6.649358707700156e-03 -2.500000000002223e-04 -5.137657407673246e-03 9.999999999999995e-03 0.000000000000000e+00 0.000000000000000e+00 
7.855000000000000e+00 -2.238571428571401e-02 6.501045420661796e-03 2.258571428571423e-01 -5.714285714285713e-03 0.000000000000000e+00 6.501045420661796e-03 -2.000000000002243e-04 -5.418765740767220e-02 9.999999999999995e-03 0.000000000000000e+00 0.000000000000000e+00 
7.860000000000000e+00 -2.241428571428544e-02 6.107482133623446e-03 2.256428571428566e-01 -5.714285714285713e-03 0.000000000000000e+00 6.107482133623446e-03 -1.500000000002229e-04 -1.032376574076712e-01 9.999999999999995e-03 0.000000000000000e+00 0.000000000000000e+00 
7.865000000000000e+00 -2.244285714285687e-02 5.468668846585106e-03 2.254285714285709e-01 -5.714285714285713e-03 0.000000000000000e+00 5.468668846585106e-03 -1.000000000002249e-04 -1.522876574076701e-01 9.999999999999995e-03 0.000000000000000e+00 0.000000000000000e+00 
7.870000000000000e+00 -2.247142857142829e-02 4.584605559546777e-03 2.252142857142852e-01 -5.714285714285713e-03 0.000000000000000e+00 4.584605559546777e-03 -5.000000000022695e-05 -2.013376574076691e-01 9.999999999999995e-03 0.000000000000000e+00 0.000000000000000e+00 
7.875000000000000e+00 -2.249999999999972e-02 3.455292272508459e-03 2.249999999999995e-01 -5.714285714285713e-03 0.000000000000000e+00 3.455292272508459e-03 -2.289834988289385e-16 -2.503876574076680e-01 9.999999999999995e-03 0.000000000000000e+00 0.000000000000000e+00 
7.880000000000000e+00 -2.252857142857114e-02 2.080728985470151e-03 2.247857142857137e-01 -5.714285714285713e-03 0.000000000000000e+00 2.080728985470151e-03 4.999999999976898e-05 -2.994376574076669e-01 9.999999999999995e-03 0.000000000000000e+00 0.000000000000000e+00 
7.885000000000000e+00 -2.255714285714257e-02 4.609156984318539e-04 2.245714285714280e-01 -5.714285714285713e-03 0.000000000000000e+00 4.609156984318539e-04 9.999999999977041e-05 -3.484876574076659e-01 9.999999999999995e-03 0.000000000000000e+00 0.000000000000000e+00 
7.890000000000001e+00 -2.257142857142829e-02 3.737937840799236e-04 2.247142857142852e-01 -8.673617379884035e-19 5.714285714285712e-03 3.737937840799236e-04 9.999999999977041e-05 3.136388916668992e-01 -9.999999999999995e-03 7.111765490745727e-01 -5.714285714285712e-03 
7.895000000000000e+00 -2.257142857142829e-02 1.819363242414391e-03 2.252142857142852e-01 -8.673617379884035e-19 0.000000000000000e+00 1.819363242414391e-03 4.999999999976898e-05 2.645888916669002e-01 -9.999999999999995e-03 0.000000000000000e+00 0.000000000000000e+00 
7.900000000000000e+00 -2.257142857142829e-02 3.019682700748870e-03 2.257142857142852e-01 -8.673617379884035e-19 0.000000000000000e+00 3.019682700748870e-03 -2.324529457808922e-16 2.155388916669013e-01 -9.999999999999995e-03 0.000000000000000e+00 0.000000000000000e+00 
7.905000000000000e+00 -2.257142857142829e-02 3.974752159083358e-03 2.262142857142852e-01 -8.673617379884035e-19 0.000000000000000e+00 3.974752159083358e-03 -5.000000000023042e-05 1.664888916669023e-01 -9.999999999999995e-03 0.000000000000000e+00 0.000000000000000e+00 
7.910000000000000e+00 -2.257142857142829e-02 4.684571617417858e-03 2.267142857142852e-01 -8.673617379884035e-19 0.000000000000000e+00 4.684571617417858e-03 -1.000000000002318e-04 1.174388916669034e-01 -9.999999999999995e-03 0.000000000000000e+00 0.000000000000000e+00 
7.915000000000000e+00 -2.257142857142829e-02 5.149141075752367e-03 2.272142857142852e-01 -8.673617379884035e-19 0.000000000000000e+00 5.149141075752367e-03 -1.500000000002298e-04 6.838889166690443e-02 -9.999999999999995e-03 0.000000000000000e+00 0.000000000000000e+00 
7.920000000000000e+00 -2.257142857142829e-02 5.368460534086888e-03 2.277142857142852e-01 -8.673617379884035e-19 0.000000000000000e+00 5.368460534086888e-03 -2.000000000002312e-04 1.933889166690547e-02 -9.999999999999995e-03 0.000000000000000e+00 0.000000000000000e+00 
7.925000000000000e+00 -2.257142857142829e-02 5.342529992421418e-03 2.282142857142852e-01 -8.673617379884035e-19 0.000000000000000e+00 5.342529992421418e-03 -2.500000000002327e-04 -2.971110833309348e-02 -9.999999999999995e-03 0.000000000000000e+00 0.000000000000000e+00 
7.930000000000001e+00 -2.257142857142829e-02 5.071349450755889e-03 2.287142857142853e-01 -8.673617379884035e-19 0.000000000000000e+00 5.071349450755889e-03 -3.000000000002410e-04 -7.876110833310115e-02 -9.999999999999995e-03 0.000000000000000e+00 0.000000000000000e+00 
7.935000000000000e+00 -2.257142857142829e-02 4.554918909090397e-03 2.292142857142853e-01 -8.673617379884035e-19 0.000000000000000e+00 4.554918909090397e-03 -3.500000000002390e-04 -1.278111083331001e-01 -9.999999999999995e-03 0.000000000000000e+00 0.000000000000000e+00 
7.940000000000000e+00 -2.257142857142829e-02 3.793238367424916e-03 2.297142857142853e-01 -8.673617379884035e-19 0.000000000000000e+00 3.793238367424916e-03 -4.000000000002404e-04 -1.768611083330991e-01 -9.999999999999995e-03 0.000000000000000e+00 0.000000000000000e+00 
7.945000000000000e+00 -2.257142857142829e-02 2.786307825759444e-03 2.302142857142853e-01 -8.673617379884035e-19 0.000000000000000e+00 2.786307825759444e-03 -4.500000000002384e-04 -2.259111083330980e-01 -9.999999999999995e-03 0.000000000000000e+00 0.000000000000000e+00 
7.950000000000000e+00 -2.257142857142829e-02 1.534127284093984e-03 2.307142857142853e-01 -8.673617379884035e-19 0.000000000000000e+00 1.534127284093984e-03 -5.000000000002398e-04 -2.749611083330969e-01 -9.999999999999995e-03 0.000000000000000e+00 0.000000000000000e+00 
7.955000000000000e+00 -2.257142857142829e-02 3.669674242853349e-05 2.312142857142853e-01 -8.673617379884035e-19 0.000000000000000e+00 3.669674242853349e-05 -5.500000000002413e-04 -3.240111083330959e-01 -9.999999999999995e-03 0.000000000000000e+00 0.000000000000000e+00 
7.960000000000000e+00 -2.258571428571400e-02 -4.430603465473896e-05 2.313571428571424e-01 -5.714285714285713e-03 -5.714285714285712e-03 -4.430603465473896e-05 -5.500000000002413e-04 2.916099974997862e-01 9.999999999999995e-03 6.646711058328810e-01 5.714285714285712e-03 
7.965000000000000e+00 -2.261428571428543e-02 1.291118952844166e-03 2.311428571428567e-01 -5.714285714285713e-03 0.000000000000000e+00 1.291118952844166e-03 -5.000000000002433e-04 2.425599974997873e-01 9.999999999999995e-03 0.000000000000000e+00 0.000000000000000e+00 
7.970000000000000e+00 -2.264285714285685e-02 2.381293940343082e-03 2.309285714285710e-01 -5.714285714285713e-03 0.000000000000000e+00 2.381293940343082e-03 -4.500000000002419e-04 1.935099974997883e-01 9.999999999999995e-03 0.000000000000000e+00 0.000000000000000e+00 
7.975000000000001e+00 -2.267142857142829e-02 3.226218927842136e-03 2.307142857142852e-01 -5.714285714285713e-03 0.000000000000000e+00 3.226218927842136e-03 -4.000000000002335e-04 1.444599974997806e-01 9.999999999999995e-03 0.000000000000000e+00 0.000000000000000e+00 
7.980000000000000e+00 -2.269999999999971e-02 3.825893915341029e-03 2.304999999999995e-01 -5.714285714285713e-03 0.000000000000000e+00 3.825893915341029e-03 -3.500000000002355e-04 9.540999749978168e-02 9.999999999999995e-03 0.000000000000000e+00 0.000000000000000e+00 
7.985000000000000e+00 -2.272857142857114e-02 4.180318902839933e-03 2.302857142857138e-01 -5.714285714285713e-03 0.000000000000000e+00 4.180318902839933e-03 -3.000000000002376e-04 4.635999749978273e-02 9.999999999999995e-03 0.000000000000000e+00 0.000000000000000e+00 
7.990000000000000e+00 -2.275714285714257e-02 4.289493890338847e-03 2.300714285714280e-01 -5.714285714285713e-03 0.000000000000000e+00 4.289493890338847e-03 -2.500000000002396e-04 -2.690002500216226e-03 9.999999999999995e-03 0.000000000000000e+00 0.000000000000000e+00 
7.995000000000000e+00 -2.278571428571399e-02 4.153418877837771e-03 2.298571428571423e-01 -5.714285714285713e-03 0.000000000000000e+00 4.153418877837771e-03 -2.000000000002417e-04 -5.174000250021518e-02 9.999999999999995e-03 0.000000000000000e+00 0.000000000000000e+00 
8.000000000000000e+00 -2.281428571428542e-02 3.772093865336706e-03 2.296428571428566e-01 -5.714285714285713e-03 0.000000000000000e+00 3.772093865336706e-03 -1.500000000002402e-04 -1.007900025002141e-01 9.999999999999995e-03 0.000000000000000e+00 0.000000000000000e+00 
8.005000000000001e+00 -2.284285714285685e-02 3.145518852835518e-03 2.294285714285708e-01 -5.714285714285713e-03 0.000000000000000e+00 3.145518852835518e-03 -1.000000000002318e-04 -1.498400025002218e-01 9.999999999999995e-03 0.000000000000000e+00 0.000000000000000e+00 
8.010000000000000e+00 -2.287142857142828e-02 2.273693840334607e-03 2.292142857142852e-01 -5.714285714285713e-03 0.000000000000000e+00 2.273693840334607e-03 -5.000000000024429e-05 -1.988900025002120e-01 9.999999999999995e-03 0.000000000000000e+00 0.000000000000000e+00 
8.015000000000001e+00 -2.289999999999971e-02 1.156618827833353e-03 2.289999999999994e-01 -5.714285714285713e-03 0.000000000000000e+00 1.156618827833353e-03 -2.359223927328458e-16 -2.479400025002197e-01 9.999999999999995e-03 0.000000000000000e+00 0.000000000000000e+00 
8.020000000000000e+00 -2.292857142857113e-02 -2.057061846674503e-04 2.287857142857138e-01 -5.714285714285713e-03 0.000000000000000e+00 -2.057061846674503e-04 4.999999999975510e-05 -2.969900025002100e-01 9.999999999999995e-03 0.000000000000000e+00 0.000000000000000e+00 
8.025000000000000e+00 -2.294285714285685e-02 -2.799536852925145e-04 2.289285714285709e-01 -8.673617379884035e-19 5.714285714285712e-03 -2.799536852925145e-04 4.999999999975510e-05 2.672910022501890e-01 -9.999999999999995e-03 6.133310047504066e-01 -5.714285714285712e-03 
8.029999999999999e+00 -2.294285714285685e-02 9.338763259582133e-04 2.294285714285708e-01 -8.673617379884035e-19 0.000000000000000e+00 9.338763259582133e-04 -2.359223927328458e-16 2.182410022501987e-01 -9.999999999999995e-03 0.000000000000000e+00 0.000000000000000e+00 
8.035000000000000e+00 -2.294285714285685e-02 1.902456337209339e-03 2.299285714285709e-01 -8.673617379884035e-19 0.000000000000000e+00 1.902456337209339e-03 -5.000000000024429e-05 1.691910022501911e-01 -9.999999999999995e-03 0.000000000000000e+00 0.000000000000000e+00 
8.040000000000001e+00 -2.294285714285685e-02 2.625786348460389e-03 2.304285714285710e-01 -8.673617379884035e-19 0.000000000000000e+00 2.625786348460389e-03 -1.000000000002527e-04 1.201410022501834e-01 -9.999999999999995e-03 0.000000000000000e+00 0.000000000000000e+00 
8.045000000000000e+00 -2.294285714285685e-02 3.103866359711235e-03 2.309285714285709e-01 -8.673617379884035e-19 0.000000000000000e+00 3.103866359711235e-03 -1.500000000002402e-04 7.109100225019316e-02 -9.999999999999995e-03 0.000000000000000e+00 0.000000000000000e+00 
8.050000000000001e+00 -2.294285714285685e-02 3.336696370962218e-03 2.314285714285710e-01 -8.673617379884035e-19 0.000000000000000e+00 3.336696370962218e-03 -2.000000000002486e-04 2.204100225018549e-02 -9.999999999999995e-03 0.000000000000000e+00 0.000000000000000e+00 
8.055000000000000e+00 -2.294285714285685e-02 3.324276382213172e-03 2.319285714285708e-01 -8.673617379884035e-19 0.000000000000000e+00 3.324276382213172e-03 -2.500000000002361e-04 -2.700899774980476e-02 -9.999999999999995e-03 0.000000000000000e+00 0.000000000000000e+00 
8.060000000000000e+00 -2.294285714285685e-02 3.066606393464089e-03 2.324285714285709e-01 -8.673617379884035e-19 0.000000000000000e+00 3.066606393464089e-03 -3.000000000002445e-04 -7.605899774981242e-02 -9.999999999999995e-03 0.000000000000000e+00 0.000000000000000e+00 
8.065000000000000e+00 -2.294285714285685e-02 2.563686404715151e-03 2.329285714285708e-01 -8.673617379884035e-19 0.000000000000000e+00 2.563686404715151e-03 -3.500000000002355e-04 -1.251089977498027e-01 -9.999999999999995e-03 0.000000000000000e+00 0.000000000000000e+00 
8.070000000000000e+00 -2.294285714285685e-02 1.815516415966002e-03 2.334285714285709e-01 -8.673617379884035e-19 0.000000000000000e+00 1.815516415966002e-03 -4.000000000002439e-04 -1.741589977498103e-01 -9.999999999999995e-03 0.000000000000000e+00 0.000000000000000e+00 
8.074999999999999e+00 -2.294285714285685e-02 8.220964272171720e-04 2.339285714285708e-01 -8.673617379884035e-19 0.000000000000000e+00 8.220964272171720e-04 -4.500000000002315e-04 -2.232089977498006e-01 -9.999999999999995e-03 0.000000000000000e+00 0.000000000000000e+00 
8.080000000000000e+00 -2.294285714285685e-02 -4.165735615320437e-04 2.344285714285709e-01 -8.673617379884035e-19 0.000000000000000e+00 -4.165735615320437e-04 -5.000000000002398e-04 -2.722589977498082e-01 -9.999999999999995e-03 0.000000000000000e+00 0.000000000000000e+00 
8.085000000000001e+00 -2.295714285714257e-02 -4.846383109695062e-04 2.345714285714280e-01 -5.714285714285713e-03 -5.714285714285712e-03 -4.846383109695062e-04 -5.000000000002398e-04 2.450330979748274e-01 9.999999999999995e-03 5.663420957246433e-01 5.714285714285712e-03 
8.090000000000000e+00 -2.298571428571399e-02 6.179021789044359e-04 2.343571428571424e-01 -5.714285714285713e-03 0.000000000000000e+00 6.179021789044359e-04 -4.500000000002523e-04 1.959830979748372e-01 9.999999999999995e-03 0.000000000000000e+00 0.000000000000000e+00 
8.095000000000001e+00 -2.301428571428542e-02 1.475192668778737e-03 2.341428571428566e-01 -5.714285714285713e-03 0.000000000000000e+00 1.475192668778737e-03 -4.000000000002439e-04 1.469330979748295e-01 9.999999999999995e-03 0.000000000000000e+00 0.000000000000000e+00 
8.100000000000000e+00 -2.304285714285684e-02 2.087233158652787e-03 2.339285714285710e-01 -5.714285714285713e-03 0.000000000000000e+00 2.087233158652787e-03 -3.500000000002529e-04 9.788309797483927e-02 9.999999999999995e-03 0.000000000000000e+00 0.000000000000000e+00 
8.105000000000000e+00 -2.307142857142828e-02 2.454023648527021e-03 2.337142857142852e-01 -5.714285714285713e-03 0.000000000000000e+00 2.454023648527021e-03 -3.000000000002445e-04 4.883309797483160e-02 9.999999999999995e-03 0.000000000000000e+00 0.000000000000000e+00 
8.109999999999999e+00 -2.309999999999970e-02 2.575564138401179e-03 2.334999999999995e-01 -5.714285714285713e-03 0.000000000000000e+00 2.575564138401179e-03 -2.500000000002535e-04 -2.169020251586509e-04 9.999999999999995e-03 0.000000000000000e+00 0.000000000000000e+00 
8.115000000000000e+00 -2.312857142857113e-02 2.451854628275347e-03 2.332857142857138e-01 -5.714285714285713e-03 0.000000000000000e+00 2.451854628275347e-03 -2.000000000002451e-04 -4.926690202516632e-02 9.999999999999995e-03 0.000000000000000e+00 0.000000000000000e+00 
8.120000000000001e+00 -2.315714285714257e-02 2.082895118149439e-03 2.330714285714280e-01 -5.714285714285713e-03 0.000000000000000e+00 2.082895118149439e-03 -1.500000000002367e-04 -9.831690202517399e-02 9.999999999999995e-03 0.000000000000000e+00 0.000000000000000e+00 
8.125000000000000e+00 -2.318571428571399e-02 1.468685608023716e-03 2.328571428571424e-01 -5.714285714285713e-03 0.000000000000000e+00 1.468685608023716e-03 -1.000000000002492e-04 -1.473669020251642e-01 9.999999999999995e-03 0.000000000000000e+00 0.000000000000000e+00 
8.130000000000001e+00 -2.321428571428542e-02 6.092260978977408e-04 2.326428571428566e-01 -5.714285714285713e-03 0.000000000000000e+00 6.092260978977408e-04 -5.000000000024082e-05 -1.964169020251719e-01 9.999999999999995e-03 0.000000000000000e+00 0.000000000000000e+00 
8.135000000000000e+00 -2.324285714285685e-02 -4.954834122278745e-04 2.324285714285710e-01 -5.714285714285713e-03 0.000000000000000e+00 -4.954834122278745e-04 -2.498001805406602e-16 -2.454669020251621e-01 9.999999999999995e-03 0.000000000000000e+00 0.000000000000000e+00 
8.140000000000001e+00 -2.325714285714256e-02 -5.568501377341744e-04 2.325714285714281e-01 -8.673617379884035e-19 5.714285714285712e-03 -5.568501377341744e-04 -2.498001805406602e-16 2.209202118226460e-01 -9.999999999999995e-03 5.154371138478158e-01 -5.714285714285712e-03 
8.145000000000000e+00 -2.325714285714256e-02 4.251259213788845e-04 2.330714285714280e-01 -8.673617379884035e-19 0.000000000000000e+00 4.251259213788845e-04 -5.000000000024082e-05 1.718702118226557e-01 -9.999999999999995e-03 0.000000000000000e+00 0.000000000000000e+00 
8.150000000000000e+00 -2.325714285714256e-02 1.161851980492259e-03 2.335714285714281e-01 -8.673617379884035e-19 0.000000000000000e+00 1.161851980492259e-03 -1.000000000002492e-04 1.228202118226481e-01 -9.999999999999995e-03 0.000000000000000e+00 0.000000000000000e+00 
8.154999999999999e+00 -2.325714285714256e-02 1.653328039605426e-03 2.340714285714280e-01 -8.673617379884035e-19 0.000000000000000e+00 1.653328039605426e-03 -1.500000000002367e-04 7.377021182265783e-02 -9.999999999999995e-03 0.000000000000000e+00 0.000000000000000e+00 
8.160000000000000e+00 -2.325714285714256e-02 1.899554098718734e-03 2.345714285714281e-01 -8.673617379884035e-19 0.000000000000000e+00 1.899554098718734e-03 -2.000000000002451e-04 2.472021182265016e-02 -9.999999999999995e-03 0.000000000000000e+00 0.000000000000000e+00 
8.165000000000001e+00 -2.325714285714256e-02 1.900530157831966e-03 2.350714285714282e-01 -8.673617379884035e-19 0.000000000000000e+00 1.900530157831966e-03 -2.500000000002535e-04 -2.432978817735751e-02 -9.999999999999995e-03 0.000000000000000e+00 0.000000000000000e+00 
8.170000000000000e+00 -2.325714285714256e-02 1.656256216945252e-03 2.355714285714280e-01 -8.673617379884035e-19 0.000000000000000e+00 1.656256216945252e-03 -3.000000000002410e-04 -7.337978817734775e-02 -9.999999999999995e-03 0.000000000000000e+00 0.000000000000000e+00 
8.175000000000001e+00 -2.325714285714256e-02 1.166732276058417e-03 2.360714285714281e-01 -8.673617379884035e-19 0.000000000000000e+00 1.166732276058417e-03 -3.500000000002494e-04 -1.224297881773554e-01 -9.999999999999995e-03 0.000000000000000e+00 0.000000000000000e+00 
8.180000000000000e+00 -2.325714285714256e-02 4.319583351718107e-04 2.365714285714280e-01 -8.673617379884035e-19 0.000000000000000e+00 4.319583351718107e-04 -4.000000000002404e-04 -1.714797881773457e-01 -9.999999999999995e-03 0.000000000000000e+00 0.000000000000000e+00 
8.185000000000000e+00 -2.325714285714256e-02 -5.480656057150900e-04 2.370714285714281e-01 -8.673617379884035e-19 0.000000000000000e+00 -5.480656057150900e-04 -4.500000000002488e-04 -2.205297881773533e-01 -9.999999999999995e-03 0.000000000000000e+00 0.000000000000000e+00 
8.190000000000000e+00 -2.327142857142827e-02 -6.031980527594175e-04 2.372142857142852e-01 -5.714285714285713e-03 -5.714285714285712e-03 -6.031980527594175e-04 -4.500000000002488e-04 1.984768093596179e-01 9.999999999999995e-03 4.680565975369615e-01 5.714285714285712e-03 
8.195000000000000e+00 -2.329999999999971e-02 2.665609940387890e-04 2.369999999999995e-01 -5.714285714285713e-03 0.000000000000000e+00 2.665609940387890e-04 -4.000000000002404e-04 1.494268093596103e-01 9.999999999999995e-03 0.000000000000000e+00 0.000000000000000e+00 
8.199999999999999e+00 -2.332857142857113e-02 8.910700408367404e-04 2.367857142857138e-01 -5.714285714285713e-03 0.000000000000000e+00 8.910700408367404e-04 -3.500000000002529e-04 1.003768093596200e-01 9.999999999999995e-03 0.000000000000000e+00 0.000000000000000e+00 
8.205000000000000e+00 -2.335714285714256e-02 1.270329087634881e-03 2.365714285714280e-01 -5.714285714285713e-03 0.000000000000000e+00 1.270329087634881e-03 -3.000000000002445e-04 5.132680935961234e-02 9.999999999999995e-03 0.000000000000000e+00 0.000000000000000e+00 
8.210000000000001e+00 -2.338571428571400e-02 1.404338134432944e-03 2.363571428571423e-01 -5.714285714285713e-03 0.000000000000000e+00 1.404338134432944e-03 -2.500000000002361e-04 2.276809359604670e-03 9.999999999999995e-03 0.000000000000000e+00 0.000000000000000e+00 
8.215000000000000e+00 -2.341428571428542e-02 1.293097181231014e-03 2.361428571428566e-01 -5.714285714285713e-03 0.000000000000000e+00 1.293097181231014e-03 -2.000000000002451e-04 -4.677319064038558e-02 9.999999999999995e-03 0.000000000000000e+00 0.000000000000000e+00 
8.220000000000001e+00 -2.344285714285685e-02 9.366062280290111e-04 2.359285714285709e-01 -5.714285714285713e-03 0.000000000000000e+00 9.366062280290111e-04 -1.500000000002367e-04 -9.582319064039324e-02 9.999999999999995e-03 0.000000000000000e+00 0.000000000000000e+00 
8.225000000000000e+00 -2.347142857142828e-02 3.348652748271891e-04 2.357142857142852e-01 -5.714285714285713e-03 0.000000000000000e+00 3.348652748271891e-04 -1.000000000002457e-04 -1.448731906403835e-01 9.999999999999995e-03 0.000000000000000e+00 0.000000000000000e+00 
8.230000000000000e+00 -2.348571428571399e-02 2.986469771670873e-04 2.358571428571424e-01 -8.673617379884035e-19 5.714285714285712e-03 2.986469771670873e-04 -1.000000000002457e-04 1.303858715763451e-01 -9.999999999999995e-03 3.243090622167362e-01 -5.714285714285712e-03 
8.234999999999999e+00 -2.348571428571399e-02 8.279513350487318e-04 2.363571428571423e-01 -8.673617379884035e-19 0.000000000000000e+00 8.279513350487318e-04 -1.500000000002367e-04 8.133587157635483e-02 -9.999999999999995e-03 0.000000000000000e+00 0.000000000000000e+00 
8.240000000000000e+00 -2.348571428571399e-02 1.112005692930531e-03 2.368571428571423e-01 -8.673617379884035e-19 0.000000000000000e+00 1.112005692930531e-03 -2.000000000002451e-04 3.228587157634716e-02 -9.999999999999995e-03 0.000000000000000e+00 0.000000000000000e+00 
8.245000000000001e+00 -2.348571428571399e-02 1.150810050812254e-03 2.373571428571424e-01 -8.673617379884035e-19 0.000000000000000e+00 1.150810050812254e-03 -2.500000000002535e-04 -1.676412842366051e-02 -9.999999999999995e-03 0.000000000000000e+00 0.000000000000000e+00 
8.250000000000000e+00 -2.348571428571399e-02 9.443644086940168e-04 2.378571428571423e-01 -8.673617379884035e-19 0.000000000000000e+00 9.443644086940168e-04 -3.000000000002410e-04 -6.581412842365075e-02 -9.999999999999995e-03 0.000000000000000e+00 0.000000000000000e+00 
8.255000000000001e+00 -2.348571428571399e-02 4.926687665756733e-04 2.383571428571424e-01 -8.673617379884035e-19 0.000000000000000e+00 4.926687665756733e-04 -3.500000000002494e-04 -1.148641284236584e-01 -9.999999999999995e-03 0.000000000000000e+00 0.000000000000000e+00 
8.260000000000000e+00 -2.348571428571399e-02 -2.042768755424558e-04 2.388571428571423e-01 -8.673617379884035e-19 0.000000000000000e+00 -2.042768755424558e-04 -4.000000000002404e-04 -1.639141284236487e-01 -9.999999999999995e-03 0.000000000000000e+00 0.000000000000000e+00 
8.265000000000001e+00 -2.349999999999971e-02 -2.452554076483744e-04 2.389999999999995e-01 -5.714285714285713e-03 -5.714285714285712e-03 -2.452554076483744e-04 -4.000000000002404e-04 1.475227155812838e-01 9.999999999999995e-03 3.604868440049401e-01 5.714285714285712e-03 
8.270000000000000e+00 -2.352857142857113e-02 3.697331702579466e-04 2.387857142857138e-01 -5.714285714285713e-03 0.000000000000000e+00 3.697331702579466e-04 -3.500000000002494e-04 9.847271558129356e-02 9.999999999999995e-03 0.000000000000000e+00 0.000000000000000e+00 
8.275000000000000e+00 -2.355714285714256e-02 7.394717481644530e-04 2.385714285714280e-01 -5.714285714285713e-03 0.000000000000000e+00 7.394717481644530e-04 -3.000000000002410e-04 4.942271558128589e-02 9.999999999999995e-03 0.000000000000000e+00 0.000000000000000e+00 
8.279999999999999e+00 -2.358571428571399e-02 8.639603260708821e-04 2.383571428571424e-01 -5.714285714285713e-03 0.000000000000000e+00 8.639603260708821e-04 -2.500000000002500e-04 3.727155812956393e-04 9.999999999999995e-03 0.000000000000000e+00 0.000000000000000e+00 
8.285000000000000e+00 -2.361428571428542e-02 7.431989039773223e-04 2.381428571428566e-01 -5.714285714285713e-03 0.000000000000000e+00 7.431989039773223e-04 -2.000000000002417e-04 -4.867728441871203e-02 9.999999999999995e-03 0.000000000000000e+00 0.000000000000000e+00 
8.290000000000001e+00 -2.364285714285685e-02 3.771874818836858e-04 2.379285714285709e-01 -5.714285714285713e-03 0.000000000000000e+00 3.771874818836858e-04 -1.500000000002333e-04 -9.772728441871970e-02 9.999999999999995e-03 0.000000000000000e+00 0.000000000000000e+00 
8.295000000000000e+00 -2.367142857142828e-02 -2.340739402097668e-04 2.377142857142852e-01 -5.714285714285713e-03 0.000000000000000e+00 -2.340739402097668e-04 -1.000000000002457e-04 -1.467772844187099e-01 9.999999999999995e-03 0.000000000000000e+00 0.000000000000000e+00 
8.300000000000001e+00 -2.368571428571399e-02 -2.707682613144500e-04 2.378571428571424e-01 -8.673617379884035e-19 5.714285714285712e-03 -2.707682613144500e-04 -1.000000000002457e-04 1.320995559768389e-01 -9.999999999999995e-03 3.279268403955565e-01 -5.714285714285712e-03 
8.305000000000000e+00 -2.368571428571399e-02 2.671045185696619e-04 2.383571428571423e-01 -8.673617379884035e-19 0.000000000000000e+00 2.671045185696619e-04 -1.500000000002333e-04 8.304955597684868e-02 -9.999999999999995e-03 0.000000000000000e+00 0.000000000000000e+00 
8.310000000000000e+00 -2.368571428571399e-02 5.597272984539319e-04 2.388571428571424e-01 -8.673617379884035e-19 0.000000000000000e+00 5.597272984539319e-04 -2.000000000002417e-04 3.399955597684101e-02 -9.999999999999995e-03 0.000000000000000e+00 0.000000000000000e+00 
8.315000000000000e+00 -2.368571428571399e-02 6.071000783381519e-04 2.393571428571422e-01 -8.673617379884035e-19 0.000000000000000e+00 6.071000783381519e-04 -2.500000000002327e-04 -1.505044402314924e-02 -9.999999999999995e-03 0.000000000000000e+00 0.000000000000000e+00 
8.320000000000000e+00 -2.368571428571399e-02 4.092228582223556e-04 2.398571428571423e-01 -8.673617379884035e-19 0.000000000000000e+00 4.092228582223556e-04 -3.000000000002410e-04 -6.410044402315690e-02 -9.999999999999995e-03 0.000000000000000e+00 0.000000000000000e+00 
8.324999999999999e+00 -2.368571428571399e-02 -3.390436189331628e-05 2.403571428571422e-01 -8.673617379884035e-19 0.000000000000000e+00 -3.390436189331628e-05 -3.500000000002286e-04 -1.131504440231471e-01 -9.999999999999995e-03 0.000000000000000e+00 0.000000000000000e+00 
8.330000000000000e+00 -2.369999999999971e-02 -6.219197289910759e-05 2.404999999999994e-01 -5.714285714285713e-03 -5.714285714285712e-03 -6.219197289910759e-05 -3.500000000002286e-04 1.018353996208324e-01 9.999999999999995e-03 2.640358436439872e-01 5.714285714285712e-03 
8.335000000000001e+00 -2.372857142857114e-02 3.243600252050955e-04 2.402857142857136e-01 -5.714285714285713e-03 0.000000000000000e+00 3.243600252050955e-04 -3.000000000002202e-04 5.278539962082471e-02 9.999999999999995e-03 0.000000000000000e+00 0.000000000000000e+00 
8.340000000000000e+00 -2.375714285714257e-02 4.656620233092153e-04 2.400714285714280e-01 -5.714285714285713e-03 0.000000000000000e+00 4.656620233092153e-04 -2.500000000002292e-04 3.735399620834461e-03 9.999999999999995e-03 0.000000000000000e+00 0.000000000000000e+00 
8.345000000000001e+00 -2.378571428571400e-02 3.617140214133522e-04 2.398571428571422e-01 -5.714285714285713e-03 0.000000000000000e+00 3.617140214133522e-04 -2.000000000002208e-04 -4.531460037917321e-02 9.999999999999995e-03 0.000000000000000e+00 0.000000000000000e+00 
8.350000000000000e+00 -2.381428571428542e-02 1.251601951758006e-05 2.396428571428565e-01 -5.714285714285713e-03 0.000000000000000e+00 1.251601951758006e-05 -1.500000000002333e-04 -9.436460037916346e-02 9.999999999999995e-03 0.000000000000000e+00 0.000000000000000e+00 
8.355000000000000e+00 -2.382857142857114e-02 -1.107513057721453e-05 2.397857142857137e-01 -8.673617379884035e-19 5.714285714285712e-03 -1.107513057721453e-05 -1.500000000002333e-04 8.492814034124710e-02 -9.999999999999995e-03 2.283427407204182e-01 -5.714285714285712e-03 
8.359999999999999e+00 -2.382857142857114e-02 2.909405711289853e-04 2.402857142857136e-01 -8.673617379884035e-19 0.000000000000000e+00 2.909405711289853e-04 -2.000000000002208e-04 3.587814034125685e-02 -9.999999999999995e-03 0.000000000000000e+00 0.000000000000000e+00 
8.365000000000000e+00 -2.382857142857114e-02 3.477062728352592e-04 2.407857142857137e-01 -8.673617379884035e-19 0.000000000000000e+00 3.477062728352592e-04 -2.500000000002292e-04 -1.317185965875082e-02 -9.999999999999995e-03 0.000000000000000e+00 0.000000000000000e+00 
8.370000000000001e+00 -2.382857142857114e-02 1.592219745414565e-04 2.412857142857138e-01 -8.673617379884035e-19 0.000000000000000e+00 1.592219745414565e-04 -3.000000000002376e-04 -6.222185965875849e-02 -9.999999999999995e-03 0.000000000000000e+00 0.000000000000000e+00 
8.375000000000000e+00 -2.382857142857114e-02 -2.745123237522253e-04 2.417857142857137e-01 -8.673617379884035e-19 0.000000000000000e+00 -2.745123237522253e-04 -3.500000000002286e-04 -1.112718596587487e-01 -9.999999999999995e-03 0.000000000000000e+00 0.000000000000000e+00 
8.380000000000001e+00 -2.384285714285686e-02 -3.023302886669168e-04 2.419285714285708e-01 -5.714285714285713e-03 -5.714285714285712e-03 -3.023302886669168e-04 -3.500000000002286e-04 1.001446736928739e-01 9.999999999999995e-03 2.604665333516303e-01 5.714285714285712e-03 
8.385000000000000e+00 -2.387142857142828e-02 7.576807979740180e-05 2.417142857142852e-01 -5.714285714285713e-03 0.000000000000000e+00 7.576807979740180e-05 -3.000000000002376e-04 5.109467369288364e-02 9.999999999999995e-03 0.000000000000000e+00 0.000000000000000e+00 
8.390000000000001e+00 -2.389999999999971e-02 2.086164482618216e-04 2.414999999999994e-01 -5.714285714285713e-03 0.000000000000000e+00 2.086164482618216e-04 -2.500000000002292e-04 2.044673692875969e-03 9.999999999999995e-03 0.000000000000000e+00 0.000000000000000e+00 
8.395000000000000e+00 -2.392857142857114e-02 9.621481672624817e-05 2.412857142857137e-01 -5.714285714285713e-03 0.000000000000000e+00 9.621481672624817e-05 -2.000000000002382e-04 -4.700532630711428e-02 9.999999999999995e-03 0.000000000000000e+00 0.000000000000000e+00 
8.400000000000000e+00 -2.394285714285685e-02 8.446348514946775e-05 2.414285714285709e-01 -8.673617379884035e-19 5.714285714285712e-03 8.446348514946775e-05 -2.000000000002382e-04 4.230479367640284e-02 -9.999999999999995e-03 1.383601199835248e-01 -5.714285714285712e-03 
8.404999999999999e+00 -2.394285714285685e-02 1.733624535314887e-04 2.419285714285708e-01 -8.673617379884035e-19 0.000000000000000e+00 1.733624535314887e-04 -2.500000000002292e-04 -6.745206323587404e-03 -9.999999999999995e-03 0.000000000000000e+00 0.000000000000000e+00 
8.410000000000000e+00 -2.394285714285685e-02 1.701142191350803e-05 2.424285714285709e-01 -8.673617379884035e-19 0.000000000000000e+00 1.701142191350803e-05 -3.000000000002376e-04 -5.579520632359507e-02 -9.999999999999995e-03 0.000000000000000e+00 0.000000000000000e+00 
8.415000000000001e+00 -2.395714285714257e-02 3.062620332607106e-06 2.425714285714280e-01 -5.714285714285713e-03 -5.714285714285712e-03 3.062620332607106e-06 -3.000000000002376e-04 5.021568569123558e-02 9.999999999999995e-03 1.550608920148383e-01 5.714285714285712e-03 
8.420000000000000e+00 -2.398571428571399e-02 1.315160487887838e-04 2.423571428571424e-01 -5.714285714285713e-03 0.000000000000000e+00 1.315160487887838e-04 -2.500000000002466e-04 1.165685691245331e-03 9.999999999999995e-03 0.000000000000000e+00 0.000000000000000e+00 
8.425000000000001e+00 -2.401428571428543e-02 1.471947724497307e-05 2.421428571428566e-01 -5.714285714285713e-03 0.000000000000000e+00 1.471947724497307e-05 -2.000000000002382e-04 -4.788431430876234e-02 9.999999999999995e-03 0.000000000000000e+00 0.000000000000000e+00 
8.430000000000000e+00 -2.402857142857114e-02 2.748398667784882e-06 2.422857142857137e-01 -8.673617379884035e-19 5.714285714285712e-03 2.748398667784882e-06 -2.000000000002417e-04 4.309588287788611e-02 -9.999999999999995e-03 1.400301971866387e-01 -5.714285714285712e-03 
8.435000000000000e+00 -2.402857142857114e-02 9.560281305721079e-05 2.427857142857138e-01 -8.673617379884035e-19 0.000000000000000e+00 9.560281305721079e-05 -2.500000000002500e-04 -5.954117122121558e-03 -9.999999999999995e-03 0.000000000000000e+00 0.000000000000000e+00 
8.440000000000000e+00 -2.402857142857114e-02 -5.679277255334231e-05 2.432857142857137e-01 -8.673617379884035e-19 0.000000000000000e+00 -5.679277255334231e-05 -3.000000000002376e-04 -5.500411712211180e-02 -9.999999999999995e-03 0.000000000000000e+00 0.000000000000000e+00 
8.445000000000000e+00 -2.404285714285685e-02 -7.054380183387235e-05 2.434285714285709e-01 -5.714285714285713e-03 -5.714285714285712e-03 -7.054380183387235e-05 -3.000000000002376e-04 4.950370540990065e-02 9.999999999999995e-03 1.535578225320201e-01 5.714285714285712e-03 
8.449999999999999e+00 -2.407142857142828e-02 5.434972521563043e-05 2.432142857142852e-01 -5.714285714285713e-03 0.000000000000000e+00 5.434972521563043e-05 -2.500000000002466e-04 4.537054099104029e-04 9.999999999999995e-03 0.000000000000000e+00 0.000000000000000e+00 
8.455000000000000e+00 -2.409999999999971e-02 -6.600674773485555e-05 2.429999999999995e-01 -5.714285714285713e-03 0.000000000000000e+00 -6.600674773485555e-05 -2.000000000002382e-04 -4.859629459009727e-02 9.999999999999995e-03 0.000000000000000e+00 0.000000000000000e+00 
8.460000000000001e+00 -2.411428571428543e-02 -7.815582138238179e-05 2.431428571428566e-01 -8.673617379884035e-19 5.714285714285712e-03 -7.815582138238179e-05 -2.000000000002382e-04 4.373666513108754e-02 -9.999999999999995e-03 1.413829597211925e-01 -5.714285714285712e-03 
8.465000000000000e+00 -2.411428571428543e-02 1.790250427306117e-05 2.436428571428565e-01 -8.673617379884035e-19 0.000000000000000e+00 1.790250427306117e-05 -2.500000000002292e-04 -5.313334868902710e-03 -9.999999999999995e-03 0.000000000000000e+00 0.000000000000000e+00 
8.470000000000001e+00 -2.411428571428543e-02 -1.312891700714949e-04 2.441428571428566e-01 -8.673617379884035e-19 0.000000000000000e+00 -1.312891700714949e-04 -3.000000000002376e-04 -5.436333486891038e-02 -9.999999999999995e-03 0.000000000000000e+00 0.000000000000000e+00 
8.475000000000000e+00 -2.412857142857113e-02 -1.448800037887198e-04 2.442857142857137e-01 -5.714285714285713e-03 -5.714285714285712e-03 -1.448800037887198e-04 -3.000000000002376e-04 4.892700138201934e-02 9.999999999999995e-03 1.523403362509200e-01 5.714285714285712e-03 
8.480000000000000e+00 -2.415714285714257e-02 -2.286999687862318e-05 2.440714285714280e-01 -5.714285714285713e-03 0.000000000000000e+00 -2.286999687862318e-05 -2.500000000002292e-04 -1.229986179883263e-04 9.999999999999995e-03 0.000000000000000e+00 0.000000000000000e+00 
8.484999999999999e+00 -2.417142857142828e-02 -2.290074653312026e-05 2.442142857142851e-01 -8.673617379884035e-19 5.714285714285712e-03 -2.290074653312026e-05 -2.500000000002327e-04 1.106987561894923e-04 -9.999999999999995e-03 4.928369737416807e-02 -5.714285714285712e-03 
8.490000000000000e+00 -2.418571428571399e-02 -2.287307184407288e-05 2.443571428571422e-01 -5.714285714285713e-03 -5.714285714285712e-03 -2.287307184407288e-05 -2.500000000002327e-04 -9.962888057054448e-05 9.999999999999995e-03 4.883967236324763e-02 5.714285714285712e-03 
8.495000000000001e+00 -2.419999999999971e-02 -2.289797906421552e-05 2.444999999999994e-01 -8.673617379884035e-19 5.714285714285712e-03 -2.289797906421552e-05 -2.500000000002327e-04 8.966599251349072e-05 -9.999999999999995e-03 4.923929487309171e-02 -5.714285714285712e-03 
8.500000000000000e+00 -2.421428571428542e-02 -2.287556256608715e-05 2.446428571428565e-01 -5.714285714285713e-03 -5.714285714285712e-03 -2.287556256608715e-05 -2.500000000002327e-04 -8.069939326214165e-05 9.999999999999995e-03 4.887963461421461e-02 5.714285714285712e-03 
8.505000000000001e+00 -2.422857142857114e-02 -2.289573741440269e-05 2.447857142857137e-01 -8.673617379884035e-19 5.714285714285712e-03 -2.289573741440269e-05 -2.500000000002327e-04 7.262945393592818e-05 -9.999999999999995e-03 4.920332884720574e-02 -5.714285714285712e-03 
8.510000000000000e+00 -2.424285714285685e-02 -2.287758005091872e-05 2.449285714285708e-01 -5.714285714285713e-03 -5.714285714285712e-03 -2.287758005091872e-05 -2.500000000002327e-04 -6.536650854233744e-05 9.999999999999995e-03 4.891200403751198e-02 5.714285714285712e-03 
8.515000000000001e+00 -2.425714285714256e-02 -2.289392167805430e-05 2.450714285714280e-01 -8.673617379884035e-19 5.714285714285712e-03 -2.289392167805430e-05 -2.500000000002327e-04 5.882985768810439e-05 -9.999999999999995e-03 4.917419636623811e-02 -5.714285714285712e-03 
8.520000000000000e+00 -2.427142857142827e-02 -2.287921421363227e-05 2.452142857142851e-01 -5.714285714285713e-03 -5.714285714285712e-03 -2.287921421363227e-05 -2.500000000002361e-04 -5.294687191929187e-05 9.999999999999995e-03 4.893822327038285e-02 5.714285714285712e-03 
8.525000000000000e+00 -2.428571428571399e-02 -2.289245093161210e-05 2.453571428571422e-01 -8.673617379884035e-19 5.714285714285712e-03 -2.289245093161210e-05 -2.500000000002361e-04 4.765218472736060e-05 -9.999999999999995e-03 4.915059905665432e-02 -5.714285714285712e-03 
8.529999999999999e+00 -2.429999999999970e-02 -2.288053788543026e-05 2.454999999999994e-01 -5.714285714285713e-03 -5.714285714285712e-03 -2.288053788543026e-05 -2.500000000002361e-04 -4.288696625462385e-05 9.999999999999995e-03 4.895946084900826e-02 5.714285714285712e-03 
8.535000000000000e+00 -2.431428571428542e-02 -2.289125962699392e-05 2.456428571428565e-01 -8.673617379884035e-19 5.714285714285712e-03 -2.289125962699392e-05 -2.500000000002361e-04 3.859826962916008e-05 -9.999999999999995e-03 4.913148523589145e-02 -5.714285714285712e-03 
8.540000000000001e+00 -2.432857142857113e-02 -2.288161005958663e-05 2.457857142857137e-01 -5.714285714285713e-03 -5.714285714285712e-03 -2.288161005958663e-05 -2.500000000002361e-04 -3.473844266624337e-05 9.999999999999995e-03 4.897666328771227e-02 5.714285714285712e-03 
8.545000000000000e+00 -2.434285714285684e-02 -2.289029467025319e-05 2.459285714285708e-01 -8.673617379884035e-19 5.714285714285712e-03 -2.289029467025319e-05 -2.500000000002396e-04 3.126459839961765e-05 -9.999999999999995e-03 4.911600304105611e-02 -5.714285714285712e-03 
8.550000000000001e+00 -2.435714285714256e-02 -2.288247852065328e-05 2.460714285714280e-01 -5.714285714285713e-03 -5.714285714285712e-03 -2.288247852065328e-05 -2.500000000002396e-04 -2.813813855965380e-05 9.999999999999995e-03 4.899059726304840e-02 5.714285714285712e-03 
8.555000000000000e+00 -2.437142857142827e-02 -2.288951305529319e-05 2.462142857142851e-01 -8.673617379884035e-19 5.714285714285712e-03 -2.288951305529319e-05 -2.500000000002396e-04 2.532432470368773e-05 -9.999999999999995e-03 4.910346246325359e-02 -5.714285714285712e-03 
8.560000000000000e+00 -2.438571428571399e-02 -2.288318197411726e-05 2.463571428571422e-01 -5.714285714285713e-03 -5.714285714285712e-03 -2.288318197411726e-05 -2.500000000002396e-04 -2.279189223331618e-05 9.999999999999995e-03 4.900188378307067e-02 5.714285714285712e-03 
8.565000000000000e+00 -2.439999999999970e-02 -2.288887994717559e-05 2.464999999999994e-01 -8.673617379884035e-19 5.714285714285712e-03 -2.288887994717559e-05 -2.500000000002396e-04 2.051270300998387e-05 -9.999999999999995e-03 4.909330459523355e-02 -5.714285714285712e-03 
8.570000000000000e+00 -2.441428571428541e-02 -2.288375177142309e-05 2.466428571428565e-01 -5.714285714285713e-03 -5.714285714285712e-03 -2.288375177142309e-05 -2.500000000002396e-04 -1.846143270898409e-05 9.999999999999995e-03 4.901102586428870e-02 5.714285714285712e-03 
8.575000000000001e+00 -2.442857142857113e-02 -2.288836712960035e-05 2.467857142857137e-01 -8.673617379884035e-19 5.714285714285712e-03 -2.288836712960035e-05 -2.500000000002396e-04 1.661528943808221e-05 -9.999999999999995e-03 4.908507672215474e-02 -5.714285714285712e-03 
8.580000000000000e+00 -2.444285714285684e-02 -2.288421330724083e-05 2.469285714285708e-01 -5.714285714285713e-03 -5.714285714285712e-03 -2.288421330724083e-05 -2.500000000002431e-04 -1.495376049427677e-05 9.999999999999995e-03 4.901843095005789e-02 5.714285714285712e-03 
8.585000000000001e+00 -2.445714285714256e-02 -2.288795174736440e-05 2.470714285714280e-01 -8.673617379884035e-19 5.714285714285712e-03 -2.288795174736440e-05 -2.500000000002431e-04 1.345838444485187e-05 -9.999999999999995e-03 4.907841214494680e-02 -5.714285714285712e-03 
8.590000000000000e+00 -2.447142857142827e-02 -2.288458715125318e-05 2.472142857142851e-01 -5.714285714285713e-03 -5.714285714285712e-03 -2.288458715125318e-05 -2.500000000002431e-04 -1.211254600036460e-05 9.999999999999995e-03 4.902442906954503e-02 5.714285714285712e-03 
8.595000000000001e+00 -2.448571428571398e-02 -2.288761528775327e-05 2.473571428571422e-01 -8.673617379884035e-19 5.714285714285712e-03 -2.288761528775327e-05 -2.500000000002431e-04 1.090129140032814e-05 -9.999999999999995e-03 4.907301383740836e-02 -5.714285714285712e-03 
8.600000000000000e+00 -2.449999999999969e-02 -2.288488996490319e-05 2.474999999999994e-01 -5.714285714285713e-03 -5.714285714285712e-03 -2.288488996490319e-05 -2.500000000002466e-04 -9.811162260293937e-06 9.999999999999995e-03 4.902928754632963e-02 5.714285714285712e-03 
8.605000000000000e+00 -2.451428571428541e-02 -2.288734275546827e-05 2.476428571428565e-01 -8.673617379884035e-19 5.714285714285712e-03 -2.288734275546827e-05 -2.500000000002466e-04 8.830046034261074e-06 -9.999999999999995e-03 4.906864120830223e-02 -5.714285714285712e-03 
8.609999999999999e+00 -2.452857142857112e-02 -2.288513524395970e-05 2.477857142857136e-01 -5.714285714285713e-03 -5.714285714285712e-03 -2.288513524395970e-05 -2.500000000002466e-04 -7.947041430832191e-06 9.999999999999995e-03 4.903322291252515e-02 5.714285714285712e-03 
8.615000000000000e+00 -2.454285714285684e-02 -2.288712200431740e-05 2.479285714285708e-01 -8.673617379884035e-19 5.714285714285712e-03 -2.288712200431740e-05 -2.500000000002466e-04 7.152337287749666e-06 -9.999999999999995e-03 4.906509937872625e-02 -5.714285714285712e-03 
8.620000000000001e+00 -2.455714285714255e-02 -2.288533391999546e-05 2.480714285714280e-01 -5.714285714285713e-03 -5.714285714285712e-03 -2.288533391999546e-05 -2.500000000002466e-04 -6.437103558971924e-06 9.999999999999995e-03 4.903641055916095e-02 5.714285714285712e-03 
8.625000000000000e+00 -2.457142857142826e-02 -2.288694319588521e-05 2.482142857142851e-01 -8.673617379884035e-19 5.714285714285712e-03 -2.288694319588521e-05 -2.500000000002466e-04 5.793393203071262e-06 -9.999999999999995e-03 4.906223049675229e-02 -5.714285714285712e-03 
8.630000000000001e+00 -2.458571428571398e-02 -2.288549484758444e-05 2.483571428571422e-01 -5.714285714285713e-03 -5.714285714285712e-03 -2.288549484758444e-05 -2.500000000002466e-04 -5.214053882762748e-06 9.999999999999995e-03 4.903899255292184e-02 5.714285714285712e-03 
8.635000000000000e+00 -2.459999999999969e-02 -2.288679836105513e-05 2.484999999999994e-01 -8.673617379884035e-19 5.714285714285712e-03 -2.288679836105513e-05 -2.500000000002500e-04 4.692648494487861e-06 -9.999999999999995e-03 4.905990670236750e-02 -5.714285714285712e-03 
8.640000000000001e+00 -2.461428571428540e-02 -2.288562519893150e-05 2.486428571428565e-01 -5.714285714285713e-03 -5.714285714285712e-03 -2.288562519893150e-05 -2.500000000002500e-04 -4.223383645036993e-06 9.999999999999995e-03 4.904108396786815e-02 5.714285714285712e-03 
8.645000000000000e+00 -2.462857142857111e-02 -2.288668104484276e-05 2.487857142857136e-01 -8.673617379884035e-19 5.714285714285712e-03 -2.288668104484276e-05 -2.500000000002500e-04 3.801045280533988e-06 -9.999999999999995e-03 4.905802442891582e-02 -5.714285714285712e-03 
8.650000000000000e+00 -2.464285714285683e-02 -2.288573078352262e-05 2.489285714285708e-01 -5.714285714285713e-03 -5.714285714285712e-03 -2.288573078352262e-05 -2.500000000002500e-04 -3.420940752479895e-06 9.999999999999995e-03 4.904277801397466e-02 5.714285714285712e-03 
8.654999999999999e+00 -2.465714285714254e-02 -2.288658601871074e-05 2.490714285714279e-01 -8.673617379884035e-19 5.714285714285712e-03 -2.288658601871074e-05 -2.500000000002535e-04 3.078846677231906e-06 -9.999999999999995e-03 4.905649978741996e-02 -5.714285714285712e-03 
8.660000000000000e+00 -2.467142857142826e-02 -2.288581630704143e-05 2.492142857142851e-01 -5.714285714285713e-03 -5.714285714285712e-03 -2.288581630704143e-05 -2.500000000002535e-04 -2.770962009505940e-06 9.999999999999995e-03 4.904415019132093e-02 5.714285714285712e-03 
8.665000000000001e+00 -2.468571428571397e-02 -2.288650904754380e-05 2.493571428571422e-01 -8.673617379884035e-19 5.714285714285712e-03 -2.288650904754380e-05 -2.500000000002535e-04 2.493865808556039e-06 -9.999999999999995e-03 4.905526482782573e-02 -5.714285714285712e-03 
8.670000000000000e+00 -2.469999999999968e-02 -2.288588558109166e-05 2.494999999999994e-01 -5.714285714285713e-03 -5.714285714285712e-03 -2.288588558109166e-05 -2.500000000002535e-04 -2.244479227697660e-06 9.999999999999995e-03 4.904526165495399e-02 5.714285714285712e-03 
8.675000000000001e+00 -2.471428571428540e-02 -2.288644670089858e-05 2.496428571428565e-01 -8.673617379884035e-19 5.714285714285712e-03 -2.288644670089858e-05 -2.500000000002535e-04 2.020031304929282e-06 -9.999999999999995e-03 4.905426451054030e-02 -5.714285714285712e-03 
8.680000000000000e+00 -2.472857142857111e-02 -2.288594169307235e-05 2.497857142857136e-01 -5.714285714285713e-03 -5.714285714285712e-03 -2.288594169307235e-05 -2.500000000002535e-04 -1.818028174435660e-06 9.999999999999995e-03 4.904616194051088e-02 5.714285714285712e-03 
8.685000000000000e+00 -2.474285714285683e-02 -2.288639620011596e-05 2.499285714285708e-01 -8.673617379884035e-19 5.714285714285712e-03 -2.288639620011596e-05 -2.500000000002535e-04 1.636225356989318e-06 -9.999999999999995e-03 4.905345425353910e-02 -5.714285714285712e-03 
8.690000000000000e+00 -2.475714285714254e-02 -2.288598714377671e-05 2.500714285714279e-01 -5.714285714285713e-03 -5.714285714285712e-03 -2.288598714377671e-05 -2.500000000002604e-04 -1.472602821288305e-06 9.999999999999995e-03 4.904689117181197e-02 5.714285714285712e-03 
8.695000000000000e+00 -2.477142857142825e-02 -2.288635529448203e-05 2.502142857142851e-01 -8.673617379884035e-19 5.714285714285712e-03 -2.288635529448203e-05 -2.500000000002604e-04 1.325342539160168e-06 -9.999999999999995e-03 4.905279794536812e-02 -5.714285714285712e-03 
8.700000000000001e+00 -2.478571428571397e-02 -2.288602395884723e-05 2.503571428571423e-01 -5.714285714285713e-03 -5.714285714285712e-03 -2.288602395884723e-05 -2.500000000002604e-04 -1.192808285241376e-06 9.999999999999995e-03 4.904748184918327e-02 5.714285714285712e-03 
8.705000000000000e+00 -2.479999999999968e-02 -2.288632216091857e-05 2.504999999999994e-01 -8.673617379884035e-19 5.714285714285712e-03 -2.288632216091857e-05 -2.500000000002604e-04 1.073527456707524e-06 -9.999999999999995e-03 4.905226633573220e-02 -5.714285714285712e-03 
8.710000000000001e+00 -2.481428571428540e-02 -2.288605377905439e-05 2.506428571428566e-01 -5.714285714285713e-03 -5.714285714285712e-03 -2.288605377905439e-05 -2.500000000002604e-04 -9.661747110353835e-07 9.999999999999995e-03 4.904796029783993e-02 5.714285714285712e-03 
8.715000000000000e+00 -2.482857142857111e-02 -2.288629532273215e-05 2.507857142857137e-01 -8.673617379884035e-19 5.714285714285712e-03 -2.288629532273215e-05 -2.500000000002604e-04 8.695572399283757e-07 -9.999999999999995e-03 4.905183573194121e-02 -5.714285714285712e-03 
8.720000000000001e+00 -2.484285714285682e-02 -2.288607793342215e-05 2.509285714285708e-01 -5.714285714285713e-03 -5.714285714285712e-03 -2.288607793342215e-05 -2.500000000002604e-04 -7.826015159251298e-07 9.999999999999995e-03 4.904834784125182e-02 5.714285714285712e-03 
8.725000000000000e+00 -2.485714285714253e-02 -2.288627358380114e-05 2.510714285714279e-01 -8.673617379884035e-19 5.714285714285712e-03 -2.288627358380114e-05 -2.500000000002639e-04 7.043413643298413e-07 -9.999999999999995e-03 4.905148694287050e-02 -5.714285714285712e-03 
8.730000000000000e+00 -2.487142857142825e-02 -2.288609749846005e-05 2.512142857142851e-01 -5.714285714285713e-03 -5.714285714285712e-03 -2.288609749846005e-05 -2.500000000002639e-04 -6.339072278968572e-07 9.999999999999995e-03 4.904866175141544e-02 5.714285714285712e-03 
8.734999999999999e+00 -2.488571428571396e-02 -2.288625597526703e-05 2.513571428571422e-01 -8.673617379884035e-19 5.714285714285712e-03 -2.288625597526703e-05 -2.500000000002639e-04 5.705165051078653e-07 -9.999999999999995e-03 4.905120442372325e-02 -5.714285714285712e-03 
8.740000000000000e+00 -2.489999999999968e-02 -2.288611334614076e-05 2.514999999999994e-01 -5.714285714285713e-03 -5.714285714285712e-03 -2.288611334614076e-05 -2.500000000002639e-04 -5.134648545998544e-07 9.999999999999995e-03 4.904891601864796e-02 5.714285714285712e-03 
8.745000000000001e+00 -2.491428571428539e-02 -2.288624171235440e-05 2.516428571428566e-01 -8.673617379884035e-19 5.714285714285712e-03 -2.288624171235440e-05 -2.500000000002639e-04 4.621183691405628e-07 -9.999999999999995e-03 4.905097558323141e-02 -5.714285714285712e-03 
8.750000000000000e+00 -2.492857142857110e-02 -2.288612618276212e-05 2.517857142857137e-01 -5.714285714285713e-03 -5.714285714285712e-03 -2.288612618276212e-05 -2.500000000002674e-04 -4.159065322278943e-07 9.999999999999995e-03 4.904912197508888e-02 5.714285714285712e-03 
8.755000000000001e+00 -2.494285714285682e-02 -2.288623015939517e-05 2.519285714285708e-01 -8.673617379884035e-19 5.714285714285712e-03 -2.288623015939517e-05 -2.500000000002674e-04 3.743158790078804e-07 -9.999999999999995e-03 4.905079022241891e-02 -5.714285714285712e-03 
8.760000000000000e+00 -2.495714285714253e-02 -2.288613658042542e-05 2.520714285714279e-01 -5.714285714285713e-03 -5.714285714285712e-03 -2.288613658042542e-05 -2.500000000002674e-04 -3.368842911091741e-07 9.999999999999995e-03 4.904928879982013e-02 5.714285714285712e-03 
8.765000000000001e+00 -2.497142857142825e-02 -2.288622080149820e-05 2.522142857142851e-01 -8.673617379884035e-19 5.714285714285712e-03 -2.288622080149820e-05 -2.500000000002674e-04 3.031958620003383e-07 -9.999999999999995e-03 4.905064008016078e-02 -5.714285714285712e-03 
8.770000000000000e+00 -2.498571428571396e-02 -2.288614500253269e-05 2.523571428571422e-01 -5.714285714285713e-03 -5.714285714285712e-03 -2.288614500253269e-05 -2.500000000002674e-04 -2.728762757975289e-07 9.999999999999995e-03 4.904942392785245e-02 5.714285714285712e-03 
8.775000000000000e+00 -2.499999999999967e-02 -2.288621322160164e-05 2.524999999999994e-01 -8.673617379884035e-19 5.714285714285712e-03 -2.288621322160164e-05 -2.500000000002674e-04 2.455886482163883e-07 -9.999999999999995e-03 4.905051846493168e-02 -5.714285714285712e-03 
8.779999999999999e+00 -2.501428571428538e-02 -2.288615182443958e-05 2.526428571428565e-01 -5.714285714285713e-03 -5.714285714285712e-03 -2.288615182443958e-05 -2.500000000002708e-04 -2.210297833926678e-07 9.999999999999995e-03 4.904953338155864e-02 5.714285714285712e-03 
8.785000000000000e+00 -2.502857142857110e-02 -2.288620708188541e-05 2.527857142857137e-01 -8.673617379884035e-19 5.714285714285712e-03 -2.288620708188541e-05 -2.500000000002708e-04 1.989268050631154e-07 -9.999999999999995e-03 4.905041995659613e-02 -5.714285714285712e-03 
8.790000000000001e+00 -2.504285714285681e-02 -2.288615735018413e-05 2.529285714285708e-01 -5.714285714285713e-03 -5.714285714285712e-03 -2.288615735018413e-05 -2.500000000002708e-04 -1.790341245533345e-07 9.999999999999995e-03 4.904962203907805e-02 5.714285714285712e-03 
8.795000000000000e+00 -2.505714285714252e-02 -2.288620210871527e-05 2.530714285714279e-01 -8.673617379884035e-19 5.714285714285712e-03 -2.288620210871527e-05 -2.500000000002708e-04 1.611307120993888e-07 -9.999999999999995e-03 4.905034016482690e-02 -5.714285714285712e-03 
8.800000000000001e+00 -2.507142857142824e-02 -2.288616182603724e-05 2.532142857142851e-01 -5.714285714285713e-03 -5.714285714285712e-03 -2.288616182603724e-05 -2.500000000002708e-04 -1.450176408887560e-07 9.999999999999995e-03 4.904969385165468e-02 5.714285714285712e-03 
8.805000000000000e+00 -2.508571428571395e-02 -2.288619808044746e-05 2.533571428571422e-01 -8.673617379884035e-19 5.714285714285712e-03 -2.288619808044746e-05 -2.500000000002743e-04 1.305158768005743e-07 -9.999999999999995e-03 4.905027553350794e-02 -5.714285714285712e-03 
8.810000000000000e+00 -2.509999999999967e-02 -2.288616545147826e-05 2.534999999999994e-01 -5.714285714285713e-03 -5.714285714285712e-03 -2.288616545147826e-05 -2.500000000002743e-04 -1.174642891219047e-07 9.999999999999995e-03 4.904975201984175e-02 5.714285714285712e-03 
8.815000000000000e+00 -2.511428571428538e-02 -2.288619481755054e-05 2.536428571428565e-01 -8.673617379884035e-19 5.714285714285712e-03 -2.288619481755054e-05 -2.500000000002743e-04 1.057178602090203e-07 -9.999999999999995e-03 4.905022318213958e-02 -5.714285714285712e-03 
8.820000000000000e+00 -2.512857142857109e-02 -2.288616838808548e-05 2.537857142857137e-01 -5.714285714285713e-03 -5.714285714285712e-03 -2.288616838808548e-05 -2.500000000002743e-04 -9.514607418603660e-08 9.999999999999995e-03 4.904979913607328e-02 5.714285714285712e-03 
8.825000000000001e+00 -2.514285714285681e-02 -2.288619217460404e-05 2.539285714285708e-01 -8.673617379884035e-19 5.714285714285712e-03 -2.288619217460404e-05 -2.500000000002743e-04 8.563146676465738e-08 -9.999999999999995e-03 4.905018077754862e-02 -5.714285714285712e-03 
8.830000000000000e+00 -2.515714285714252e-02 -2.288617076673734e-05 2.540714285714279e-01 -5.714285714285713e-03 -5.714285714285712e-03 -2.288617076673734e-05 -2.500000000002743e-04 -7.706832008680387e-08 9.999999999999995e-03 4.904983730020340e-02 5.714285714285712e-03 
8.835000000000001e+00 -2.517142857142824e-02 -2.288619003381737e-05 2.542142857142851e-01 -8.673617379884035e-19 5.714285714285712e-03 -2.288619003381737e-05 -2.500000000002743e-04 6.936148807396014e-08 -9.999999999999995e-03 4.905014642981583e-02 -5.714285714285712e-03 
8.840000000000000e+00 -2.518571428571395e-02 -2.288617269344535e-05 2.543571428571422e-01 -5.714285714285713e-03 -5.714285714285712e-03 -2.288617269344535e-05 -2.500000000002778e-04 -6.242533926587024e-08 9.999999999999995e-03 4.904986821316291e-02 5.714285714285712e-03 
8.845000000000001e+00 -2.519999999999966e-02 -2.288618829978017e-05 2.544999999999994e-01 -8.673617379884035e-19 5.714285714285712e-03 -2.288618829978017e-05 -2.500000000002778e-04 5.618280533858933e-08 -9.999999999999995e-03 4.905011860815228e-02 -5.714285714285712e-03 
8.850000000000000e+00 -2.521428571428537e-02 -2.288617425407883e-05 2.546428571428565e-01 -5.714285714285713e-03 -5.714285714285712e-03 -2.288617425407883e-05 -2.500000000002778e-04 -5.056452480334261e-08 9.999999999999995e-03 4.904989325266011e-02 5.714285714285712e-03 
8.855000000000000e+00 -2.522857142857109e-02 -2.288618689521003e-05 2.547857142857137e-01 -8.673617379884035e-19 5.714285714285712e-03 -2.288618689521003e-05 -2.500000000002778e-04 4.550807232439613e-08 -9.999999999999995e-03 4.905009607260480e-02 -5.714285714285712e-03 
8.859999999999999e+00 -2.524285714285680e-02 -2.288617551819195e-05 2.549285714285708e-01 -5.714285714285713e-03 -5.714285714285712e-03 -2.288617551819195e-05 -2.500000000002812e-04 -4.095726509334430e-08 9.999999999999995e-03 4.904991353465283e-02 5.714285714285712e-03 
8.865000000000000e+00 -2.525714285714252e-02 -2.288618575750820e-05 2.550714285714279e-01 -8.673617379884035e-19 5.714285714285712e-03 -2.288618575750820e-05 -2.500000000002812e-04 3.686153859233654e-08 -9.999999999999995e-03 4.905007781881136e-02 -5.714285714285712e-03 
8.870000000000001e+00 -2.527142857142823e-02 -2.288617654212355e-05 2.552142857142851e-01 -5.714285714285713e-03 -5.714285714285712e-03 -2.288617654212355e-05 -2.500000000002812e-04 -3.317538473102122e-08 9.999999999999995e-03 4.904992996308435e-02 5.714285714285712e-03 
8.875000000000000e+00 -2.528571428571394e-02 -2.288618483596973e-05 2.553571428571422e-01 -8.673617379884035e-19 5.714285714285712e-03 -2.288618483596973e-05 -2.500000000002812e-04 2.985784625791910e-08 -9.999999999999995e-03 4.905006303322124e-02 -5.714285714285712e-03 
8.880000000000001e+00 -2.529999999999966e-02 -2.288617737150816e-05 2.554999999999994e-01 -5.714285714285713e-03 -5.714285714285712e-03 -2.288617737150816e-05 -2.500000000002812e-04 -2.687206163143330e-08 9.999999999999995e-03 4.904994327009978e-02 5.714285714285712e-03 
8.885000000000000e+00 -2.531428571428537e-02 -2.288618408952358e-05 2.556428571428565e-01 -8.673617379884035e-19 5.714285714285712e-03 -2.288618408952358e-05 -2.500000000002812e-04 2.418485546551441e-08 -9.999999999999995e-03 4.905005105690734e-02 -5.714285714285712e-03 
8.890000000000001e+00 -2.532857142857109e-02 -2.288617804330972e-05 2.557857142857137e-01 -5.714285714285713e-03 -5.714285714285712e-03 -2.288617804330972e-05 -2.500000000002812e-04 -2.176636992173853e-08 9.999999999999995e-03 4.904995404878228e-02 5.714285714285712e-03 
8.895000000000000e+00 -2.534285714285680e-02 -2.288618348490221e-05 2.559285714285708e-01 -8.673617379884035e-19 5.714285714285712e-03 -2.288618348490221e-05 -2.500000000002847e-04 1.958973292609523e-08 -9.999999999999995e-03 4.905004135609310e-02 -5.714285714285712e-03 
8.900000000000000e+00 -2.535714285714251e-02 -2.288617858746897e-05 2.560714285714280e-01 -5.714285714285713e-03 -5.714285714285712e-03 -2.288617858746897e-05 -2.500000000002847e-04 -1.763075963001626e-08 9.999999999999995e-03 4.904996277951511e-02 5.714285714285712e-03 
8.904999999999999e+00 -2.537142857142822e-02 -2.288618299515888e-05 2.562142857142851e-01 -8.673617379884035e-19 5.714285714285712e-03 -2.288618299515888e-05 -2.500000000002847e-04 1.586768366701463e-08 -9.999999999999995e-03 4.905003349843354e-02 -5.714285714285712e-03 
8.910000000000000e+00 -2.538571428571394e-02 -2.288617902823795e-05 2.563571428571422e-01 -5.714285714285713e-03 -5.714285714285712e-03 -2.288617902823795e-05 -2.500000000002847e-04 -1.428091529753761e-08 9.999999999999995e-03 4.904996985140871e-02 5.714285714285712e-03 
8.915000000000001e+00 -2.539999999999966e-02 -2.288618259846677e-05 2.564999999999994e-01 -8.673617379884035e-19 5.714285714285712e-03 -2.288618259846677e-05 -2.500000000002847e-04 1.285282377055941e-08 -9.999999999999995e-03 4.905002713374674e-02 -5.714285714285712e-03 
8.920000000000000e+00 -2.541428571428537e-02 -2.288617938526082e-05 2.566428571428565e-01 -5.714285714285713e-03 -5.714285714285712e-03 -2.288617938526082e-05 -2.500000000002882e-04 -1.156754139003402e-08 9.999999999999995e-03 4.904997557962509e-02 5.714285714285712e-03 
8.925000000000001e+00 -2.542857142857108e-02 -2.288618227714616e-05 2.567857142857137e-01 -8.673617379884035e-19 5.714285714285712e-03 -2.288618227714616e-05 -2.500000000002882e-04 1.041078725311229e-08 -9.999999999999995e-03 4.905002197833631e-02 -5.714285714285712e-03 
8.930000000000000e+00 -2.544285714285679e-02 -2.288617967444935e-05 2.569285714285708e-01 -5.714285714285713e-03 -5.714285714285712e-03 -2.288617967444935e-05 -2.500000000002882e-04 -9.369708529882725e-09 9.999999999999995e-03 4.904998021949446e-02 5.714285714285712e-03 
8.935000000000000e+00 -2.545714285714251e-02 -2.288618201687649e-05 2.570714285714280e-01 -8.673617379884035e-19 5.714285714285712e-03 -2.288618201687649e-05 -2.500000000002882e-04 8.432737674812785e-09 -9.999999999999995e-03 4.905001780245388e-02 -5.714285714285712e-03 
8.940000000000000e+00 -2.547142857142822e-02 -2.288617990869206e-05 2.572142857142851e-01 -5.714285714285713e-03 -5.714285714285712e-03 -2.288617990869206e-05 -2.500000000002882e-04 -7.589463904555949e-09 9.999999999999995e-03 4.904998397778867e-02 5.714285714285712e-03 
8.945000000000000e+00 -2.548571428571393e-02 -2.288618180605804e-05 2.573571428571422e-01 -8.673617379884035e-19 5.714285714285712e-03 -2.288618180605804e-05 -2.500000000002882e-04 6.830517512712575e-09 -9.999999999999995e-03 4.905001441998909e-02 -5.714285714285712e-03 
8.950000000000001e+00 -2.549999999999965e-02 -2.288618009842866e-05 2.574999999999994e-01 -5.714285714285713e-03 -5.714285714285712e-03 -2.288618009842866e-05 -2.500000000002882e-04 -6.147465758665760e-09 9.999999999999995e-03 4.904998702202440e-02 5.714285714285712e-03 
8.955000000000000e+00 -2.551428571428536e-02 -2.288618163529509e-05 2.576428571428565e-01 -8.673617379884035e-19 5.714285714285712e-03 -2.288618163529509e-05 -2.500000000002917e-04 5.532719185574742e-09 -9.999999999999995e-03 4.905001168017519e-02 -5.714285714285712e-03 
8.960000000000001e+00 -2.552857142857108e-02 -2.288618025211529e-05 2.577857142857137e-01 -5.714285714285713e-03 -5.714285714285712e-03 -2.288618025211529e-05 -2.500000000002917e-04 -4.979447264241710e-09 9.999999999999995e-03 4.904998948784122e-02 5.714285714285712e-03 
8.965000000000000e+00 -2.554285714285679e-02 -2.288618149697711e-05 2.579285714285708e-01 -8.673617379884035e-19 5.714285714285712e-03 -2.288618149697711e-05 -2.500000000002917e-04 4.481502537123649e-09 -9.999999999999995e-03 4.905000946094005e-02 -5.714285714285712e-03 
8.970000000000001e+00 -2.555714285714250e-02 -2.288618037660149e-05 2.580714285714280e-01 -5.714285714285713e-03 -5.714285714285712e-03 -2.288618037660149e-05 -2.500000000002917e-04 -4.033352291044068e-09 9.999999999999995e-03 4.904999148515284e-02 5.714285714285712e-03 
8.975000000000000e+00 -2.557142857142821e-02 -2.288618138493956e-05 2.582142857142851e-01 -8.673617379884035e-19 5.714285714285712e-03 -2.288618138493956e-05 -2.500000000002951e-04 3.630017064715219e-09 -9.999999999999995e-03 4.905000766335960e-02 -5.714285714285712e-03 
8.980000000000000e+00 -2.558571428571393e-02 -2.288618047743529e-05 2.583571428571422e-01 -5.714285714285713e-03 -5.714285714285712e-03 -2.288618047743529e-05 -2.500000000002951e-04 -3.267015359631475e-09 9.999999999999995e-03 4.904999310297525e-02 5.714285714285712e-03 
8.984999999999999e+00 -2.559999999999964e-02 -2.288618129418913e-05 2.584999999999993e-01 -8.673617379884035e-19 5.714285714285712e-03 -2.288618129418913e-05 -2.500000000002951e-04 2.940313825749996e-09 -9.999999999999995e-03 4.905000620731943e-02 -5.714285714285712e-03 
8.990000000000000e+00 -2.561428571428536e-02 -2.288618055911067e-05 2.586428571428565e-01 -5.714285714285713e-03 -5.714285714285712e-03 -2.288618055911067e-05 -2.500000000002951e-04 -2.646282443174997e-09 9.999999999999995e-03 4.904999441341140e-02 5.714285714285712e-03 
8.995000000000001e+00 -2.562857142857107e-02 -2.288618122068128e-05 2.587857142857137e-01 -8.673617379884035e-19 5.714285714285712e-03 -2.288618122068128e-05 -2.500000000002951e-04 2.381654200245276e-09 -9.999999999999995e-03 4.905000502794431e-02 -5.714285714285712e-03 
9.000000000000000e+00 -2.564285714285678e-02 -2.288618062526773e-05 2.589285714285708e-01 -5.714285714285713e-03 -5.714285714285712e-03 -2.288618062526773e-05 -2.500000000002951e-04 -2.143488782302416e-09 9.999999999999995e-03 4.904999547484726e-02 5.714285714285712e-03 
9.005000000000001e+00 -2.565714285714250e-02 -2.288618116113993e-05 2.590714285714280e-01 -8.673617379884035e-19 5.714285714285712e-03 -2.288618116113993e-05 -2.500000000002951e-04 1.929139903378285e-09 -9.999999999999995e-03 4.905000407263636e-02 -5.714285714285712e-03 
9.010000000000000e+00 -2.567142857142821e-02 -2.288618067885496e-05 2.592142857142851e-01 -5.714285714285713e-03 -5.714285714285712e-03 -2.288618067885496e-05 -2.500000000002986e-04 -1.736225913040457e-09 9.999999999999995e-03 4.904999633462443e-02 5.714285714285712e-03 
9.015000000000001e+00 -2.568571428571393e-02 -2.288618111291143e-05 2.593571428571422e-01 -8.673617379884035e-19 5.714285714285712e-03 -2.288618111291143e-05 -2.500000000002986e-04 1.562603324511969e-09 -9.999999999999995e-03 4.905000329883691e-02 -5.714285714285712e-03 
9.020000000000000e+00 -2.569999999999964e-02 -2.288618072226062e-05 2.594999999999993e-01 -5.714285714285713e-03 -5.714285714285712e-03 -2.288618072226062e-05 -2.500000000002986e-04 -1.406343000387444e-09 9.999999999999995e-03 4.904999703104392e-02 5.714285714285712e-03 
9.025000000000000e+00 -2.571428571428535e-02 -2.288618107384637e-05 2.596428571428565e-01 -8.673617379884035e-19 5.714285714285712e-03 -2.288618107384637e-05 -2.500000000002986e-04 1.265708697573142e-09 -9.999999999999995e-03 4.905000267205937e-02 -5.714285714285712e-03 
9.029999999999999e+00 -2.572857142857106e-02 -2.288618075741920e-05 2.597857142857136e-01 -5.714285714285713e-03 -5.714285714285712e-03 -2.288618075741920e-05 -2.500000000003021e-04 -1.139137825734160e-09 9.999999999999995e-03 4.904999759514372e-02 5.714285714285712e-03 
9.035000000000000e+00 -2.574285714285678e-02 -2.288618104220365e-05 2.599285714285708e-01 -8.673617379884035e-19 5.714285714285712e-03 -2.288618104220365e-05 -2.500000000003021e-04 1.025224044548523e-09 -9.999999999999995e-03 4.905000216436954e-02 -5.714285714285712e-03 
9.040000000000001e+00 -2.575714285714250e-02 -2.288618078589763e-05 2.600714285714280e-01 -5.714285714285713e-03 -5.714285714285712e-03 -2.288618078589763e-05 -2.500000000003021e-04 -9.227016373181129e-10 9.999999999999995e-03 4.904999805208199e-02 5.714285714285712e-03 
9.045000000000000e+00 -2.577142857142821e-02 -2.288618101657304e-05 2.602142857142851e-01 -8.673617379884035e-19 5.714285714285712e-03 -2.288618101657304e-05 -2.500000000003021e-04 8.304314735863016e-10 -9.999999999999995e-03 4.905000175312336e-02 -5.714285714285712e-03 
9.050000000000001e+00 -2.578571428571392e-02 -2.288618080896517e-05 2.603571428571422e-01 -5.714285714285713e-03 -5.714285714285712e-03 -2.288618080896517e-05 -2.500000000003021e-04 -7.473883248398927e-10 9.999999999999995e-03 4.904999842218787e-02 5.714285714285712e-03 
9.055000000000000e+00 -2.579999999999963e-02 -2.288618099581225e-05 2.604999999999993e-01 -8.673617379884035e-19 5.714285714285712e-03 -2.288618099581225e-05 -2.500000000003021e-04 6.726494916620140e-10 -9.999999999999995e-03 4.905000142002806e-02 -5.714285714285712e-03 
9.060000000000000e+00 -2.581428571428535e-02 -2.288618082764988e-05 2.606428571428565e-01 -5.714285714285713e-03 -5.714285714285712e-03 -2.288618082764988e-05 -2.500000000003021e-04 -6.053845411080339e-10 9.999999999999995e-03 4.904999872197364e-02 5.714285714285712e-03 
9.065000000000000e+00 -2.582857142857106e-02 -2.288618097899600e-05 2.607857142857136e-01 -8.673617379884035e-19 5.714285714285712e-03 -2.288618097899600e-05 -2.500000000003055e-04 5.448460918544562e-10 -9.999999999999995e-03 4.905000115022088e-02 -5.714285714285712e-03 
9.070000000000000e+00 -2.584285714285678e-02 -2.288618084278447e-05 2.609285714285708e-01 -5.714285714285713e-03 -5.714285714285712e-03 -2.288618084278447e-05 -2.500000000003055e-04 -4.903614805873424e-10 9.999999999999995e-03 4.904999896480010e-02 5.714285714285712e-03 
9.075000000000001e+00 -2.585714285714249e-02 -2.288618096537485e-05 2.610714285714280e-01 -8.673617379884035e-19 5.714285714285712e-03 -2.288618096537485e-05 -2.500000000003055e-04 4.413253304469400e-10 -9.999999999999995e-03 4.905000093169448e-02 -5.714285714285712e-03 
9.080000000000000e+00 -2.587142857142820e-02 -2.288618085504352e-05 2.612142857142851e-01 -5.714285714285713e-03 -5.714285714285712e-03 -2.288618085504352e-05 -2.500000000003055e-04 -3.971927994839142e-10 9.999999999999995e-03 4.904999916147212e-02 5.714285714285712e-03 
9.085000000000001e+00 -2.588571428571392e-02 -2.288618095434173e-05 2.613571428571422e-01 -8.673617379884035e-19 5.714285714285712e-03 -2.288618095434173e-05 -2.500000000003055e-04 3.574735160660758e-10 -9.999999999999995e-03 4.905000075467399e-02 -5.714285714285712e-03 
9.090000000000000e+00 -2.589999999999963e-02 -2.288618086497336e-05 2.614999999999993e-01 -5.714285714285713e-03 -5.714285714285712e-03 -2.288618086497336e-05 -2.500000000003090e-04 -3.217261665411364e-10 9.999999999999995e-03 4.904999932079056e-02 5.714285714285712e-03 
9.095000000000001e+00 -2.591428571428534e-02 -2.288618094540490e-05 2.616428571428565e-01 -8.673617379884035e-19 5.714285714285712e-03 -2.288618094540490e-05 -2.500000000003090e-04 2.895535478053546e-10 -9.999999999999995e-03 4.905000061128739e-02 -5.714285714285712e-03 
9.100000000000000e+00 -2.592857142857105e-02 -2.288618087301652e-05 2.617857142857136e-01 -5.714285714285713e-03 -5.714285714285712e-03 -2.288618087301652e-05 -2.500000000003090e-04 -2.605981958003767e-10 9.999999999999995e-03 4.904999944983850e-02 5.714285714285712e-03 
9.105000000000000e+00 -2.594285714285677e-02 -2.288618093816608e-05 2.619285714285708e-01 -8.673617379884035e-19 5.714285714285712e-03 -2.288618093816608e-05 -2.500000000003090e-04 2.345383748325602e-10 -9.999999999999995e-03 4.905000049514424e-02 -5.714285714285712e-03 
9.109999999999999e+00 -2.595714285714248e-02 -2.288618087953149e-05 2.620714285714279e-01 -5.714285714285713e-03 -5.714285714285712e-03 -2.288618087953149e-05 -2.500000000003090e-04 -2.110845387370830e-10 9.999999999999995e-03 4.904999955436733e-02 5.714285714285712e-03 
9.115000000000000e+00 -2.597142857142820e-02 -2.288618093230263e-05 2.622142857142851e-01 -8.673617379884035e-19 5.714285714285712e-03 -2.288618093230263e-05 -2.500000000003090e-04 1.899760834755959e-10 -9.999999999999995e-03 4.905000040106829e-02 -5.714285714285712e-03 
9.120000000000001e+00 -2.598571428571391e-02 -2.288618088480860e-05 2.623571428571422e-01 -5.714285714285713e-03 -5.714285714285712e-03 -2.288618088480860e-05 -2.500000000003090e-04 -1.709784744341469e-10 9.999999999999995e-03 4.904999963905311e-02 5.714285714285712e-03 
9.125000000000000e+00 -2.599999999999962e-02 -2.288618092755323e-05 2.624999999999993e-01 -8.673617379884035e-19 5.714285714285712e-03 -2.288618092755323e-05 -2.500000000003125e-04 1.538806235212853e-10 -9.999999999999995e-03 4.905000032484935e-02 -5.714285714285712e-03 
9.130000000000001e+00 -2.601428571428534e-02 -2.288618088908305e-05 2.626428571428565e-01 -5.714285714285713e-03 -5.714285714285712e-03 -2.288618088908305e-05 -2.500000000003125e-04 -1.384925507608159e-10 9.999999999999995e-03 4.904999970763450e-02 5.714285714285712e-03 
9.135000000000000e+00 -2.602857142857105e-02 -2.288618092370619e-05 2.627857142857136e-01 -8.673617379884035e-19 5.714285714285712e-03 -2.288618092370619e-05 -2.500000000003125e-04 1.246432956847343e-10 -9.999999999999995e-03 4.905000026312609e-02 -5.714285714285712e-03 
9.140000000000001e+00 -2.604285714285677e-02 -2.288618089254537e-05 2.629285714285708e-01 -5.714285714285713e-03 -5.714285714285712e-03 -2.288618089254537e-05 -2.500000000003125e-04 -1.121789675040397e-10 9.999999999999995e-03 4.904999976318541e-02 5.714285714285712e-03 
9.145000000000000e+00 -2.605714285714248e-02 -2.288618092059010e-05 2.630714285714279e-01 -8.673617379884035e-19 5.714285714285712e-03 -2.288618092059010e-05 -2.500000000003159e-04 1.009610728353039e-10 -9.999999999999995e-03 4.905000021313029e-02 -5.714285714285712e-03 
9.150000000000000e+00 -2.607142857142819e-02 -2.288618089534984e-05 2.632142857142851e-01 -5.714285714285713e-03 -5.714285714285712e-03 -2.288618089534984e-05 -2.500000000003159e-04 -9.086496832733104e-11 9.999999999999995e-03 4.904999980818163e-02 5.714285714285712e-03 
9.154999999999999e+00 -2.608571428571390e-02 -2.288618091806608e-05 2.633571428571422e-01 -8.673617379884035e-19 5.714285714285712e-03 -2.288618091806608e-05 -2.500000000003159e-04 8.177847288237672e-11 -9.999999999999995e-03 4.905000017263369e-02 -5.714285714285712e-03 
9.160000000000000e+00 -2.609999999999962e-02 -2.288618089762144e-05 2.634999999999993e-01 -5.714285714285713e-03 -5.714285714285712e-03 -2.288618089762144e-05 -2.500000000003159e-04 -7.360061865524514e-11 9.999999999999995e-03 4.904999984462858e-02 5.714285714285712e-03 
9.165000000000001e+00 -2.611428571428534e-02 -2.288618091602161e-05 2.636428571428565e-01 -8.673617379884035e-19 5.714285714285712e-03 -2.288618091602161e-05 -2.500000000003159e-04 6.624055470805246e-11 -9.999999999999995e-03 4.905000013984884e-02 -5.714285714285712e-03 
9.170000000000000e+00 -2.612857142857105e-02 -2.288618089946145e-05 2.637857142857136e-01 -5.714285714285713e-03 -5.714285714285712e-03 -2.288618089946145e-05 -2.500000000003159e-04 -5.961649229835331e-11 9.999999999999995e-03 4.904999987413320e-02 5.714285714285712e-03 
9.175000000000001e+00 -2.614285714285676e-02 -2.288618091436555e-05 2.639285714285708e-01 -8.673617379884035e-19 5.714285714285712e-03 -2.288618091436555e-05 -2.500000000003159e-04 5.365485139519066e-11 -9.999999999999995e-03 4.905000011327901e-02 -5.714285714285712e-03 
9.180000000000000e+00 -2.615714285714247e-02 -2.288618090095184e-05 2.640714285714279e-01 -5.714285714285713e-03 -5.714285714285712e-03 -2.288618090095184e-05 -2.500000000003194e-04 -4.828936556178220e-11 9.999999999999995e-03 4.904999989804603e-02 5.714285714285712e-03 
9.185000000000000e+00 -2.617142857142819e-02 -2.288618091302418e-05 2.642142857142851e-01 -8.673617379884035e-19 5.714285714285712e-03 -2.288618091302418e-05 -2.500000000003194e-04 4.346042969949337e-11 -9.999999999999995e-03 4.905000009175747e-02 -5.714285714285712e-03 
9.190000000000000e+00 -2.618571428571390e-02 -2.288618090215907e-05 2.643571428571422e-01 -5.714285714285713e-03 -5.714285714285712e-03 -2.288618090215907e-05 -2.500000000003194e-04 -3.911438534176526e-11 9.999999999999995e-03 4.904999991741543e-02 5.714285714285712e-03 
9.195000000000000e+00 -2.619999999999962e-02 -2.288618091193769e-05 2.644999999999993e-01 -8.673617379884035e-19 5.714285714285712e-03 -2.288618091193769e-05 -2.500000000003194e-04 3.520293778702666e-11 -9.999999999999995e-03 4.905000007432499e-02 -5.714285714285712e-03 
9.200000000000001e+00 -2.621428571428533e-02 -2.288618090313695e-05 2.646428571428565e-01 -5.714285714285713e-03 -5.714285714285712e-03 -2.288618090313695e-05 -2.500000000003194e-04 -3.168264262054521e-11 9.999999999999995e-03 4.904999993312209e-02 5.714285714285712e-03 
9.205000000000000e+00 -2.622857142857104e-02 -2.288618091105761e-05 2.647857142857136e-01 -8.673617379884035e-19 5.714285714285712e-03 -2.288618091105761e-05 -2.500000000003229e-04 2.851437835849069e-11 -9.999999999999995e-03 4.905000006018727e-02 -5.714285714285712e-03 
9.210000000000001e+00 -2.624285714285676e-02 -2.288618090392901e-05 2.649285714285708e-01 -5.714285714285713e-03 -5.714285714285712e-03 -2.288618090392901e-05 -2.500000000003229e-04 -2.566293705319467e-11 9.999999999999995e-03 4.904999994583036e-02 5.714285714285712e-03 
9.215000000000000e+00 -2.625714285714247e-02 -2.288618091034474e-05 2.650714285714279e-01 -8.673617379884035e-19 5.714285714285712e-03 -2.288618091034474e-05 -2.500000000003229e-04 2.309664265398581e-11 -9.999999999999995e-03 4.905000004874983e-02 -5.714285714285712e-03 
9.220000000000001e+00 -2.627142857142819e-02 -2.288618090457056e-05 2.652142857142851e-01 -5.714285714285713e-03 -5.714285714285712e-03 -2.288618090457056e-05 -2.500000000003229e-04 -2.078696936802515e-11 9.999999999999995e-03 4.904999995612406e-02 5.714285714285712e-03 
9.225000000000000e+00 -2.628571428571390e-02 -2.288618090976731e-05 2.653571428571422e-01 -8.673617379884035e-19 5.714285714285712e-03 -2.288618090976731e-05 -2.500000000003229e-04 1.870827104344386e-11 -9.999999999999995e-03 4.905000003948549e-02 -5.714285714285712e-03 
9.230000000000000e+00 -2.629999999999961e-02 -2.288618090509023e-05 2.654999999999993e-01 -5.714285714285713e-03 -5.714285714285712e-03 -2.288618090509023e-05 -2.500000000003229e-04 -1.683744116354191e-11 9.999999999999995e-03 4.904999996446196e-02 5.714285714285712e-03 
9.234999999999999e+00 -2.631428571428532e-02 -2.288618090929959e-05 2.656428571428565e-01 -8.673617379884035e-19 5.714285714285712e-03 -2.288618090929959e-05 -2.500000000003264e-04 1.515369774107711e-11 -9.999999999999995e-03 4.905000003198139e-02 -5.714285714285712e-03 
9.240000000000000e+00 -2.632857142857104e-02 -2.288618090551114e-05 2.657857142857136e-01 -5.714285714285713e-03 -5.714285714285712e-03 -2.288618090551114e-05 -2.500000000003264e-04 -1.363831964029671e-11 9.999999999999995e-03 4.904999997121565e-02 5.714285714285712e-03 
9.245000000000001e+00 -2.634285714285675e-02 -2.288618090892072e-05 2.659285714285708e-01 -8.673617379884035e-19 5.714285714285712e-03 -2.288618090892072e-05 -2.500000000003264e-04 1.227448698237765e-11 -9.999999999999995e-03 4.905000002592048e-02 -5.714285714285712e-03 
9.250000000000000e+00 -2.635714285714246e-02 -2.288618090585210e-05 2.660714285714279e-01 -5.714285714285713e-03 -5.714285714285712e-03 -2.288618090585210e-05 -2.500000000003264e-04 -1.104703828413989e-11 9.999999999999995e-03 4.904999997666872e-02 5.714285714285712e-03 
9.255000000000001e+00 -2.637142857142818e-02 -2.288618090861387e-05 2.662142857142851e-01 -8.673617379884035e-19 5.714285714285712e-03 -2.288618090861387e-05 -2.500000000003264e-04 9.942331680168337e-12 -9.999999999999995e-03 4.905000002099704e-02 -5.714285714285712e-03 
9.260000000000000e+00 -2.638571428571389e-02 -2.288618090612829e-05 2.663571428571422e-01 -5.714285714285713e-03 -5.714285714285712e-03 -2.288618090612829e-05 -2.500000000003298e-04 -8.948099206040894e-12 9.999999999999995e-03 4.904999998109982e-02 5.714285714285712e-03 
9.265000000000001e+00 -2.639999999999961e-02 -2.288618090836532e-05 2.664999999999993e-01 -8.673617379884035e-19 5.714285714285712e-03 -2.288618090836532e-05 -2.500000000003298e-04 8.053287203768633e-12 -9.999999999999995e-03 4.905000001700906e-02 -5.714285714285712e-03 
9.270000000000000e+00 -2.641428571428532e-02 -2.288618090635200e-05 2.666428571428565e-01 -5.714285714285713e-03 -5.714285714285712e-03 -2.288618090635200e-05 -2.500000000003298e-04 -7.247959177281160e-12 9.999999999999995e-03 4.904999998468900e-02 5.714285714285712e-03 
9.275000000000000e+00 -2.642857142857103e-02 -2.288618090816399e-05 2.667857142857136e-01 -8.673617379884035e-19 5.714285714285712e-03 -2.288618090816399e-05 -2.500000000003298e-04 6.523163953442435e-12 -9.999999999999995e-03 4.905000001377879e-02 -5.714285714285712e-03 
9.279999999999999e+00 -2.644285714285674e-02 -2.288618090653319e-05 2.669285714285707e-01 -5.714285714285713e-03 -5.714285714285712e-03 -2.288618090653319e-05 -2.500000000003298e-04 -5.870845476430020e-12 9.999999999999995e-03 4.904999998759624e-02 5.714285714285712e-03 
9.285000000000000e+00 -2.645714285714246e-02 -2.288618090800091e-05 2.670714285714279e-01 -8.673617379884035e-19 5.714285714285712e-03 -2.288618090800091e-05 -2.500000000003298e-04 5.283759541008237e-12 -9.999999999999995e-03 4.905000001116228e-02 -5.714285714285712e-03 
9.290000000000001e+00 -2.647142857142818e-02 -2.288618090667997e-05 2.672142857142851e-01 -5.714285714285713e-03 -5.714285714285712e-03 -2.288618090667997e-05 -2.500000000003298e-04 -4.755383586907413e-12 9.999999999999995e-03 4.904999998996853e-02 5.714285714285712e-03 
9.295000000000000e+00 -2.648571428571389e-02 -2.288618090786881e-05 2.673571428571422e-01 -8.673617379884035e-19 5.714285714285712e-03 -2.288618090786881e-05 -2.500000000003333e-04 4.279847309884843e-12 -9.999999999999995e-03 4.905000000902548e-02 -5.714285714285712e-03 
9.300000000000001e+00 -2.649999999999960e-02 -2.288618090679885e-05 2.674999999999993e-01 -5.714285714285713e-03 -5.714285714285712e-03 -2.288618090679885e-05 -2.500000000003333e-04 -3.851863272785749e-12 9.999999999999995e-03 4.904999999187596e-02 5.714285714285712e-03 
9.305000000000000e+00 -2.651428571428531e-02 -2.288618090776181e-05 2.676428571428565e-01 -8.673617379884035e-19 5.714285714285712e-03 -2.288618090776181e-05 -2.500000000003333e-04 3.466678333285955e-12 -9.999999999999995e-03 4.905000000730879e-02 -5.714285714285712e-03 
9.310000000000000e+00 -2.652857142857103e-02 -2.288618090689514e-05 2.677857142857136e-01 -5.714285714285713e-03 -5.714285714285712e-03 -2.288618090689514e-05 -2.500000000003333e-04 -3.120011193846750e-12 9.999999999999995e-03 4.904999999342098e-02 5.714285714285712e-03 
9.315000000000000e+00 -2.654285714285674e-02 -2.288618090767515e-05 2.679285714285707e-01 -8.673617379884035e-19 5.714285714285712e-03 -2.288618090767515e-05 -2.500000000003368e-04 2.808010768351465e-12 -9.999999999999995e-03 4.905000000591827e-02 -5.714285714285712e-03 
9.320000000000000e+00 -2.655714285714246e-02 -2.288618090697314e-05 2.680714285714279e-01 -5.714285714285713e-03 -5.714285714285712e-03 -2.288618090697314e-05 -2.500000000003368e-04 -2.527207609848148e-12 9.999999999999995e-03 4.904999999467245e-02 5.714285714285712e-03 
9.325000000000001e+00 -2.657142857142817e-02 -2.288618090760494e-05 2.682142857142851e-01 -8.673617379884035e-19 5.714285714285712e-03 -2.288618090760494e-05 -2.500000000003368e-04 2.274486154973943e-12 -9.999999999999995e-03 4.905000000480936e-02 -5.714285714285712e-03 
9.330000000000000e+00 -2.658571428571388e-02 -2.288618090703632e-05 2.683571428571422e-01 -5.714285714285713e-03 -5.714285714285712e-03 -2.288618090703632e-05 -2.500000000003368e-04 -2.047036151697768e-12 9.999999999999995e-03 4.904999999566872e-02 5.714285714285712e-03 
9.335000000000001e+00 -2.659999999999960e-02 -2.288618090754808e-05 2.684999999999994e-01 -8.673617379884035e-19 5.714285714285712e-03 -2.288618090754808e-05 -2.500000000003368e-04 1.842331842638600e-12 -9.999999999999995e-03 4.905000000389704e-02 -5.714285714285712e-03 
9.340000000000000e+00 -2.661428571428531e-02 -2.288618090708751e-05 2.686428571428565e-01 -5.714285714285713e-03 -5.714285714285712e-03 -2.288618090708751e-05 -2.500000000003368e-04 -1.658104209489863e-12 9.999999999999995e-03 4.904999999648981e-02 5.714285714285712e-03 
9.345000000000001e+00 -2.662857142857103e-02 -2.288618090750204e-05 2.687857142857136e-01 -8.673617379884035e-19 5.714285714285712e-03 -2.288618090750204e-05 -2.500000000003368e-04 1.492292400762096e-12 -9.999999999999995e-03 4.905000000315807e-02 -5.714285714285712e-03 
9.350000000000000e+00 -2.664285714285674e-02 -2.288618090712897e-05 2.689285714285707e-01 -5.714285714285713e-03 -5.714285714285712e-03 -2.288618090712897e-05 -2.500000000003402e-04 -1.343064548464667e-12 9.999999999999995e-03 4.904999999715489e-02 5.714285714285712e-03 
9.355000000000000e+00 -2.665714285714245e-02 -2.288618090746475e-05 2.690714285714279e-01 -8.673617379884035e-19 5.714285714285712e-03 -2.288618090746475e-05 -2.500000000003402e-04 1.208755318060639e-12 -9.999999999999995e-03 4.905000000255949e-02 -5.714285714285712e-03 
9.359999999999999e+00 -2.667142857142816e-02 -2.288618090716256e-05 2.692142857142850e-01 -5.714285714285713e-03 -5.714285714285712e-03 -2.288618090716256e-05 -2.500000000003402e-04 -1.087879786254575e-12 9.999999999999995e-03 4.904999999769361e-02 5.714285714285712e-03 
9.365000000000000e+00 -2.668571428571388e-02 -2.288618090743453e-05 2.693571428571422e-01 -8.673617379884035e-19 5.714285714285712e-03 -2.288618090743453e-05 -2.500000000003402e-04 9.790918076291177e-13 -9.999999999999995e-03 4.905000000207464e-02 -5.714285714285712e-03 
9.370000000000001e+00 -2.669999999999960e-02 -2.288618090718976e-05 2.694999999999994e-01 -5.714285714285713e-03 -5.714285714285712e-03 -2.288618090718976e-05 -2.500000000003402e-04 -8.811840146449867e-13 9.999999999999995e-03 4.904999999814739e-02 5.714285714285712e-03 
9.375000000000000e+00 -2.671428571428531e-02 -2.288618090741005e-05 2.696428571428565e-01 -8.673617379884035e-19 5.714285714285712e-03 -2.288618090741005e-05 -2.500000000003437e-04 7.930670009592689e-13 -9.999999999999995e-03 4.905000000166450e-02 -5.714285714285712e-03 
9.380000000000001e+00 -2.672857142857102e-02 -2.288618090721179e-05 2.697857142857136e-01 -5.714285714285713e-03 -5.714285714285712e-03 -2.288618090721179e-05 -2.500000000003437e-04 -7.137623825315131e-13 9.999999999999995e-03 4.904999999850084e-02 5.714285714285712e-03 
9.385000000000000e+00 -2.674285714285673e-02 -2.288618090739022e-05 2.699285714285707e-01 -8.673617379884035e-19 5.714285714285712e-03 -2.288618090739022e-05 -2.500000000003437e-04 6.423889198359234e-13 -9.999999999999995e-03 4.905000000134640e-02 -5.714285714285712e-03 
9.390000000000001e+00 -2.675714285714245e-02 -2.288618090722962e-05 2.700714285714279e-01 -5.714285714285713e-03 -5.714285714285712e-03 -2.288618090722962e-05 -2.500000000003437e-04 -5.781486400735503e-13 9.999999999999995e-03 4.904999999878713e-02 5.714285714285712e-03 
9.395000000000000e+00 -2.677142857142816e-02 -2.288618090737416e-05 2.702142857142850e-01 -8.673617379884035e-19 5.714285714285712e-03 -2.288618090737416e-05 -2.500000000003437e-04 5.203337760661952e-13 -9.999999999999995e-03 4.905000000108873e-02 -5.714285714285712e-03 
9.400000000000000e+00 -2.678571428571387e-02 -2.288618090724407e-05 2.703571428571422e-01 -5.714285714285713e-03 -5.714285714285712e-03 -2.288618090724407e-05 -2.500000000003437e-04 -4.682990106807949e-13 9.999999999999995e-03 4.904999999901904e-02 5.714285714285712e-03 
9.404999999999999e+00 -2.679999999999958e-02 -2.288618090736115e-05 2.704999999999993e-01 -8.673617379884035e-19 5.714285714285712e-03 -2.288618090736115e-05 -2.500000000003472e-04 4.214684157233251e-13 -9.999999999999995e-03 4.905000000088001e-02 -5.714285714285712e-03 
9.410000000000000e+00 -2.681428571428530e-02 -2.288618090725578e-05 2.706428571428565e-01 -5.714285714285713e-03 -5.714285714285712e-03 -2.288618090725578e-05 -2.500000000003472e-04 -3.793215741509925e-13 9.999999999999995e-03 4.904999999920688e-02 5.714285714285712e-03 
9.415000000000001e+00 -2.682857142857102e-02 -2.288618090735062e-05 2.707857142857136e-01 -8.673617379884035e-19 5.714285714285712e-03 -2.288618090735062e-05 -2.500000000003472e-04 3.413866411783317e-13 -9.999999999999995e-03 4.905000000072838e-02 -5.714285714285712e-03 
9.420000000000000e+00 -2.684285714285673e-02 -2.288618090726527e-05 2.709285714285707e-01 -5.714285714285713e-03 -5.714285714285712e-03 -2.288618090726527e-05 -2.500000000003472e-04 -3.072472831711082e-13 9.999999999999995e-03 4.904999999934161e-02 5.714285714285712e-03 
9.425000000000001e+00 -2.685714285714244e-02 -2.288618090734209e-05 2.710714285714279e-01 -8.673617379884035e-19 5.714285714285712e-03 -2.288618090734209e-05 -2.500000000003472e-04 2.765218609646070e-13 -9.999999999999995e-03 4.905000000059144e-02 -5.714285714285712e-03 
9.430000000000000e+00 -2.687142857142815e-02 -2.288618090727296e-05 2.712142857142850e-01 -5.714285714285713e-03 -5.714285714285712e-03 -2.288618090727296e-05 -2.500000000003506e-04 -2.488703687575367e-13 9.999999999999995e-03 4.904999999946486e-02 5.714285714285712e-03 
9.435000000000000e+00 -2.688571428571387e-02 -2.288618090733518e-05 2.713571428571422e-01 -8.673617379884035e-19 5.714285714285712e-03 -2.288618090733518e-05 -2.500000000003506e-04 2.239805563242214e-13 -9.999999999999995e-03 4.905000000048052e-02 -5.714285714285712e-03 
9.440000000000000e+00 -2.689999999999958e-02 -2.288618090727919e-05 2.714999999999993e-01 -5.714285714285713e-03 -5.714285714285712e-03 -2.288618090727919e-05 -2.500000000003506e-04 -2.015818068024089e-13 9.999999999999995e-03 4.904999999956468e-02 5.714285714285712e-03 
9.445000000000000e+00 -2.691428571428530e-02 -2.288618090732958e-05 2.716428571428565e-01 -8.673617379884035e-19 5.714285714285712e-03 -2.288618090732958e-05 -2.500000000003506e-04 1.814243200115584e-13 -9.999999999999995e-03 4.905000000039068e-02 -5.714285714285712e-03 
9.450000000000001e+00 -2.692857142857101e-02 -2.288618090728422e-05 2.717857142857136e-01 -5.714285714285713e-03 -5.714285714285712e-03 -2.288618090728422e-05 -2.500000000003506e-04 -1.632791124528410e-13 9.999999999999995e-03 4.904999999966297e-02 5.714285714285712e-03 
9.455000000000000e+00 -2.694285714285672e-02 -2.288618090732503e-05 2.719285714285707e-01 -8.673617379884035e-19 5.714285714285712e-03 -2.288618090732503e-05 -2.500000000003506e-04 1.469518950969473e-13 -9.999999999999995e-03 4.905000000030048e-02 -5.714285714285712e-03 
9.460000000000001e+00 -2.695714285714244e-02 -2.288618090728829e-05 2.720714285714279e-01 -5.714285714285713e-03 -5.714285714285712e-03 -2.288618090728829e-05 -2.500000000003506e-04 -1.322553178084718e-13 9.999999999999995e-03 4.904999999972846e-02 5.714285714285712e-03 
9.465000000000000e+00 -2.697142857142815e-02 -2.288618090732136e-05 2.722142857142850e-01 -8.673617379884035e-19 5.714285714285712e-03 -2.288618090732136e-05 -2.500000000003541e-04 1.190297860276246e-13 -9.999999999999995e-03 4.905000000024153e-02 -5.714285714285712e-03 
9.470000000000001e+00 -2.698571428571387e-02 -2.288618090729161e-05 2.723571428571422e-01 -5.714285714285713e-03 -5.714285714285712e-03 -2.288618090729161e-05 -2.500000000003541e-04 -1.071295829824237e-13 9.999999999999995e-03 4.904999999978151e-02 5.714285714285712e-03 
9.475000000000000e+00 -2.699999999999958e-02 -2.288618090731839e-05 2.724999999999993e-01 -8.673617379884035e-19 5.714285714285712e-03 -2.288618090731839e-05 -2.500000000003541e-04 9.641593079479094e-14 -9.999999999999995e-03 4.905000000019379e-02 -5.714285714285712e-03 
9.480000000000000e+00 -2.701428571428529e-02 -2.288618090729429e-05 2.726428571428565e-01 -5.714285714285713e-03 -5.714285714285712e-03 -2.288618090729429e-05 -2.500000000003541e-04 -8.677780716226380e-14 9.999999999999995e-03 4.904999999982448e-02 5.714285714285712e-03 
9.484999999999999e+00 -2.702857142857100e-02 -2.288618090731599e-05 2.727857142857136e-01 -8.673617379884035e-19 5.714285714285712e-03 -2.288618090731599e-05 -2.500000000003576e-04 7.809725088847586e-14 -9.999999999999995e-03 4.905000000015512e-02 -5.714285714285712e-03 
9.490000000000000e+00 -2.704285714285672e-02 -2.288618090729644e-05 2.729285714285707e-01 -5.714285714285713e-03 -5.714285714285712e-03 -2.288618090729644e-05 -2.500000000003576e-04 -7.027711745877241e-14 9.999999999999995e-03 4.904999999985930e-02 5.714285714285712e-03 
9.495000000000001e+00 -2.705714285714244e-02 -2.288618090731402e-05 2.730714285714279e-01 -8.673617379884035e-19 5.714285714285712e-03 -2.288618090731402e-05 -2.500000000003576e-04 6.324801793411439e-14 -9.999999999999995e-03 4.905000000014120e-02 -5.714285714285712e-03 
9.500000000000000e+00 -2.707142857142815e-02 -2.288618090729820e-05 2.732142857142850e-01 -5.714285714285713e-03 -5.714285714285712e-03 -2.288618090729820e-05 -2.500000000003576e-04 -5.691974669375099e-14 9.999999999999995e-03 4.904999999987008e-02 5.714285714285712e-03 
9.505000000000001e+00 -2.708571428571386e-02 -2.288618090731242e-05 2.733571428571422e-01 -8.673617379884035e-19 5.714285714285712e-03 -2.288618090731242e-05 -2.500000000003576e-04 5.122985369254707e-14 -9.999999999999995e-03 4.905000000011582e-02 -5.714285714285712e-03 
9.510000000000000e+00 -2.709999999999957e-02 -2.288618090729962e-05 2.734999999999993e-01 -5.714285714285713e-03 -5.714285714285712e-03 -2.288618090729962e-05 -2.500000000003576e-04 -4.610894999146353e-14 9.999999999999995e-03 4.904999999989291e-02 5.714285714285712e-03 
9.515000000000001e+00 -2.711428571428529e-02 -2.288618090731116e-05 2.736428571428565e-01 -8.673617379884035e-19 5.714285714285712e-03 -2.288618090731116e-05 -2.500000000003576e-04 4.149458554536523e-14 -9.999999999999995e-03 4.905000000009527e-02 -5.714285714285712e-03 
9.520000000000000e+00 -2.712857142857100e-02 -2.288618090730078e-05 2.737857142857136e-01 -5.714285714285713e-03 -5.714285714285712e-03 -2.288618090730078e-05 -2.500000000003610e-04 -3.734512699082870e-14 9.999999999999995e-03 4.904999999991141e-02 5.714285714285712e-03 
9.525000000000000e+00 -2.714285714285672e-02 -2.288618090731012e-05 2.739285714285707e-01 -8.673617379884035e-19 5.714285714285712e-03 -2.288618090731012e-05 -2.500000000003610e-04 3.361200207052661e-14 -9.999999999999995e-03 4.905000000007863e-02 -5.714285714285712e-03 
9.529999999999999e+00 -2.715714285714243e-02 -2.288618090730172e-05 2.740714285714279e-01 -5.714285714285713e-03 -5.714285714285712e-03 -2.288618090730172e-05 -2.500000000003610e-04 -3.025357742103552e-14 9.999999999999995e-03 4.904999999992638e-02 5.714285714285712e-03 
9.535000000000000e+00 -2.717142857142814e-02 -2.288618090730928e-05 2.742142857142850e-01 -8.673617379884035e-19 5.714285714285712e-03 -2.288618090730928e-05 -2.500000000003610e-04 2.722821967893196e-14 -9.999999999999995e-03 4.905000000006515e-02 -5.714285714285712e-03 
9.540000000000001e+00 -2.718571428571386e-02 -2.288618090730250e-05 2.743571428571422e-01 -5.714285714285713e-03 -5.714285714285712e-03 -2.288618090730250e-05 -2.500000000003610e-04 -2.451511216250424e-14 9.999999999999995e-03 4.904999999995593e-02 5.714285714285712e-03 
9.545000000000000e+00 -2.719999999999957e-02 -2.288618090730862e-05 2.744999999999993e-01 -8.673617379884035e-19 5.714285714285712e-03 -2.288618090730862e-05 -2.500000000003645e-04 2.206568261442499e-14 -9.999999999999995e-03 4.905000000003683e-02 -5.714285714285712e-03 
9.550000000000001e+00 -2.721428571428528e-02 -2.288618090730311e-05 2.746428571428565e-01 -5.714285714285713e-03 -5.714285714285712e-03 -2.288618090730311e-05 -2.500000000003645e-04 -1.985911435298249e-14 9.999999999999995e-03 4.904999999996575e-02 5.714285714285712e-03 
9.555000000000000e+00 -2.722857142857099e-02 -2.288618090730807e-05 2.747857142857136e-01 -8.673617379884035e-19 5.714285714285712e-03 -2.288618090730807e-05 -2.500000000003645e-04 1.787459069646502e-14 -9.999999999999995e-03 4.905000000002798e-02 -5.714285714285712e-03 
9.560000000000000e+00 -2.724285714285671e-02 -2.288618090730359e-05 2.749285714285707e-01 -5.714285714285713e-03 -5.714285714285712e-03 -2.288618090730359e-05 -2.500000000003645e-04 -1.608435606925696e-14 9.999999999999995e-03 4.904999999997371e-02 5.714285714285712e-03 
9.565000000000000e+00 -2.725714285714242e-02 -2.288618090730762e-05 2.750714285714279e-01 -8.673617379884035e-19 5.714285714285712e-03 -2.288618090730762e-05 -2.500000000003645e-04 1.447453268355048e-14 -9.999999999999995e-03 4.905000000002081e-02 -5.714285714285712e-03 
9.570000000000000e+00 -2.727142857142814e-02 -2.288618090730399e-05 2.752142857142850e-01 -5.714285714285713e-03 -5.714285714285712e-03 -2.288618090730399e-05 -2.500000000003645e-04 -1.302430385763387e-14 9.999999999999995e-03 4.904999999998017e-02 5.714285714285712e-03 
9.575000000000001e+00 -2.728571428571385e-02 -2.288618090730725e-05 2.753571428571422e-01 -8.673617379884035e-19 5.714285714285712e-03 -2.288618090730725e-05 -2.500000000003645e-04 1.171979180369931e-14 -9.999999999999995e-03 4.905000000003241e-02 -5.714285714285712e-03 
9.580000000000000e+00 -2.729999999999956e-02 -2.288618090730430e-05 2.754999999999993e-01 -5.714285714285713e-03 -5.714285714285712e-03 -2.288618090730430e-05 -2.500000000003680e-04 -1.054017984003508e-14 9.999999999999995e-03 4.904999999996799e-02 5.714285714285712e-03 
9.585000000000001e+00 -2.731428571428528e-02 -2.288618090730694e-05 2.756428571428565e-01 -8.673617379884035e-19 5.714285714285712e-03 -2.288618090730694e-05 -2.500000000003680e-04 9.485467966641181e-15 -9.999999999999995e-03 4.905000000002770e-02 -5.714285714285712e-03 
9.590000000000000e+00 -2.732857142857099e-02 -2.288618090730457e-05 2.757857142857136e-01 -5.714285714285713e-03 -5.714285714285712e-03 -2.288618090730457e-05 -2.500000000003680e-04 -8.534839501805891e-15 9.999999999999995e-03 4.904999999997223e-02 5.714285714285712e-03 
9.595000000000001e+00 -2.734285714285671e-02 -2.288618090730670e-05 2.759285714285707e-01 -8.673617379884035e-19 5.714285714285712e-03 -2.288618090730670e-05 -2.500000000003680e-04 7.681355551625302e-15 -9.999999999999995e-03 4.905000000002389e-02 -5.714285714285712e-03 
9.600000000000000e+00 -2.735714285714242e-02 -2.288618090730478e-05 2.760714285714279e-01 -5.714285714285713e-03 -5.714285714285712e-03 -2.288618090730478e-05 -2.500000000003715e-04 -6.911138328291599e-15 9.999999999999995e-03 4.904999999997565e-02 5.714285714285712e-03 
9.605000000000000e+00 -2.737142857142813e-02 -2.288618090730651e-05 2.762142857142850e-01 -8.673617379884035e-19 5.714285714285712e-03 -2.288618090730651e-05 -2.500000000003715e-04 6.217248937900877e-15 -9.999999999999995e-03 4.905000000002080e-02 -5.714285714285712e-03 
9.609999999999999e+00 -2.738571428571384e-02 -2.288618090730495e-05 2.763571428571421e-01 -5.714285714285713e-03 -5.714285714285712e-03 -2.288618090730495e-05 -2.500000000003715e-04 -5.592748486549226e-15 9.999999999999995e-03 4.904999999997844e-02 5.714285714285712e-03 
9.615000000000000e+00 -2.739999999999956e-02 -2.288618090730635e-05 2.764999999999993e-01 -8.673617379884035e-19 5.714285714285712e-03 -2.288618090730635e-05 -2.500000000003715e-04 5.030698080332741e-15 -9.999999999999995e-03 4.905000000001829e-02 -5.714285714285712e-03 
9.620000000000001e+00 -2.741428571428528e-02 -2.288618090730509e-05 2.766428571428565e-01 -5.714285714285713e-03 -5.714285714285712e-03 -2.288618090730509e-05 -2.500000000003715e-04 -4.524158825347513e-15 9.999999999999995e-03 4.904999999999812e-02 5.714285714285712e-03 
9.625000000000000e+00 -2.742857142857099e-02 -2.288618090730620e-05 2.767857142857136e-01 -8.673617379884035e-19 5.714285714285712e-03 -2.288618090730620e-05 -2.500000000003715e-04 4.080069615497450e-15 -9.999999999999995e-03 4.904999999999885e-02 -5.714285714285712e-03 
9.630000000000001e+00 -2.744285714285670e-02 -2.288618090730518e-05 2.769285714285707e-01 -5.714285714285713e-03 -5.714285714285712e-03 -2.288618090730518e-05 -2.500000000003715e-04 -3.670674875166924e-15 9.999999999999995e-03 4.904999999999992e-02 5.714285714285712e-03 
9.635000000000000e+00 -2.745714285714241e-02 -2.288618090730609e-05 2.770714285714279e-01 -8.673617379884035e-19 5.714285714285712e-03 -2.288618090730609e-05 -2.500000000003749e-04 3.302913498259841e-15 -9.999999999999995e-03 4.904999999999722e-02 -5.714285714285712e-03 
9.640000000000001e+00 -2.747142857142813e-02 -2.288618090730524e-05 2.772142857142850e-01 -5.714285714285713e-03 -5.714285714285712e-03 -2.288618090730524e-05 -2.500000000003749e-04 -2.962907696968387e-15 9.999999999999995e-03 4.905000000000140e-02 5.714285714285712e-03 
9.645000000000000e+00 -2.748571428571384e-02 -2.288618090730599e-05 2.773571428571421e-01 -8.673617379884035e-19 5.714285714285712e-03 -2.288618090730599e-05 -2.500000000003749e-04 2.664535259100376e-15 -9.999999999999995e-03 4.904999999999587e-02 -5.714285714285712e-03 
9.650000000000000e+00 -2.749999999999956e-02 -2.288618090730533e-05 2.774999999999993e-01 -5.714285714285713e-03 -5.714285714285712e-03 -2.288618090730533e-05 -2.500000000003749e-04 -2.400857290751901e-15 9.999999999999995e-03 4.905000000000261e-02 5.714285714285712e-03 
9.654999999999999e+00 -2.751428571428527e-02 -2.288618090730593e-05 2.776428571428564e-01 -8.673617379884035e-19 5.714285714285712e-03 -2.288618090730593e-05 -2.500000000003784e-04 2.157996004115148e-15 -9.999999999999995e-03 4.904999999999481e-02 -5.714285714285712e-03 
9.660000000000000e+00 -2.752857142857098e-02 -2.288618090730540e-05 2.777857142857136e-01 -5.714285714285713e-03 -5.714285714285712e-03 -2.288618090730540e-05 -2.500000000003784e-04 -1.942890293094024e-15 9.999999999999995e-03 4.905000000000357e-02 5.714285714285712e-03 
9.665000000000001e+00 -2.754285714285670e-02 -2.288618090730588e-05 2.779285714285707e-01 -8.673617379884035e-19 5.714285714285712e-03 -2.288618090730588e-05 -2.500000000003784e-04 1.748601263784622e-15 -9.999999999999995e-03 4.905000000001136e-02 -5.714285714285712e-03 
9.670000000000000e+00 -2.755714285714241e-02 -2.288618090730545e-05 2.780714285714279e-01 -5.714285714285713e-03 -5.714285714285712e-03 -2.288618090730545e-05 -2.500000000003784e-04 -1.575128916186941e-15 9.999999999999995e-03 4.904999999998692e-02 5.714285714285712e-03 
9.675000000000001e+00 -2.757142857142813e-02 -2.288618090730585e-05 2.782142857142850e-01 -8.673617379884035e-19 5.714285714285712e-03 -2.288618090730585e-05 -2.500000000003784e-04 1.415534356397075e-15 -9.999999999999995e-03 4.905000000001066e-02 -5.714285714285712e-03 
9.680000000000000e+00 -2.758571428571384e-02 -2.288618090730550e-05 2.783571428571421e-01 -5.714285714285713e-03 -5.714285714285712e-03 -2.288618090730550e-05 -2.500000000003784e-04 -1.276756478318930e-15 9.999999999999995e-03 4.904999999998755e-02 5.714285714285712e-03 
9.685000000000000e+00 -2.759999999999955e-02 -2.288618090730581e-05 2.784999999999993e-01 -8.673617379884035e-19 5.714285714285712e-03 -2.288618090730581e-05 -2.500000000003784e-04 1.151856388048600e-15 -9.999999999999995e-03 4.905000000001010e-02 -5.714285714285712e-03 
9.690000000000000e+00 -2.761428571428526e-02 -2.288618090730552e-05 2.786428571428564e-01 -5.714285714285713e-03 -5.714285714285712e-03 -2.288618090730552e-05 -2.500000000003819e-04 -1.033895191682177e-15 9.999999999999995e-03 4.904999999998806e-02 5.714285714285712e-03 
9.695000000000000e+00 -2.762857142857098e-02 -2.288618090730578e-05 2.787857142857136e-01 -8.673617379884035e-19 5.714285714285712e-03 -2.288618090730578e-05 -2.500000000003819e-04 9.298117831235686e-16 -9.999999999999995e-03 4.905000000000963e-02 -5.714285714285712e-03 
9.700000000000001e+00 -2.764285714285670e-02 -2.288618090730555e-05 2.789285714285707e-01 -5.714285714285713e-03 -5.714285714285712e-03 -2.288618090730555e-05 -2.500000000003819e-04 -8.396061623727746e-16 9.999999999999995e-03 4.905000000000590e-02 5.714285714285712e-03 
9.705000000000000e+00 -2.765714285714240e-02 -2.288618090730576e-05 2.790714285714279e-01 -8.673617379884035e-19 5.714285714285712e-03 -2.288618090730576e-05 -2.500000000003819e-04 7.563394355258879e-16 -9.999999999999995e-03 4.904999999999184e-02 -5.714285714285712e-03 
9.710000000000001e+00 -2.767142857142812e-02 -2.288618090730557e-05 2.792142857142850e-01 -5.714285714285713e-03 -5.714285714285712e-03 -2.288618090730557e-05 -2.500000000003819e-04 -6.800116025829084e-16 9.999999999999995e-03 4.905000000000623e-02 5.714285714285712e-03 
9.715000000000000e+00 -2.768571428571383e-02 -2.288618090730574e-05 2.793571428571421e-01 -8.673617379884035e-19 5.714285714285712e-03 -2.288618090730574e-05 -2.500000000003853e-04 6.106226635438361e-16 -9.999999999999995e-03 4.904999999999154e-02 -5.714285714285712e-03 
9.720000000000001e+00 -2.769999999999955e-02 -2.288618090730559e-05 2.794999999999993e-01 -5.714285714285713e-03 -5.714285714285712e-03 -2.288618090730559e-05 -2.500000000003853e-04 -5.481726184086710e-16 9.999999999999995e-03 4.905000000000651e-02 5.714285714285712e-03 
9.725000000000000e+00 -2.771428571428526e-02 -2.288618090730572e-05 2.796428571428564e-01 -8.673617379884035e-19 5.714285714285712e-03 -2.288618090730572e-05 -2.500000000003853e-04 4.926614671774132e-16 -9.999999999999995e-03 4.904999999999129e-02 -5.714285714285712e-03 
9.730000000000000e+00 -2.772857142857097e-02 -2.288618090730560e-05 2.797857142857136e-01 -5.714285714285713e-03 -5.714285714285712e-03 -2.288618090730560e-05 -2.500000000003853e-04 -4.440892098500626e-16 9.999999999999995e-03 4.905000000000673e-02 5.714285714285712e-03 
9.734999999999999e+00 -2.774285714285668e-02 -2.288618090730571e-05 2.799285714285707e-01 -8.673617379884035e-19 5.714285714285712e-03 -2.288618090730571e-05 -2.500000000003853e-04 4.024558464266192e-16 -9.999999999999995e-03 4.904999999999109e-02 -5.714285714285712e-03 
9.740000000000000e+00 -2.775714285714240e-02 -2.288618090730560e-05 2.800714285714279e-01 -5.714285714285713e-03 -5.714285714285712e-03 -2.288618090730560e-05 -2.500000000003853e-04 -3.608224830031759e-16 9.999999999999995e-03 4.905000000000691e-02 5.714285714285712e-03 
9.745000000000001e+00 -2.777142857142812e-02 -2.288618090730569e-05 2.802142857142850e-01 -8.673617379884035e-19 5.714285714285712e-03 -2.288618090730569e-05 -2.500000000003853e-04 3.261280134836397e-16 -9.999999999999995e-03 4.905000000000836e-02 -5.714285714285712e-03 
9.750000000000000e+00 -2.778571428571383e-02 -2.288618090730559e-05 2.803571428571421e-01 -5.714285714285713e-03 -5.714285714285712e-03 -2.288618090730559e-05 -2.500000000003888e-04 -2.844946500601964e-16 9.999999999999995e-03 4.904999999998964e-02 5.714285714285712e-03 
9.755000000000001e+00 -2.779999999999954e-02 -2.288618090730565e-05 2.804999999999993e-01 -8.673617379884035e-19 5.714285714285712e-03 -2.288618090730565e-05 -2.500000000003888e-04 2.567390744445674e-16 -9.999999999999995e-03 4.905000000000821e-02 -5.714285714285712e-03 
9.760000000000000e+00 -2.781428571428525e-02 -2.288618090730559e-05 2.806428571428564e-01 -5.714285714285713e-03 -5.714285714285712e-03 -2.288618090730559e-05 -2.500000000003888e-04 -2.289834988289385e-16 9.999999999999995e-03 4.904999999998976e-02 5.714285714285712e-03 
9.765000000000001e+00 -2.782857142857097e-02 -2.288618090730564e-05 2.807857142857136e-01 -8.673617379884035e-19 5.714285714285712e-03 -2.288618090730564e-05 -2.500000000003888e-04 2.081668171172169e-16 -9.999999999999995e-03 4.905000000000811e-02 -5.714285714285712e-03 
9.770000000000000e+00 -2.784285714285668e-02 -2.288618090730557e-05 2.809285714285707e-01 -5.714285714285713e-03 -5.714285714285712e-03 -2.288618090730557e-05 -2.500000000003923e-04 -1.804112415015879e-16 9.999999999999995e-03 4.904999999998986e-02 5.714285714285712e-03 
9.775000000000000e+00 -2.785714285714240e-02 -2.288618090730562e-05 2.810714285714279e-01 -8.673617379884035e-19 5.714285714285712e-03 -2.288618090730562e-05 -2.500000000003923e-04 1.595945597898663e-16 -9.999999999999995e-03 4.905000000000801e-02 -5.714285714285712e-03 
9.779999999999999e+00 -2.787142857142811e-02 -2.288618090730559e-05 2.812142857142850e-01 -5.714285714285713e-03 -5.714285714285712e-03 -2.288618090730559e-05 -2.500000000003923e-04 -1.457167719820518e-16 9.999999999999995e-03 4.904999999998994e-02 5.714285714285712e-03 
9.785000000000000e+00 -2.788571428571382e-02 -2.288618090730560e-05 2.813571428571421e-01 -8.673617379884035e-19 5.714285714285712e-03 -2.288618090730560e-05 -2.500000000003923e-04 1.387778780781446e-16 -9.999999999999995e-03 4.905000000000796e-02 -5.714285714285712e-03 
9.790000000000001e+00 -2.789999999999954e-02 -2.288618090730557e-05 2.814999999999993e-01 -5.714285714285713e-03 -5.714285714285712e-03 -2.288618090730557e-05 -2.500000000003923e-04 -1.249000902703301e-16 9.999999999999995e-03 4.905000000000741e-02 5.714285714285712e-03 
9.795000000000000e+00 -2.791428571428525e-02 -2.288618090730560e-05 2.816428571428564e-01 -8.673617379884035e-19 5.714285714285712e-03 -2.288618090730560e-05 -2.500000000003923e-04 1.110223024625157e-16 -9.999999999999995e-03 4.904999999999048e-02 -5.714285714285712e-03 
9.800000000000001e+00 -2.792857142857097e-02 -2.288618090730557e-05 2.817857142857136e-01 -5.714285714285713e-03 -5.714285714285712e-03 -2.288618090730557e-05 -2.500000000003923e-04 -9.714451465470120e-17 9.999999999999995e-03 4.905000000000746e-02 5.714285714285712e-03 
9.805000000000000e+00 -2.794285714285668e-02 -2.288618090730559e-05 2.819285714285707e-01 -8.673617379884035e-19 5.714285714285712e-03 -2.288618090730559e-05 -2.500000000003957e-04 9.020562075079397e-17 -9.999999999999995e-03 4.904999999999043e-02 -5.714285714285712e-03 
9.810000000000000e+00 -2.795714285714239e-02 -2.288618090730557e-05 2.820714285714279e-01 -5.714285714285713e-03 -5.714285714285712e-03 -2.288618090730557e-05 -2.500000000003957e-04 -8.326672684688674e-17 9.999999999999995e-03 4.905000000000750e-02 5.714285714285712e-03 
9.815000000000000e+00 -2.797142857142810e-02 -2.288618090730557e-05 2.822142857142850e-01 -8.673617379884035e-19 5.714285714285712e-03 -2.288618090730557e-05 -2.500000000003957e-04 8.326672684688674e-17 -9.999999999999995e-03 4.904999999999041e-02 -5.714285714285712e-03 
9.820000000000000e+00 -2.798571428571382e-02 -2.288618090730555e-05 2.823571428571421e-01 -5.714285714285713e-03 -5.714285714285712e-03 -2.288618090730555e-05 -2.500000000003957e-04 -7.632783294297951e-17 9.999999999999995e-03 4.905000000000751e-02 5.714285714285712e-03 
9.825000000000001e+00 -2.799999999999954e-02 -2.288618090730557e-05 2.824999999999993e-01 -8.673617379884035e-19 5.714285714285712e-03 -2.288618090730557e-05 -2.500000000003957e-04 6.938893903907228e-17 -9.999999999999995e-03 4.905000000000782e-02 -5.714285714285712e-03 
9.830000000000000e+00 -2.801428571428525e-02 -2.288618090730555e-05 2.826428571428564e-01 -5.714285714285713e-03 -5.714285714285712e-03 -2.288618090730555e-05 -2.500000000003992e-04 -6.245004513516506e-17 9.999999999999995e-03 4.904999999999012e-02 5.714285714285712e-03 
9.835000000000001e+00 -2.802857142857096e-02 -2.288618090730557e-05 2.827857142857136e-01 -8.673617379884035e-19 5.714285714285712e-03 -2.288618090730557e-05 -2.500000000003992e-04 5.551115123125783e-17 -9.999999999999995e-03 4.905000000000779e-02 -5.714285714285712e-03 
9.840000000000000e+00 -2.804285714285667e-02 -2.288618090730555e-05 2.829285714285707e-01 -5.714285714285713e-03 -5.714285714285712e-03 -2.288618090730555e-05 -2.500000000003992e-04 -4.857225732735060e-17 9.999999999999995e-03 4.904999999999014e-02 5.714285714285712e-03 
9.845000000000001e+00 -2.805714285714239e-02 -2.288618090730557e-05 2.830714285714279e-01 -8.673617379884035e-19 5.714285714285712e-03 -2.288618090730557e-05 -2.500000000003992e-04 4.163336342344337e-17 -9.999999999999995e-03 4.905000000000776e-02 -5.714285714285712e-03 
9.850000000000000e+00 -2.807142857142810e-02 -2.288618090730555e-05 2.832142857142850e-01 -5.714285714285713e-03 -5.714285714285712e-03 -2.288618090730555e-05 -2.500000000003992e-04 -3.469446951953614e-17 9.999999999999995e-03 4.904999999999017e-02 5.714285714285712e-03 
9.855000000000000e+00 -2.808571428571381e-02 -2.288618090730557e-05 2.833571428571421e-01 -8.673617379884035e-19 5.714285714285712e-03 -2.288618090730557e-05 -2.500000000003992e-04 2.775557561562891e-17 -9.999999999999995e-03 4.905000000000773e-02 -5.714285714285712e-03 
9.859999999999999e+00 -2.809999999999952e-02 -2.288618090730557e-05 2.834999999999993e-01 -5.714285714285713e-03 -5.714285714285712e-03 -2.288618090730557e-05 -2.500000000004027e-04 -2.775557561562891e-17 9.999999999999995e-03 4.904999999999019e-02 5.714285714285712e-03 
9.865000000000000e+00 -2.811428571428524e-02 -2.288618090730555e-05 2.836428571428564e-01 -8.673617379884035e-19 5.714285714285712e-03 -2.288618090730555e-05 -2.500000000004027e-04 3.469446951953614e-17 -9.999999999999995e-03 4.905000000000773e-02 -5.714285714285712e-03 
9.870000000000001e+00 -2.812857142857096e-02 -2.288618090730553e-05 2.837857142857136e-01 -5.714285714285713e-03 -5.714285714285712e-03 -2.288618090730553e-05 -2.500000000004027e-04 -2.775557561562891e-17 9.999999999999995e-03 4.905000000000761e-02 5.714285714285712e-03 
9.875000000000000e+00 -2.814285714285667e-02 -2.288618090730553e-05 2.839285714285707e-01 -8.673617379884035e-19 5.714285714285712e-03 -2.288618090730553e-05 -2.500000000004027e-04 2.775557561562891e-17 -9.999999999999995e-03 4.904999999999030e-02 -5.714285714285712e-03 
9.880000000000001e+00 -2.815714285714238e-02 -2.288618090730552e-05 2.840714285714279e-01 -5.714285714285713e-03 -5.714285714285712e-03 -2.288618090730552e-05 -2.500000000004027e-04 -2.081668171172169e-17 9.999999999999995e-03 4.905000000000762e-02 5.714285714285712e-03 
9.885000000000000e+00 -2.817142857142809e-02 -2.288618090730552e-05 2.842142857142850e-01 -8.673617379884035e-19 5.714285714285712e-03 -2.288618090730552e-05 -2.500000000004061e-04 2.081668171172169e-17 -9.999999999999995e-03 4.904999999999029e-02 -5.714285714285712e-03 
9.890000000000001e+00 -2.818571428571381e-02 -2.288618090730552e-05 2.843571428571421e-01 -5.714285714285713e-03 -5.714285714285712e-03 -2.288618090730552e-05 -2.500000000004061e-04 -2.081668171172169e-17 9.999999999999995e-03 4.905000000000763e-02 5.714285714285712e-03 
9.895000000000000e+00 -2.819999999999952e-02 -2.288618090730552e-05 2.844999999999993e-01 -8.673617379884035e-19 5.714285714285712e-03 -2.288618090730552e-05 -2.500000000004061e-04 2.081668171172169e-17 -9.999999999999995e-03 4.904999999999029e-02 -5.714285714285712e-03 
9.900000000000000e+00 -2.821428571428524e-02 -2.288618090730552e-05 2.846428571428564e-01 -5.714285714285713e-03 -5.714285714285712e-03 -2.288618090730552e-05 -2.500000000004061e-04 -2.081668171172169e-17 9.999999999999995e-03 4.905000000000763e-02 5.714285714285712e-03 
9.904999999999999e+00 -2.822857142857095e-02 -2.288618090730552e-05 2.847857142857135e-01 -8.673617379884035e-19 5.714285714285712e-03 -2.288618090730552e-05 -2.500000000004061e-04 2.081668171172169e-17 -9.999999999999995e-03 4.904999999999029e-02 -5.714285714285712e-03 
9.910000000000000e+00 -2.824285714285666e-02 -2.288618090730552e-05 2.849285714285707e-01 -5.714285714285713e-03 -5.714285714285712e-03 -2.288618090730552e-05 -2.500000000004061e-04 -2.081668171172169e-17 9.999999999999995e-03 4.905000000000763e-02 5.714285714285712e-03 
9.915000000000001e+00 -2.825714285714238e-02 -2.288618090730552e-05 2.850714285714279e-01 -8.673617379884035e-19 5.714285714285712e-03 -2.288618090730552e-05 -2.500000000004061e-04 2.081668171172169e-17 -9.999999999999995e-03 4.905000000000771e-02 -5.714285714285712e-03 
9.920000000000000e+00 -2.827142857142809e-02 -2.288618090730552e-05 2.852142857142850e-01 -5.714285714285713e-03 -5.714285714285712e-03 -2.288618090730552e-05 -2.500000000004096e-04 -2.081668171172169e-17 9.999999999999995e-03 4.904999999999021e-02 5.714285714285712e-03 
9.925000000000001e+00 -2.828571428571381e-02 -2.288618090730552e-05 2.853571428571421e-01 -8.673617379884035e-19 5.714285714285712e-03 -2.288618090730552e-05 -2.500000000004096e-04 2.081668171172169e-17 -9.999999999999995e-03 4.905000000000771e-02 -5.714285714285712e-03 
9.930000000000000e+00 -2.829999999999952e-02 -2.288618090730552e-05 2.854999999999993e-01 -5.714285714285713e-03 -5.714285714285712e-03 -2.288618090730552e-05 -2.500000000004096e-04 -2.081668171172169e-17 9.999999999999995e-03 4.904999999999021e-02 5.714285714285712e-03 
9.935000000000000e+00 -2.831428571428523e-02 -2.288618090730552e-05 2.856428571428564e-01 -8.673617379884035e-19 5.714285714285712e-03 -2.288618090730552e-05 -2.500000000004096e-04 2.081668171172169e-17 -9.999999999999995e-03 4.905000000000771e-02 -5.714285714285712e-03 
9.940000000000000e+00 -2.832857142857094e-02 -2.288618090730552e-05 2.857857142857135e-01 -5.714285714285713e-03 -5.714285714285712e-03 -2.288618090730552e-05 -2.500000000004131e-04 -2.081668171172169e-17 9.999999999999995e-03 4.904999999999021e-02 5.714285714285712e-03 
9.945000000000000e+00 -2.834285714285666e-02 -2.288618090730552e-05 2.859285714285707e-01 -8.673617379884035e-19 5.714285714285712e-03 -2.288618090730552e-05 -2.500000000004131e-04 2.081668171172169e-17 -9.999999999999995e-03 4.905000000000771e-02 -5.714285714285712e-03 
9.950000000000001e+00 -2.835714285714238e-02 -2.288618090730552e-05 2.860714285714279e-01 -5.714285714285713e-03 -5.714285714285712e-03 -2.288618090730552e-05 -2.500000000004131e-04 -2.081668171172169e-17 9.999999999999995e-03 4.905000000000763e-02 5.714285714285712e-03 
9.955000000000000e+00 -2.837142857142809e-02 -2.288618090730552e-05 2.862142857142850e-01 -8.673617379884035e-19 5.714285714285712e-03 -2.288618090730552e-05 -2.500000000004131e-04 2.081668171172169e-17 -9.999999999999995e-03 4.904999999999029e-02 -5.714285714285712e-03 
9.960000000000001e+00 -2.838571428571380e-02 -2.288618090730552e-05 2.863571428571421e-01 -5.714285714285713e-03 -5.714285714285712e-03 -2.288618090730552e-05 -2.500000000004131e-04 -2.081668171172169e-17 9.999999999999995e-03 4.905000000000763e-02 5.714285714285712e-03 
9.965000000000000e+00 -2.839999999999951e-02 -2.288618090730552e-05 2.864999999999993e-01 -8.673617379884035e-19 5.714285714285712e-03 -2.288618090730552e-05 -2.500000000004131e-04 2.081668171172169e-17 -9.999999999999995e-03 4.904999999999029e-02 -5.714285714285712e-03 
9.970000000000001e+00 -2.841428571428523e-02 -2.288618090730552e-05 2.866428571428564e-01 -5.714285714285713e-03 -5.714285714285712e-03 -2.288618090730552e-05 -2.500000000004131e-04 -2.081668171172169e-17 9.999999999999995e-03 4.905000000000763e-02 5.714285714285712e-03 
9.975000000000000e+00 -2.842857142857094e-02 -2.288618090730552e-05 2.867857142857135e-01 -8.673617379884035e-19 5.714285714285712e-03 -2.288618090730552e-05 -2.500000000004166e-04 2.081668171172169e-17 -9.999999999999995e-03 4.904999999999029e-02 -5.714285714285712e-03 
9.980000000000000e+00 -2.844285714285666e-02 -2.288618090730552e-05 2.869285714285707e-01 -5.714285714285713e-03 -5.714285714285712e-03 -2.288618090730552e-05 -2.500000000004166e-04 -2.081668171172169e-17 9.999999999999995e-03 4.905000000000763e-02 5.714285714285712e-03 
9.984999999999999e+00 -2.845714285714237e-02 -2.288618090730552e-05 2.870714285714278e-01 -8.673617379884035e-19 5.714285714285712e-03 -2.288618090730552e-05 -2.500000000004166e-04 2.081668171172169e-17 -9.999999999999995e-03 4.904999999999029e-02 -5.714285714285712e-03 
9.990000000000000e+00 -2.847142857142808e-02 -2.288618090730552e-05 2.872142857142850e-01 -5.714285714285713e-03 -5.714285714285712e-03 -2.288618090730552e-05 -2.500000000004166e-04 -2.081668171172169e-17 9.999999999999995e-03 4.905000000000763e-02 5.714285714285712e-03 
9.995000000000001e+00 -2.848571428571380e-02 -2.288618090730552e-05 2.873571428571421e-01 -8.673617379884035e-19 5.714285714285712e-03 -2.288618090730552e-05 -2.500000000004166e-04 2.081668171172169e-17 -9.999999999999995e-03 4.905000000000771e-02 -5.714285714285712e-03 
1.000000000000000e+01 -2.849999999999951e-02 -2.288618090730552e-05 2.874999999999993e-01 -5.714285714285713e-03 -5.714285714285712e-03 -2.288618090730552e-05 -2.500000000004200e-04 -2.081668171172169e-17 9.999999999999995e-03 4.904999999999021e-02 5.714285714285712e-03 
